1,3,17,5,954,66,345,B,A,2/24/2024 22:53,2/24/2024 22:53
2,3,17,6,955,206,196,D,B,10/31/2023 7:32,10/31/2023 7:32
3,4,17,15,956,200,212,C,C,12/15/2023 19:39,12/15/2023 19:39
4,3,17,5,957,255,198,D,D,1/22/2024 19:10,1/22/2024 19:10
5,3,17,9,958,114,306,C,A,2/15/2024 5:34,2/15/2024 5:34
6,1,1,17,959,154,114,C,B,8/11/2023 6:13,8/11/2023 6:13
7,2,16,17,960,210,318,B,C,4/11/2024 14:28,4/11/2024 14:28
8,1,11,17,961,153,297,C,D,5/24/2024 0:38,5/24/2024 0:38
9,1,10,17,962,19,326,D,A,12/8/2023 14:03,12/8/2023 14:03
10,2,7,17,963,51,60,A,B,9/15/2023 5:36,9/15/2023 5:36
11,1,10,17,964,153,70,A,C,9/18/2023 19:13,9/18/2023 19:13
12,1,17,10,965,24,302,D,D,9/19/2023 19:13,9/19/2023 19:13
13,1,16,17,966,40,292,A,A,9/20/2023 19:13,9/20/2023 19:13
14,4,14,17,967,95,315,D,B,9/21/2023 19:13,9/21/2023 19:13
15,4,6,17,968,268,350,A,C,9/22/2023 19:13,9/22/2023 19:13
16,4,12,17,969,85,337,B,D,9/23/2023 19:13,9/23/2023 19:13
17,4,13,17,970,156,186,C,A,9/24/2023 19:13,9/24/2023 19:13
18,2,6,17,971,9,126,C,B,9/25/2023 19:13,9/25/2023 19:13
19,1,17,9,972,268,103,D,C,9/26/2023 19:13,9/26/2023 19:13
20,1,14,17,973,27,410,C,D,9/27/2023 19:13,9/27/2023 19:13
21,2,17,12,974,198,160,C,A,9/28/2023 19:13,9/28/2023 19:13
22,1,10,17,975,247,143,A,B,9/29/2023 19:13,9/29/2023 19:13
23,4,7,17,976,83,401,D,C,9/30/2023 19:13,9/30/2023 19:13
24,3,17,15,977,195,159,D,D,10/1/2023 19:13,10/1/2023 19:13
25,1,16,17,978,150,141,C,A,10/2/2023 19:13,10/2/2023 19:13
26,4,17,15,979,3,385,A,B,10/3/2023 19:13,10/3/2023 19:13
27,4,17,6,980,25,361,C,C,10/4/2023 19:13,10/4/2023 19:13
28,3,6,17,981,243,283,A,D,10/5/2023 19:13,10/5/2023 19:13
29,1,15,17,982,230,314,B,A,10/6/2023 19:13,10/6/2023 19:13
30,4,17,4,983,223,208,B,B,10/7/2023 19:13,10/7/2023 19:13
31,1,8,17,984,54,301,C,C,10/8/2023 19:13,10/8/2023 19:13
32,3,17,8,985,75,469,A,D,10/9/2023 19:13,10/9/2023 19:13
33,4,17,1,986,82,108,D,A,10/10/2023 19:13,10/10/2023 19:13
34,3,17,1,987,134,288,A,B,10/11/2023 19:13,10/11/2023 19:13
35,3,17,1,988,184,272,D,C,10/12/2023 19:13,10/12/2023 19:13
36,3,13,17,989,210,162,D,D,10/13/2023 19:13,10/13/2023 19:13
37,3,1,17,990,232,479,A,A,10/14/2023 19:13,10/14/2023 19:13
38,4,17,5,991,289,111,B,B,10/15/2023 19:13,10/15/2023 19:13
39,4,2,17,992,209,170,B,C,10/16/2023 19:13,10/16/2023 19:13
40,1,7,17,993,132,202,D,D,10/17/2023 19:13,10/17/2023 19:13
41,3,14,17,994,126,287,D,A,10/18/2023 19:13,10/18/2023 19:13
42,2,13,17,995,206,372,A,B,10/19/2023 19:13,10/19/2023 19:13
43,3,17,6,996,72,68,D,C,10/20/2023 19:13,10/20/2023 19:13
44,1,14,17,997,236,480,A,D,10/21/2023 19:13,10/21/2023 19:13
45,4,6,17,998,83,102,A,A,10/22/2023 19:13,10/22/2023 19:13
46,4,17,13,999,209,395,B,B,10/23/2023 19:13,10/23/2023 19:13
47,4,17,4,1000,238,129,D,C,10/24/2023 19:13,10/24/2023 19:13
48,2,17,4,1001,43,286,A,D,10/25/2023 19:13,10/25/2023 19:13
49,1,3,17,1002,122,458,C,A,10/26/2023 19:13,10/26/2023 19:13
50,1,2,17,1003,243,178,B,B,10/27/2023 19:13,10/27/2023 19:13
51,2,17,3,1004,126,221,B,C,10/28/2023 19:13,10/28/2023 19:13
52,3,17,5,1005,147,215,B,D,10/29/2023 19:13,10/29/2023 19:13
53,2,3,17,1006,129,160,A,A,10/30/2023 19:13,10/30/2023 19:13
54,4,9,17,1007,113,137,B,B,10/31/2023 19:13,10/31/2023 19:13
55,3,17,1,1008,174,256,B,C,11/1/2023 19:13,11/1/2023 19:13
56,4,8,17,1009,249,204,D,D,11/2/2023 19:13,11/2/2023 19:13
57,2,17,9,1010,87,101,D,A,11/3/2023 19:13,11/3/2023 19:13
58,1,17,14,1011,18,158,A,B,11/4/2023 19:13,11/4/2023 19:13
59,2,17,1,1012,216,477,C,C,11/5/2023 19:13,11/5/2023 19:13
60,4,17,3,1013,92,84,B,D,11/6/2023 19:13,11/6/2023 19:13
61,3,16,17,1014,13,91,C,A,11/7/2023 19:13,11/7/2023 19:13
62,2,14,17,1015,211,364,B,B,11/8/2023 19:13,11/8/2023 19:13
63,3,17,9,1016,169,291,C,C,11/9/2023 19:13,11/9/2023 19:13
64,3,17,5,1017,230,339,A,D,11/10/2023 19:13,11/10/2023 19:13
65,3,12,17,1018,32,225,D,A,11/11/2023 19:13,11/11/2023 19:13
66,2,5,17,1019,278,147,C,B,11/12/2023 19:13,11/12/2023 19:13
67,3,17,12,1020,20,421,D,C,11/13/2023 19:13,11/13/2023 19:13
68,2,2,17,1021,81,250,A,D,11/14/2023 19:13,11/14/2023 19:13
69,2,6,17,1022,287,257,A,A,11/15/2023 19:13,11/15/2023 19:13
70,2,2,17,1023,111,364,C,B,11/16/2023 19:13,11/16/2023 19:13
71,3,17,14,1024,300,287,A,C,11/17/2023 19:13,11/17/2023 19:13
72,2,17,1,1025,288,150,C,D,11/18/2023 19:13,11/18/2023 19:13
73,1,11,17,1026,229,408,B,A,11/19/2023 19:13,11/19/2023 19:13
74,2,17,3,1027,55,173,A,B,11/20/2023 19:13,11/20/2023 19:13
75,2,4,17,1028,95,479,A,C,11/21/2023 19:13,11/21/2023 19:13
76,2,17,15,1029,284,302,D,D,11/22/2023 19:13,11/22/2023 19:13
77,2,17,5,1030,101,216,C,A,11/23/2023 19:13,11/23/2023 19:13
78,3,17,16,1031,40,444,D,B,11/24/2023 19:13,11/24/2023 19:13
79,2,17,9,1032,106,403,B,C,11/25/2023 19:13,11/25/2023 19:13
80,2,17,9,1033,151,393,B,D,11/26/2023 19:13,11/26/2023 19:13
81,1,17,11,1034,111,289,C,A,11/27/2023 19:13,11/27/2023 19:13
82,4,5,17,1035,266,242,C,B,11/28/2023 19:13,11/28/2023 19:13
83,1,13,17,1036,157,414,A,C,11/29/2023 19:13,11/29/2023 19:13
84,2,17,2,1037,210,317,C,D,11/30/2023 19:13,11/30/2023 19:13
85,1,10,17,1038,221,86,D,A,12/1/2023 19:13,12/1/2023 19:13
86,4,16,17,1039,2,72,D,B,12/2/2023 19:13,12/2/2023 19:13
87,3,12,17,1040,32,357,A,C,12/3/2023 19:13,12/3/2023 19:13
88,3,17,10,1041,5,129,A,D,12/4/2023 19:13,12/4/2023 19:13
89,1,17,16,1042,30,455,B,A,12/5/2023 19:13,12/5/2023 19:13
90,1,17,4,1043,70,424,D,B,12/6/2023 19:13,12/6/2023 19:13
91,4,3,17,1044,109,57,D,C,12/7/2023 19:13,12/7/2023 19:13
92,1,17,10,1045,133,343,C,D,12/8/2023 19:13,12/8/2023 19:13
93,3,17,15,1046,266,369,C,A,12/9/2023 19:13,12/9/2023 19:13
94,3,17,5,1047,75,325,B,B,12/10/2023 19:13,12/10/2023 19:13
95,2,15,17,1048,202,304,B,C,12/11/2023 19:13,12/11/2023 19:13
96,2,17,3,1049,135,73,C,D,12/12/2023 19:13,12/12/2023 19:13
97,2,14,17,1050,148,341,A,A,12/13/2023 19:13,12/13/2023 19:13
98,4,17,1,1051,272,127,A,B,12/14/2023 19:13,12/14/2023 19:13
99,3,17,7,1052,37,233,B,C,12/15/2023 19:13,12/15/2023 19:13
100,2,2,17,1053,291,472,B,D,12/16/2023 19:13,12/16/2023 19:13
101,1,15,17,1054,150,139,D,A,12/17/2023 19:13,12/17/2023 19:13
102,3,10,17,1055,205,66,A,B,12/18/2023 19:13,12/18/2023 19:13
103,3,8,17,1056,232,389,B,C,12/19/2023 19:13,12/19/2023 19:13
104,4,17,15,1057,137,193,C,D,12/20/2023 19:13,12/20/2023 19:13
105,4,17,11,1058,48,242,D,A,12/21/2023 19:13,12/21/2023 19:13
106,3,14,17,1059,192,270,A,B,12/22/2023 19:13,12/22/2023 19:13
107,2,14,17,1060,194,473,C,C,12/23/2023 19:13,12/23/2023 19:13
108,3,13,17,1061,20,430,C,D,12/24/2023 19:13,12/24/2023 19:13
109,1,17,3,1062,7,343,C,A,12/25/2023 19:13,12/25/2023 19:13
110,4,17,7,1063,137,56,A,B,12/26/2023 19:13,12/26/2023 19:13
111,2,3,17,1064,146,479,A,C,12/27/2023 19:13,12/27/2023 19:13
112,4,17,13,1065,100,138,C,D,12/28/2023 19:13,12/28/2023 19:13
113,1,17,1,1066,267,107,A,A,12/29/2023 19:13,12/29/2023 19:13
114,1,2,17,1067,256,315,B,B,12/30/2023 19:13,12/30/2023 19:13
115,2,17,16,1068,147,343,A,C,12/31/2023 19:13,12/31/2023 19:13
116,3,7,17,1069,294,382,B,D,1/1/2024 19:13,1/1/2024 19:13
117,4,17,12,1070,58,247,C,A,1/2/2024 19:13,1/2/2024 19:13
118,3,17,2,1071,209,384,A,B,1/3/2024 19:13,1/3/2024 19:13
119,4,17,14,1072,152,389,B,C,1/4/2024 19:13,1/4/2024 19:13
120,3,17,1,1073,194,342,B,D,1/5/2024 19:13,1/5/2024 19:13
121,1,17,5,1074,152,115,B,A,1/6/2024 19:13,1/6/2024 19:13
122,3,17,2,1075,142,164,D,B,1/7/2024 19:13,1/7/2024 19:13
123,2,5,17,1076,48,220,C,C,1/8/2024 19:13,1/8/2024 19:13
124,3,17,6,1077,235,78,B,D,1/9/2024 19:13,1/9/2024 19:13
125,3,8,17,1078,171,96,D,A,1/10/2024 19:13,1/10/2024 19:13
126,3,1,17,1079,232,170,A,B,1/11/2024 19:13,1/11/2024 19:13
127,4,17,13,1080,211,314,B,C,1/12/2024 19:13,1/12/2024 19:13
128,2,17,5,1081,235,345,B,D,1/13/2024 19:13,1/13/2024 19:13
129,3,16,17,1082,236,301,C,A,1/14/2024 19:13,1/14/2024 19:13
130,2,9,17,1083,289,446,A,B,1/15/2024 19:13,1/15/2024 19:13
131,3,17,2,1084,235,103,A,C,1/16/2024 19:13,1/16/2024 19:13
132,3,4,17,1085,276,79,C,D,1/17/2024 19:13,1/17/2024 19:13
133,3,17,7,1086,14,128,C,A,1/18/2024 19:13,1/18/2024 19:13
134,1,17,3,1087,209,108,C,B,1/19/2024 19:13,1/19/2024 19:13
135,1,4,17,1088,242,483,D,C,1/20/2024 19:13,1/20/2024 19:13
136,4,17,11,1089,203,111,B,D,1/21/2024 19:13,1/21/2024 19:13
137,4,17,3,1090,290,355,D,A,1/22/2024 19:13,1/22/2024 19:13
138,1,17,7,1091,118,481,D,B,1/23/2024 19:13,1/23/2024 19:13
139,2,17,12,1092,227,441,A,C,1/24/2024 19:13,1/24/2024 19:13
140,1,8,17,1093,71,431,A,D,1/25/2024 19:13,1/25/2024 19:13
141,3,7,17,1094,235,400,A,A,1/26/2024 19:13,1/26/2024 19:13
142,3,13,17,1095,8,287,D,B,1/27/2024 19:13,1/27/2024 19:13
143,4,1,17,1096,61,189,A,C,1/28/2024 19:13,1/28/2024 19:13
144,2,10,17,1097,58,416,C,D,1/29/2024 19:13,1/29/2024 19:13
145,3,17,16,1098,8,314,A,A,1/30/2024 19:13,1/30/2024 19:13
146,3,17,11,1099,176,116,A,B,1/31/2024 19:13,1/31/2024 19:13
147,1,15,17,1100,196,450,A,C,2/1/2024 19:13,2/1/2024 19:13
148,1,17,5,1101,185,468,D,D,2/2/2024 19:13,2/2/2024 19:13
149,3,17,5,1102,125,146,C,A,2/3/2024 19:13,2/3/2024 19:13
150,1,5,17,1103,167,315,C,B,2/4/2024 19:13,2/4/2024 19:13
151,4,9,17,1104,6,99,A,C,2/5/2024 19:13,2/5/2024 19:13
152,1,5,17,1105,101,68,A,D,2/6/2024 19:13,2/6/2024 19:13
153,4,17,5,1106,153,145,C,A,2/7/2024 19:13,2/7/2024 19:13
154,3,17,7,1107,149,99,A,B,2/8/2024 19:13,2/8/2024 19:13
155,1,17,13,1108,25,365,B,C,2/9/2024 19:13,2/9/2024 19:13
156,2,17,9,1109,179,307,D,D,2/10/2024 19:13,2/10/2024 19:13
157,2,2,17,1110,119,162,B,A,2/11/2024 19:13,2/11/2024 19:13
158,4,7,17,1111,162,255,C,B,2/12/2024 19:13,2/12/2024 19:13
159,1,8,17,1112,295,57,D,C,2/13/2024 19:13,2/13/2024 19:13
160,4,17,6,1113,61,157,D,D,2/14/2024 19:13,2/14/2024 19:13
161,3,8,17,1114,58,370,B,A,2/15/2024 19:13,2/15/2024 19:13
162,1,17,4,1115,132,484,B,B,2/16/2024 19:13,2/16/2024 19:13
163,1,17,7,1116,275,100,A,C,2/17/2024 19:13,2/17/2024 19:13
164,4,17,12,1117,53,314,D,D,2/18/2024 19:13,2/18/2024 19:13
165,4,17,7,1118,175,472,B,A,2/19/2024 19:13,2/19/2024 19:13
166,1,5,17,1119,116,222,C,B,2/20/2024 19:13,2/20/2024 19:13
167,4,17,10,1120,98,235,C,C,2/21/2024 19:13,2/21/2024 19:13
168,1,17,16,1121,73,181,D,D,2/22/2024 19:13,2/22/2024 19:13
169,2,13,17,1122,266,242,A,A,2/23/2024 19:13,2/23/2024 19:13
170,3,3,17,1123,157,381,A,B,2/24/2024 19:13,2/24/2024 19:13
171,1,17,12,1124,11,234,A,C,2/25/2024 19:13,2/25/2024 19:13
172,4,14,17,1125,248,52,B,D,2/26/2024 19:13,2/26/2024 19:13
173,1,17,11,1126,238,383,C,A,2/27/2024 19:13,2/27/2024 19:13
174,2,17,15,1127,79,99,C,B,2/28/2024 19:13,2/28/2024 19:13
175,1,4,17,1128,78,159,B,C,2/29/2024 19:13,2/29/2024 19:13
176,3,17,3,1129,281,395,C,D,3/1/2024 19:13,3/1/2024 19:13
177,2,17,16,1130,116,91,D,A,3/2/2024 19:13,3/2/2024 19:13
178,2,17,16,1131,130,252,D,B,3/3/2024 19:13,3/3/2024 19:13
179,4,17,3,1132,140,97,D,C,3/4/2024 19:13,3/4/2024 19:13
180,1,1,17,1133,221,500,D,D,3/5/2024 19:13,3/5/2024 19:13
181,3,2,17,1134,80,252,C,A,3/6/2024 19:13,3/6/2024 19:13
182,3,17,13,1135,45,315,B,B,3/7/2024 19:13,3/7/2024 19:13
183,4,4,17,1136,100,450,A,C,3/8/2024 19:13,3/8/2024 19:13
184,1,12,17,1137,289,489,B,D,3/9/2024 19:13,3/9/2024 19:13
185,3,1,17,1138,135,433,B,A,3/10/2024 19:13,3/10/2024 19:13
186,3,9,17,1139,266,81,A,B,3/11/2024 19:13,3/11/2024 19:13
187,4,17,8,1140,114,142,C,C,3/12/2024 19:13,3/12/2024 19:13
188,1,1,17,1141,192,390,C,D,3/13/2024 19:13,3/13/2024 19:13
189,2,6,17,1142,56,274,A,A,3/14/2024 19:13,3/14/2024 19:13
190,2,17,15,1143,261,477,C,B,3/15/2024 19:13,3/15/2024 19:13
191,2,17,15,1144,235,188,A,C,3/16/2024 19:13,3/16/2024 19:13
192,4,17,7,1145,119,421,B,D,3/17/2024 19:13,3/17/2024 19:13
193,4,2,17,1146,78,323,A,A,3/18/2024 19:13,3/18/2024 19:13
194,2,17,2,1147,233,90,A,B,3/19/2024 19:13,3/19/2024 19:13
195,3,11,17,1148,39,442,B,C,3/20/2024 19:13,3/20/2024 19:13
196,3,17,3,1149,162,490,A,D,3/21/2024 19:13,3/21/2024 19:13
197,2,14,17,1150,277,417,D,A,3/22/2024 19:13,3/22/2024 19:13
198,4,17,4,1151,54,169,A,B,3/23/2024 19:13,3/23/2024 19:13
199,3,17,11,1152,120,193,A,C,3/24/2024 19:13,3/24/2024 19:13
200,1,17,4,1153,296,364,C,D,3/25/2024 19:13,3/25/2024 19:13
201,3,1,17,1154,52,197,A,A,3/26/2024 19:13,3/26/2024 19:13
202,1,17,10,1155,294,317,D,B,3/27/2024 19:13,3/27/2024 19:13
203,3,9,17,1156,289,187,A,C,3/28/2024 19:13,3/28/2024 19:13
204,1,17,12,1157,183,235,A,D,3/29/2024 19:13,3/29/2024 19:13
205,1,2,17,1158,208,194,B,A,3/30/2024 19:13,3/30/2024 19:13
206,1,8,17,1159,117,120,B,B,3/31/2024 19:13,3/31/2024 19:13
207,4,1,17,1160,91,166,B,C,4/1/2024 19:13,4/1/2024 19:13
208,3,17,4,1161,278,339,C,D,4/2/2024 19:13,4/2/2024 19:13
209,4,17,1,1162,291,448,D,A,4/3/2024 19:13,4/3/2024 19:13
210,1,11,17,1163,171,208,C,B,4/4/2024 19:13,4/4/2024 19:13
211,1,8,17,1164,168,64,C,C,4/5/2024 19:13,4/5/2024 19:13
212,4,17,8,1165,238,446,B,D,4/6/2024 19:13,4/6/2024 19:13
213,3,3,17,1166,259,180,B,A,4/7/2024 19:13,4/7/2024 19:13
214,1,17,16,1167,182,273,B,B,4/8/2024 19:13,4/8/2024 19:13
215,3,17,1,1168,35,382,C,C,4/9/2024 19:13,4/9/2024 19:13
216,4,12,17,1169,46,469,C,D,4/10/2024 19:13,4/10/2024 19:13
217,2,7,17,1170,135,146,C,A,4/11/2024 19:13,4/11/2024 19:13
218,2,10,17,1171,160,159,D,B,4/12/2024 19:13,4/12/2024 19:13
219,1,12,17,1172,173,131,A,C,4/13/2024 19:13,4/13/2024 19:13
220,4,17,4,1173,157,445,C,D,4/14/2024 19:13,4/14/2024 19:13
221,2,12,17,1174,203,236,C,A,4/15/2024 19:13,4/15/2024 19:13
222,1,1,17,1175,190,70,B,B,4/16/2024 19:13,4/16/2024 19:13
223,3,16,17,1176,202,220,C,C,4/17/2024 19:13,4/17/2024 19:13
224,2,2,17,1177,84,299,C,D,4/18/2024 19:13,4/18/2024 19:13
225,4,17,5,1178,96,95,C,A,4/19/2024 19:13,4/19/2024 19:13
226,4,11,17,1179,249,244,D,B,4/20/2024 19:13,4/20/2024 19:13
227,3,15,17,1180,264,75,A,C,4/21/2024 19:13,4/21/2024 19:13
228,2,17,16,1181,241,302,C,D,4/22/2024 19:13,4/22/2024 19:13
229,3,17,8,1182,22,187,A,A,4/23/2024 19:13,4/23/2024 19:13
230,1,17,12,1183,195,449,D,B,4/24/2024 19:13,4/24/2024 19:13
231,3,7,17,1184,268,455,D,C,4/25/2024 19:13,4/25/2024 19:13
232,1,17,7,1185,71,145,D,D,4/26/2024 19:13,4/26/2024 19:13
233,2,13,17,1186,127,50,C,A,4/27/2024 19:13,4/27/2024 19:13
234,1,4,17,1187,194,88,C,B,4/28/2024 19:13,4/28/2024 19:13
235,1,8,17,1188,47,407,B,C,4/29/2024 19:13,4/29/2024 19:13
236,1,17,17,1189,264,85,A,D,4/30/2024 19:13,4/30/2024 19:13
237,4,17,6,1190,42,319,B,A,5/1/2024 19:13,5/1/2024 19:13
238,2,17,5,1191,220,443,B,B,5/2/2024 19:13,5/2/2024 19:13
239,2,17,6,1192,281,105,D,C,5/3/2024 19:13,5/3/2024 19:13
240,2,15,17,1193,43,479,B,D,5/4/2024 19:13,5/4/2024 19:13
241,2,17,5,1194,287,207,C,A,5/5/2024 19:13,5/5/2024 19:13
242,3,14,17,1195,248,265,A,B,5/6/2024 19:13,5/6/2024 19:13
243,4,17,6,1196,115,480,B,C,5/7/2024 19:13,5/7/2024 19:13
244,3,6,17,1197,74,488,C,D,5/8/2024 19:13,5/8/2024 19:13
245,4,7,17,1198,152,235,A,A,5/9/2024 19:13,5/9/2024 19:13
246,4,17,16,1199,223,233,D,B,5/10/2024 19:13,5/10/2024 19:13
247,2,1,17,1200,79,163,C,C,5/11/2024 19:13,5/11/2024 19:13
248,4,17,5,1201,7,157,B,D,5/12/2024 19:13,5/12/2024 19:13
249,4,12,17,1202,32,74,D,A,5/13/2024 19:13,5/13/2024 19:13
250,4,9,17,1203,218,489,A,B,5/14/2024 19:13,5/14/2024 19:13
251,4,17,13,1204,18,108,A,C,5/15/2024 19:13,5/15/2024 19:13
252,4,13,17,1205,40,295,B,D,5/16/2024 19:13,5/16/2024 19:13
253,3,16,17,1206,224,423,D,A,5/17/2024 19:13,5/17/2024 19:13
254,1,17,15,1207,229,99,B,B,5/18/2024 19:13,5/18/2024 19:13
255,2,17,9,1208,101,376,A,C,5/19/2024 19:13,5/19/2024 19:13
256,3,3,17,1209,113,247,B,D,5/20/2024 19:13,5/20/2024 19:13
257,2,17,6,1210,90,169,C,A,5/21/2024 19:13,5/21/2024 19:13
258,2,8,17,1211,179,475,B,B,5/22/2024 19:13,5/22/2024 19:13
259,3,14,17,1212,32,61,D,C,5/23/2024 19:13,5/23/2024 19:13
260,4,9,17,1213,46,266,A,D,5/24/2024 19:13,5/24/2024 19:13
261,4,11,17,1214,113,455,C,A,5/25/2024 19:13,5/25/2024 19:13
262,4,16,17,1215,107,264,A,B,5/26/2024 19:13,5/26/2024 19:13
263,4,3,17,1216,214,462,A,C,5/27/2024 19:13,5/27/2024 19:13
264,3,10,17,1217,236,157,B,D,5/28/2024 19:13,5/28/2024 19:13
265,2,6,17,1218,176,100,C,A,5/29/2024 19:13,5/29/2024 19:13
266,1,12,17,1219,132,215,D,B,5/30/2024 19:13,5/30/2024 19:13
267,4,1,17,1220,161,164,D,C,5/31/2024 19:13,5/31/2024 19:13
268,4,6,17,1221,76,413,A,D,6/1/2024 19:13,6/1/2024 19:13
269,2,17,10,1222,252,276,B,A,6/2/2024 19:13,6/2/2024 19:13
270,3,17,12,1223,62,489,A,B,6/3/2024 19:13,6/3/2024 19:13
271,3,17,12,1224,49,96,D,C,6/4/2024 19:13,6/4/2024 19:13
272,4,7,17,1225,158,140,D,D,6/5/2024 19:13,6/5/2024 19:13
273,3,17,10,1226,272,450,A,A,6/6/2024 19:13,6/6/2024 19:13
274,4,17,14,1227,255,485,B,B,6/7/2024 19:13,6/7/2024 19:13
275,2,17,3,1228,19,414,D,C,6/8/2024 19:13,6/8/2024 19:13
276,1,2,17,1229,143,112,A,D,6/9/2024 19:13,6/9/2024 19:13
277,3,11,17,1230,125,135,C,A,6/10/2024 19:13,6/10/2024 19:13
278,4,17,15,1231,159,245,D,B,6/11/2024 19:13,6/11/2024 19:13
279,4,7,17,1232,204,222,B,C,6/12/2024 19:13,6/12/2024 19:13
280,3,6,17,1233,270,243,B,D,6/13/2024 19:13,6/13/2024 19:13
281,1,17,1,1234,80,61,B,A,6/14/2024 19:13,6/14/2024 19:13
282,3,14,17,1235,221,246,C,B,6/15/2024 19:13,6/15/2024 19:13
283,3,17,7,1236,89,77,C,C,6/16/2024 19:13,6/16/2024 19:13
284,1,17,4,1237,249,479,C,D,6/17/2024 19:13,6/17/2024 19:13
285,2,17,11,1238,217,230,A,A,6/18/2024 19:13,6/18/2024 19:13
286,4,17,11,1239,99,346,B,B,6/19/2024 19:13,6/19/2024 19:13
287,4,10,17,1240,72,332,D,C,6/20/2024 19:13,6/20/2024 19:13
288,1,17,11,1241,157,141,D,D,6/21/2024 19:13,6/21/2024 19:13
289,1,17,1,1242,201,243,D,A,6/22/2024 19:13,6/22/2024 19:13
290,2,13,17,1243,64,415,D,B,6/23/2024 19:13,6/23/2024 19:13
291,4,17,5,1244,22,200,A,C,6/24/2024 19:13,6/24/2024 19:13
292,2,17,7,1245,261,406,D,D,6/25/2024 19:13,6/25/2024 19:13
293,1,11,17,1246,96,224,C,A,6/26/2024 19:13,6/26/2024 19:13
294,1,17,2,1247,199,98,B,B,6/27/2024 19:13,6/27/2024 19:13
295,3,10,17,1248,185,388,C,C,6/28/2024 19:13,6/28/2024 19:13
296,1,17,15,1249,45,244,B,D,6/29/2024 19:13,6/29/2024 19:13
297,3,17,1,1250,184,318,C,A,6/30/2024 19:13,6/30/2024 19:13
298,4,1,17,1251,250,55,C,B,7/1/2024 19:13,7/1/2024 19:13
299,3,17,6,1252,225,168,B,C,7/2/2024 19:13,7/2/2024 19:13
300,1,15,17,1253,52,487,D,D,7/3/2024 19:13,7/3/2024 19:13
301,3,6,17,1254,47,465,A,A,7/4/2024 19:13,7/4/2024 19:13
302,3,1,17,1255,108,415,B,B,7/5/2024 19:13,7/5/2024 19:13
303,1,17,5,1256,148,143,A,C,7/6/2024 19:13,7/6/2024 19:13
304,4,17,1,1257,122,251,B,D,7/7/2024 19:13,7/7/2024 19:13
305,3,10,17,1258,173,452,A,A,7/8/2024 19:13,7/8/2024 19:13
306,2,7,17,1259,159,191,C,B,7/9/2024 19:13,7/9/2024 19:13
307,2,13,17,1260,118,114,B,C,7/10/2024 19:13,7/10/2024 19:13
308,1,17,4,1261,237,136,D,D,7/11/2024 19:13,7/11/2024 19:13
309,2,12,17,1262,115,366,D,A,7/12/2024 19:13,7/12/2024 19:13
310,2,14,17,1263,120,267,C,B,7/13/2024 19:13,7/13/2024 19:13
311,3,17,11,1264,299,186,D,C,7/14/2024 19:13,7/14/2024 19:13
312,3,17,11,1265,111,347,D,D,7/15/2024 19:13,7/15/2024 19:13
313,4,17,14,1266,294,378,C,A,7/16/2024 19:13,7/16/2024 19:13
314,2,10,17,1267,219,391,B,B,7/17/2024 19:13,7/17/2024 19:13
315,1,15,17,1268,115,284,C,C,7/18/2024 19:13,7/18/2024 19:13
316,1,5,17,1269,116,136,D,D,7/19/2024 19:13,7/19/2024 19:13
317,1,17,9,1270,230,58,B,A,7/20/2024 19:13,7/20/2024 19:13
318,2,17,9,1271,96,212,D,B,7/21/2024 19:13,7/21/2024 19:13
319,4,17,13,1272,280,354,B,C,7/22/2024 19:13,7/22/2024 19:13
320,2,17,4,1273,239,257,B,D,7/23/2024 19:13,7/23/2024 19:13
321,2,17,3,1274,144,391,D,A,7/24/2024 19:13,7/24/2024 19:13
322,4,17,8,1275,221,152,A,B,7/25/2024 19:13,7/25/2024 19:13
323,2,17,15,1276,128,413,A,C,7/26/2024 19:13,7/26/2024 19:13
324,4,13,17,1277,153,90,B,D,7/27/2024 19:13,7/27/2024 19:13
325,1,6,17,1278,49,219,D,A,7/28/2024 19:13,7/28/2024 19:13
326,1,17,12,1279,29,326,D,B,7/29/2024 19:13,7/29/2024 19:13
327,2,17,16,1280,75,246,C,C,7/30/2024 19:13,7/30/2024 19:13
328,2,12,17,1281,88,119,D,D,7/31/2024 19:13,7/31/2024 19:13
329,1,15,17,1282,89,143,B,A,8/1/2024 19:13,8/1/2024 19:13
330,1,11,17,1283,47,297,A,B,8/2/2024 19:13,8/2/2024 19:13
331,4,17,14,1284,8,297,A,C,8/3/2024 19:13,8/3/2024 19:13
332,4,17,10,1285,7,282,B,D,8/4/2024 19:13,8/4/2024 19:13
333,1,16,17,1286,158,282,C,A,8/5/2024 19:13,8/5/2024 19:13
334,3,17,10,1287,57,394,A,B,8/6/2024 19:13,8/6/2024 19:13
335,3,17,16,1288,138,395,D,C,8/7/2024 19:13,8/7/2024 19:13
336,2,17,9,1289,63,381,B,D,8/8/2024 19:13,8/8/2024 19:13
337,1,17,1,1290,78,79,D,A,8/9/2024 19:13,8/9/2024 19:13
338,3,9,17,1291,27,158,C,B,8/10/2024 19:13,8/10/2024 19:13
339,3,14,17,1292,10,368,D,C,8/11/2024 19:13,8/11/2024 19:13
340,2,5,17,1293,79,328,C,D,8/12/2024 19:13,8/12/2024 19:13
341,4,10,17,1294,270,300,B,A,8/13/2024 19:13,8/13/2024 19:13
342,4,17,2,1295,82,174,C,B,8/14/2024 19:13,8/14/2024 19:13
343,2,16,17,1296,250,83,B,C,8/15/2024 19:13,8/15/2024 19:13
344,3,17,16,1297,49,92,C,D,8/16/2024 19:13,8/16/2024 19:13
345,4,15,17,1298,234,178,B,A,8/17/2024 19:13,8/17/2024 19:13
346,1,1,17,1299,100,199,A,B,8/18/2024 19:13,8/18/2024 19:13
347,1,16,17,1300,272,435,A,C,8/19/2024 19:13,8/19/2024 19:13
348,3,17,14,1301,33,217,B,D,8/20/2024 19:13,8/20/2024 19:13
349,4,1,17,1302,42,227,D,A,8/21/2024 19:13,8/21/2024 19:13
350,2,17,15,1303,254,193,B,B,8/22/2024 19:13,8/22/2024 19:13
351,1,17,15,1304,122,261,B,C,8/23/2024 19:13,8/23/2024 19:13
352,3,17,8,1305,123,488,B,D,8/24/2024 19:13,8/24/2024 19:13
353,4,14,17,1306,175,298,C,A,8/25/2024 19:13,8/25/2024 19:13
354,2,7,17,1307,97,108,C,B,8/26/2024 19:13,8/26/2024 19:13
355,1,7,17,1308,16,300,B,C,8/27/2024 19:13,8/27/2024 19:13
356,3,17,16,1309,17,259,D,D,8/28/2024 19:13,8/28/2024 19:13
357,4,17,1,1310,24,123,B,A,8/29/2024 19:13,8/29/2024 19:13
358,3,17,2,1311,128,114,B,B,8/30/2024 19:13,8/30/2024 19:13
359,3,17,8,1312,125,214,D,C,8/31/2024 19:13,8/31/2024 19:13
360,1,4,17,1313,181,231,D,D,9/1/2024 19:13,9/1/2024 19:13
361,2,9,17,1314,300,348,C,A,9/2/2024 19:13,9/2/2024 19:13
362,1,3,17,1315,243,116,B,B,9/3/2024 19:13,9/3/2024 19:13
363,2,7,17,1316,8,289,B,C,9/4/2024 19:13,9/4/2024 19:13
364,2,17,13,1317,66,268,D,D,9/5/2024 19:13,9/5/2024 19:13
365,2,17,8,1318,142,181,C,A,9/6/2024 19:13,9/6/2024 19:13
366,2,17,3,1319,173,329,B,B,9/7/2024 19:13,9/7/2024 19:13
367,2,14,17,1320,212,282,B,C,9/8/2024 19:13,9/8/2024 19:13
368,2,17,2,1321,267,167,A,D,9/9/2024 19:13,9/9/2024 19:13
369,1,17,14,1322,153,116,A,A,9/10/2024 19:13,9/10/2024 19:13
370,4,17,1,1323,283,497,A,B,9/11/2024 19:13,9/11/2024 19:13
371,3,11,17,1324,37,68,D,C,9/12/2024 19:13,9/12/2024 19:13
372,3,1,17,1325,236,277,A,D,9/13/2024 19:13,9/13/2024 19:13
373,4,2,17,1326,258,222,D,A,9/14/2024 19:13,9/14/2024 19:13
374,4,2,17,1327,56,304,B,B,9/15/2024 19:13,9/15/2024 19:13
375,1,15,17,1328,35,273,C,C,9/16/2024 19:13,9/16/2024 19:13
376,1,4,17,1329,9,479,B,D,9/17/2024 19:13,9/17/2024 19:13
377,4,17,12,1330,247,209,D,A,9/18/2024 19:13,9/18/2024 19:13
378,4,13,17,1331,295,64,B,B,9/19/2024 19:13,9/19/2024 19:13
379,1,16,17,1332,161,201,D,C,9/20/2024 19:13,9/20/2024 19:13
380,1,17,9,1333,50,150,A,D,9/21/2024 19:13,9/21/2024 19:13
381,1,1,17,1334,66,327,C,A,9/22/2024 19:13,9/22/2024 19:13
382,3,11,17,1335,17,172,C,B,9/23/2024 19:13,9/23/2024 19:13
383,3,13,17,1336,226,282,C,C,9/24/2024 19:13,9/24/2024 19:13
384,4,3,17,1337,219,492,B,D,9/25/2024 19:13,9/25/2024 19:13
385,4,17,6,1338,87,228,B,A,9/26/2024 19:13,9/26/2024 19:13
386,2,17,7,1339,154,312,D,B,9/27/2024 19:13,9/27/2024 19:13
387,2,17,14,1340,220,247,A,C,9/28/2024 19:13,9/28/2024 19:13
388,4,17,7,1341,140,185,C,D,9/29/2024 19:13,9/29/2024 19:13
389,2,4,17,1342,10,176,B,A,9/30/2024 19:13,9/30/2024 19:13
390,2,17,8,1343,45,331,A,B,10/1/2024 19:13,10/1/2024 19:13
391,4,12,17,1344,259,382,B,C,10/2/2024 19:13,10/2/2024 19:13
392,3,17,2,1345,125,225,D,D,10/3/2024 19:13,10/3/2024 19:13
393,1,11,17,1346,164,336,D,A,10/4/2024 19:13,10/4/2024 19:13
394,1,17,4,1347,64,95,A,B,10/5/2024 19:13,10/5/2024 19:13
395,4,14,17,1348,31,403,C,C,10/6/2024 19:13,10/6/2024 19:13
396,2,14,17,1349,250,272,A,D,10/7/2024 19:13,10/7/2024 19:13
397,3,17,15,1350,235,467,A,A,10/8/2024 19:13,10/8/2024 19:13
398,2,17,3,1351,91,408,B,B,10/9/2024 19:13,10/9/2024 19:13
399,2,11,17,1352,165,211,B,C,10/10/2024 19:13,10/10/2024 19:13
400,4,8,17,1353,33,310,D,D,10/11/2024 19:13,10/11/2024 19:13
401,2,17,7,1354,278,379,D,A,10/12/2024 19:13,10/12/2024 19:13
402,4,3,17,1355,255,495,A,B,10/13/2024 19:13,10/13/2024 19:13
403,3,2,17,1356,63,291,C,C,10/14/2024 19:13,10/14/2024 19:13
404,2,9,17,1357,63,251,B,D,10/15/2024 19:13,10/15/2024 19:13
405,2,17,8,1358,281,189,B,A,10/16/2024 19:13,10/16/2024 19:13
406,1,17,12,1359,11,370,A,B,10/17/2024 19:13,10/17/2024 19:13
407,2,17,10,1360,134,467,C,C,10/18/2024 19:13,10/18/2024 19:13
408,4,9,17,1361,179,90,D,D,10/19/2024 19:13,10/19/2024 19:13
409,3,17,9,1362,183,224,D,A,10/20/2024 19:13,10/20/2024 19:13
410,2,4,17,1363,63,475,C,B,10/21/2024 19:13,10/21/2024 19:13
411,3,17,15,1364,254,129,C,C,10/22/2024 19:13,10/22/2024 19:13
412,1,17,6,1365,293,314,C,D,10/23/2024 19:13,10/23/2024 19:13
413,2,13,17,1366,175,109,B,A,10/24/2024 19:13,10/24/2024 19:13
414,2,17,5,1367,294,87,D,B,10/25/2024 19:13,10/25/2024 19:13
415,2,17,2,1368,229,175,A,C,10/26/2024 19:13,10/26/2024 19:13
416,3,7,17,1369,44,205,B,D,10/27/2024 19:13,10/27/2024 19:13
417,1,17,5,1370,266,350,A,A,10/28/2024 19:13,10/28/2024 19:13
418,2,17,6,1371,194,57,B,B,10/29/2024 19:13,10/29/2024 19:13
419,3,17,8,1372,72,85,A,C,10/30/2024 19:13,10/30/2024 19:13
420,3,11,17,1373,106,268,A,D,10/31/2024 19:13,10/31/2024 19:13
421,1,12,17,1374,247,409,C,A,11/1/2024 19:13,11/1/2024 19:13
422,3,17,9,1375,299,500,A,B,11/2/2024 19:13,11/2/2024 19:13
423,3,17,2,1376,198,279,D,C,11/3/2024 19:13,11/3/2024 19:13
424,1,10,17,1377,251,65,C,D,11/4/2024 19:13,11/4/2024 19:13
425,4,17,7,1378,50,356,A,A,11/5/2024 19:13,11/5/2024 19:13
426,3,1,17,1379,123,238,C,B,11/6/2024 19:13,11/6/2024 19:13
427,2,17,16,1380,257,464,A,C,11/7/2024 19:13,11/7/2024 19:13
428,1,14,17,1381,130,94,C,D,11/8/2024 19:13,11/8/2024 19:13
429,4,5,17,1382,89,489,D,A,11/9/2024 19:13,11/9/2024 19:13
430,3,12,17,1383,296,301,B,B,11/10/2024 19:13,11/10/2024 19:13
431,2,2,17,1384,81,124,B,C,11/11/2024 19:13,11/11/2024 19:13
432,2,5,17,1385,62,316,D,D,11/12/2024 19:13,11/12/2024 19:13
433,4,11,17,1386,181,291,B,A,11/13/2024 19:13,11/13/2024 19:13
434,1,17,12,1387,102,267,B,B,11/14/2024 19:13,11/14/2024 19:13
435,4,17,4,1388,96,84,A,C,11/15/2024 19:13,11/15/2024 19:13
436,3,12,17,1389,289,349,D,D,11/16/2024 19:13,11/16/2024 19:13
437,3,9,17,1390,178,125,C,A,11/17/2024 19:13,11/17/2024 19:13
438,4,17,5,1391,93,212,B,B,11/18/2024 19:13,11/18/2024 19:13
439,3,5,17,1392,8,351,D,C,11/19/2024 19:13,11/19/2024 19:13
440,1,17,10,1393,94,414,A,D,11/20/2024 19:13,11/20/2024 19:13
441,4,3,17,1394,133,230,A,A,11/21/2024 19:13,11/21/2024 19:13
442,3,17,14,1395,164,110,B,B,11/22/2024 19:13,11/22/2024 19:13
443,3,9,17,1396,1,142,A,C,11/23/2024 19:13,11/23/2024 19:13
444,1,15,17,1397,54,347,B,D,11/24/2024 19:13,11/24/2024 19:13
445,1,17,2,1398,130,229,A,A,11/25/2024 19:13,11/25/2024 19:13
446,3,17,14,1399,20,261,B,B,11/26/2024 19:13,11/26/2024 19:13
447,4,7,17,1400,159,429,D,C,11/27/2024 19:13,11/27/2024 19:13
448,3,17,3,1401,205,267,A,D,11/28/2024 19:13,11/28/2024 19:13
449,2,11,17,1402,69,99,B,A,11/29/2024 19:13,11/29/2024 19:13
450,3,17,2,1403,0,304,D,B,11/30/2024 19:13,11/30/2024 19:13
451,2,17,1,1404,231,247,A,C,12/1/2024 19:13,12/1/2024 19:13
452,2,3,17,1405,240,449,D,D,12/2/2024 19:13,12/2/2024 19:13
453,2,17,16,1406,275,258,D,A,12/3/2024 19:13,12/3/2024 19:13
454,4,1,17,1407,115,314,C,B,12/4/2024 19:13,12/4/2024 19:13
455,2,1,17,1408,272,61,A,C,12/5/2024 19:13,12/5/2024 19:13
456,3,12,17,1409,174,369,C,D,12/6/2024 19:13,12/6/2024 19:13
457,4,1,17,1410,278,371,C,A,12/7/2024 19:13,12/7/2024 19:13
458,2,1,17,1411,263,374,A,B,12/8/2024 19:13,12/8/2024 19:13
459,1,17,4,1412,134,68,D,C,12/9/2024 19:13,12/9/2024 19:13
460,1,5,17,1413,299,430,B,D,12/10/2024 19:13,12/10/2024 19:13
461,2,17,8,1414,125,187,C,A,12/11/2024 19:13,12/11/2024 19:13
462,1,17,15,1415,210,333,D,B,12/12/2024 19:13,12/12/2024 19:13
463,4,6,17,1416,2,142,A,C,12/13/2024 19:13,12/13/2024 19:13
464,1,17,8,1417,191,382,C,D,12/14/2024 19:13,12/14/2024 19:13
465,1,17,13,1418,242,383,C,A,12/15/2024 19:13,12/15/2024 19:13
466,2,17,5,1419,149,142,D,B,12/16/2024 19:13,12/16/2024 19:13
467,3,16,17,1420,2,167,A,C,12/17/2024 19:13,12/17/2024 19:13
468,3,14,17,1421,272,160,B,D,12/18/2024 19:13,12/18/2024 19:13
469,4,17,12,1422,135,468,B,A,12/19/2024 19:13,12/19/2024 19:13
470,1,17,13,1423,211,445,B,B,12/20/2024 19:13,12/20/2024 19:13
471,4,17,12,1424,163,300,B,C,12/21/2024 19:13,12/21/2024 19:13
472,1,17,9,1425,4,486,A,D,12/22/2024 19:13,12/22/2024 19:13
473,1,4,17,1426,283,347,B,A,12/23/2024 19:13,12/23/2024 19:13
474,1,17,5,1427,92,266,B,B,12/24/2024 19:13,12/24/2024 19:13
475,1,5,17,1428,8,131,C,C,12/25/2024 19:13,12/25/2024 19:13
476,3,17,12,1429,53,343,D,D,12/26/2024 19:13,12/26/2024 19:13
477,4,17,14,1430,201,319,A,A,12/27/2024 19:13,12/27/2024 19:13
478,4,13,17,1431,91,94,C,B,12/28/2024 19:13,12/28/2024 19:13
479,4,17,3,1432,284,131,C,C,12/29/2024 19:13,12/29/2024 19:13
480,2,7,17,1433,285,250,A,D,12/30/2024 19:13,12/30/2024 19:13
481,2,14,17,1434,183,180,A,A,12/31/2024 19:13,12/31/2024 19:13
482,3,7,17,1435,222,55,C,B,1/1/2025 19:13,1/1/2025 19:13
483,3,17,5,1436,180,336,A,C,1/2/2025 19:13,1/2/2025 19:13
484,2,14,17,1437,19,169,C,D,1/3/2025 19:13,1/3/2025 19:13
485,2,14,17,1438,98,231,A,A,1/4/2025 19:13,1/4/2025 19:13
486,2,2,17,1439,192,383,D,B,1/5/2025 19:13,1/5/2025 19:13
487,3,17,4,1440,212,475,D,C,1/6/2025 19:13,1/6/2025 19:13
488,1,17,6,1441,32,407,C,D,1/7/2025 19:13,1/7/2025 19:13
489,4,3,17,1442,292,396,D,A,1/8/2025 19:13,1/8/2025 19:13
490,4,11,17,1443,237,474,C,B,1/9/2025 19:13,1/9/2025 19:13
491,3,12,17,1444,85,206,C,C,1/10/2025 19:13,1/10/2025 19:13
492,4,12,17,1445,18,199,B,D,1/11/2025 19:13,1/11/2025 19:13
493,3,17,3,1446,251,151,C,A,1/12/2025 19:13,1/12/2025 19:13
494,1,17,16,1447,13,246,C,B,1/13/2025 19:13,1/13/2025 19:13
495,4,8,17,1448,224,412,A,C,1/14/2025 19:13,1/14/2025 19:13
496,2,4,17,1449,274,94,D,D,1/15/2025 19:13,1/15/2025 19:13
497,3,17,15,1450,157,60,A,A,1/16/2025 19:13,1/16/2025 19:13
498,4,15,17,1451,261,430,C,B,1/17/2025 19:13,1/17/2025 19:13
499,2,17,13,1452,8,180,C,C,1/18/2025 19:13,1/18/2025 19:13
500,4,17,3,1453,46,472,C,D,1/19/2025 19:13,1/19/2025 19:13
501,2,14,17,1454,55,437,B,A,1/20/2025 19:13,1/20/2025 19:13
502,2,17,3,1455,89,216,C,B,1/21/2025 19:13,1/21/2025 19:13
503,1,17,1,1456,276,426,D,C,1/22/2025 19:13,1/22/2025 19:13
504,1,17,6,1457,281,284,C,D,1/23/2025 19:13,1/23/2025 19:13
505,1,17,5,1458,256,328,C,A,1/24/2025 19:13,1/24/2025 19:13
506,1,13,17,1459,119,248,A,B,1/25/2025 19:13,1/25/2025 19:13
507,2,17,6,1460,290,171,A,C,1/26/2025 19:13,1/26/2025 19:13
508,3,14,17,1461,214,490,A,D,1/27/2025 19:13,1/27/2025 19:13
509,4,17,3,1462,30,94,D,A,1/28/2025 19:13,1/28/2025 19:13
510,3,13,17,1463,19,250,B,B,1/29/2025 19:13,1/29/2025 19:13
511,1,12,17,1464,29,154,C,C,1/30/2025 19:13,1/30/2025 19:13
512,3,17,13,1465,94,439,C,D,1/31/2025 19:13,1/31/2025 19:13
513,1,17,5,1466,53,213,A,A,2/1/2025 19:13,2/1/2025 19:13
514,4,17,9,1467,37,500,B,B,2/2/2025 19:13,2/2/2025 19:13
515,2,17,8,1468,24,123,A,C,2/3/2025 19:13,2/3/2025 19:13
516,2,17,5,1469,162,194,A,D,2/4/2025 19:13,2/4/2025 19:13
517,1,6,17,1470,209,313,B,A,2/5/2025 19:13,2/5/2025 19:13
518,2,13,17,1471,271,454,A,B,2/6/2025 19:13,2/6/2025 19:13
519,3,1,17,1472,134,156,C,C,2/7/2025 19:13,2/7/2025 19:13
520,1,17,1,1473,216,307,A,D,2/8/2025 19:13,2/8/2025 19:13
521,1,9,17,1474,276,418,B,A,2/9/2025 19:13,2/9/2025 19:13
522,4,17,13,1475,31,431,D,B,2/10/2025 19:13,2/10/2025 19:13
523,4,17,12,1476,276,250,B,C,2/11/2025 19:13,2/11/2025 19:13
524,4,17,12,1477,228,325,A,D,2/12/2025 19:13,2/12/2025 19:13
525,2,14,17,1478,11,253,C,A,2/13/2025 19:13,2/13/2025 19:13
526,2,17,4,1479,294,158,D,B,2/14/2025 19:13,2/14/2025 19:13
527,1,10,17,1480,265,414,B,C,2/15/2025 19:13,2/15/2025 19:13
528,3,17,9,1481,98,240,D,D,2/16/2025 19:13,2/16/2025 19:13
529,2,13,17,1482,191,400,C,A,2/17/2025 19:13,2/17/2025 19:13
530,3,17,14,1483,87,473,C,B,2/18/2025 19:13,2/18/2025 19:13
531,4,17,3,1484,191,248,D,C,2/19/2025 19:13,2/19/2025 19:13
532,3,17,2,1485,6,332,C,D,2/20/2025 19:13,2/20/2025 19:13
533,2,17,7,1486,98,254,D,A,2/21/2025 19:13,2/21/2025 19:13
534,2,17,8,1487,38,50,D,B,2/22/2025 19:13,2/22/2025 19:13
535,3,17,9,1488,193,149,D,C,2/23/2025 19:13,2/23/2025 19:13
536,4,2,17,1489,211,437,B,D,2/24/2025 19:13,2/24/2025 19:13
537,3,4,17,1490,30,234,C,A,2/25/2025 19:13,2/25/2025 19:13
538,3,12,17,1491,171,139,B,B,2/26/2025 19:13,2/26/2025 19:13
539,1,7,17,1492,236,204,D,C,2/27/2025 19:13,2/27/2025 19:13
540,3,11,17,1493,55,428,D,D,2/28/2025 19:13,2/28/2025 19:13
541,2,10,17,1494,74,192,A,A,3/1/2025 19:13,3/1/2025 19:13
542,4,4,17,1495,185,273,A,B,3/2/2025 19:13,3/2/2025 19:13
543,1,7,17,1496,172,447,C,C,3/3/2025 19:13,3/3/2025 19:13
544,4,5,17,1497,64,231,C,D,3/4/2025 19:13,3/4/2025 19:13
545,4,17,15,1498,150,266,A,A,3/5/2025 19:13,3/5/2025 19:13
546,2,17,3,1499,159,326,B,B,3/6/2025 19:13,3/6/2025 19:13
547,2,17,10,1500,115,368,B,C,3/7/2025 19:13,3/7/2025 19:13
548,1,17,15,1501,112,246,B,D,3/8/2025 19:13,3/8/2025 19:13
549,2,4,17,1502,293,248,B,A,3/9/2025 19:13,3/9/2025 19:13
550,2,15,17,1503,50,106,C,B,3/10/2025 19:13,3/10/2025 19:13
551,3,17,4,1504,122,496,C,C,3/11/2025 19:13,3/11/2025 19:13
552,4,17,7,1505,18,204,C,D,3/12/2025 19:13,3/12/2025 19:13
553,2,17,13,1506,25,430,C,A,3/13/2025 19:13,3/13/2025 19:13
554,3,17,10,1507,35,388,B,B,3/14/2025 19:13,3/14/2025 19:13
555,2,4,17,1508,251,316,C,C,3/15/2025 19:13,3/15/2025 19:13
556,3,17,1,1509,12,193,A,D,3/16/2025 19:13,3/16/2025 19:13
557,4,17,6,1510,84,237,D,A,3/17/2025 19:13,3/17/2025 19:13
558,2,17,13,1511,234,338,B,B,3/18/2025 19:13,3/18/2025 19:13
559,3,11,17,1512,287,376,B,C,3/19/2025 19:13,3/19/2025 19:13
560,3,17,3,1513,270,179,A,D,3/20/2025 19:13,3/20/2025 19:13
561,3,17,2,1514,76,103,B,A,3/21/2025 19:13,3/21/2025 19:13
562,4,17,1,1515,66,332,C,B,3/22/2025 19:13,3/22/2025 19:13
563,4,16,17,1516,101,281,D,C,3/23/2025 19:13,3/23/2025 19:13
564,4,17,12,1517,4,483,C,D,3/24/2025 19:13,3/24/2025 19:13
565,2,17,10,1518,244,148,B,A,3/25/2025 19:13,3/25/2025 19:13
566,2,17,6,1519,208,88,A,B,3/26/2025 19:13,3/26/2025 19:13
567,3,17,11,1520,300,398,B,C,3/27/2025 19:13,3/27/2025 19:13
568,2,6,17,1521,174,288,D,D,3/28/2025 19:13,3/28/2025 19:13
569,1,14,17,1522,185,451,D,A,3/29/2025 19:13,3/29/2025 19:13
570,4,17,10,1523,97,402,C,B,3/30/2025 19:13,3/30/2025 19:13
571,1,12,17,1524,151,58,C,C,3/31/2025 19:13,3/31/2025 19:13
572,4,5,17,1525,126,372,B,D,4/1/2025 19:13,4/1/2025 19:13
573,1,17,7,1526,148,354,C,A,4/2/2025 19:13,4/2/2025 19:13
574,3,6,17,1527,103,385,D,B,4/3/2025 19:13,4/3/2025 19:13
575,4,17,12,1528,59,305,B,C,4/4/2025 19:13,4/4/2025 19:13
576,4,17,14,1529,118,223,C,D,4/5/2025 19:13,4/5/2025 19:13
577,1,9,17,1530,263,335,D,A,4/6/2025 19:13,4/6/2025 19:13
578,1,2,17,1531,216,452,C,B,4/7/2025 19:13,4/7/2025 19:13
579,3,15,17,1532,180,438,B,C,4/8/2025 19:13,4/8/2025 19:13
580,2,17,15,1533,292,153,A,D,4/9/2025 19:13,4/9/2025 19:13
581,1,7,17,1534,124,500,D,A,4/10/2025 19:13,4/10/2025 19:13
582,4,15,17,1535,277,393,A,B,4/11/2025 19:13,4/11/2025 19:13
583,4,17,1,1536,17,184,B,C,4/12/2025 19:13,4/12/2025 19:13
584,1,15,17,1537,235,475,D,D,4/13/2025 19:13,4/13/2025 19:13
585,3,17,5,1538,168,425,D,A,4/14/2025 19:13,4/14/2025 19:13
586,4,16,17,1539,209,229,D,B,4/15/2025 19:13,4/15/2025 19:13
587,4,15,17,1540,165,174,C,C,4/16/2025 19:13,4/16/2025 19:13
588,4,4,17,1541,253,408,A,D,4/17/2025 19:13,4/17/2025 19:13
589,2,15,17,1542,11,359,B,A,4/18/2025 19:13,4/18/2025 19:13
590,4,6,17,1543,123,355,B,B,4/19/2025 19:13,4/19/2025 19:13
591,2,10,17,1544,28,256,A,C,4/20/2025 19:13,4/20/2025 19:13
592,3,1,17,1545,2,411,A,D,4/21/2025 19:13,4/21/2025 19:13
593,4,12,17,1546,168,236,C,A,4/22/2025 19:13,4/22/2025 19:13
594,4,11,17,1547,285,110,C,B,4/23/2025 19:13,4/23/2025 19:13
595,3,12,17,1548,291,396,D,C,4/24/2025 19:13,4/24/2025 19:13
596,3,17,16,1549,153,109,A,D,4/25/2025 19:13,4/25/2025 19:13
597,3,17,7,1550,241,188,A,A,4/26/2025 19:13,4/26/2025 19:13
598,1,11,17,1551,230,207,C,B,4/27/2025 19:13,4/27/2025 19:13
599,4,7,17,1552,14,484,D,C,4/28/2025 19:13,4/28/2025 19:13
600,2,3,17,1553,291,176,B,D,4/29/2025 19:13,4/29/2025 19:13
601,4,17,13,1554,4,163,A,A,4/30/2025 19:13,4/30/2025 19:13
602,2,17,2,1555,77,328,A,B,5/1/2025 19:13,5/1/2025 19:13
603,2,3,17,1556,40,184,D,C,5/2/2025 19:13,5/2/2025 19:13
604,2,13,17,1557,193,257,A,D,5/3/2025 19:13,5/3/2025 19:13
605,2,17,14,1558,116,203,D,A,5/4/2025 19:13,5/4/2025 19:13
606,3,16,17,1559,63,344,A,B,5/5/2025 19:13,5/5/2025 19:13
607,4,17,6,1560,192,303,C,C,5/6/2025 19:13,5/6/2025 19:13
608,4,7,17,1561,62,81,A,D,5/7/2025 19:13,5/7/2025 19:13
609,1,1,17,1562,209,404,B,A,5/8/2025 19:13,5/8/2025 19:13
610,4,17,3,1563,112,262,C,B,5/9/2025 19:13,5/9/2025 19:13
611,3,8,17,1564,247,179,B,C,5/10/2025 19:13,5/10/2025 19:13
612,4,17,1,1565,146,137,D,D,5/11/2025 19:13,5/11/2025 19:13
613,4,17,1,1566,275,425,A,A,5/12/2025 19:13,5/12/2025 19:13
614,1,5,17,1567,134,310,A,B,5/13/2025 19:13,5/13/2025 19:13
615,4,17,9,1568,164,75,C,C,5/14/2025 19:13,5/14/2025 19:13
616,4,13,17,1569,156,290,A,D,5/15/2025 19:13,5/15/2025 19:13
617,2,17,16,1570,108,461,B,A,5/16/2025 19:13,5/16/2025 19:13
618,1,10,17,1571,130,368,A,B,5/17/2025 19:13,5/17/2025 19:13
619,2,17,5,1572,87,353,D,C,5/18/2025 19:13,5/18/2025 19:13
620,4,16,17,1573,214,292,C,D,5/19/2025 19:13,5/19/2025 19:13
621,2,3,17,1574,164,465,D,A,5/20/2025 19:13,5/20/2025 19:13
622,2,6,17,1575,191,280,D,B,5/21/2025 19:13,5/21/2025 19:13
623,2,2,17,1576,151,219,A,C,5/22/2025 19:13,5/22/2025 19:13
624,4,10,17,1577,91,85,A,D,5/23/2025 19:13,5/23/2025 19:13
625,1,10,17,1578,128,102,B,A,5/24/2025 19:13,5/24/2025 19:13
626,3,17,7,1579,193,403,A,B,5/25/2025 19:13,5/25/2025 19:13
627,1,17,14,1580,284,469,A,C,5/26/2025 19:13,5/26/2025 19:13
628,2,7,17,1581,18,210,D,D,5/27/2025 19:13,5/27/2025 19:13
629,2,6,17,1582,284,207,D,A,5/28/2025 19:13,5/28/2025 19:13
630,3,17,5,1583,300,422,C,B,5/29/2025 19:13,5/29/2025 19:13
631,1,17,5,1584,291,220,B,C,5/30/2025 19:13,5/30/2025 19:13
632,3,17,7,1585,169,391,C,D,5/31/2025 19:13,5/31/2025 19:13
633,3,5,17,1586,165,159,A,A,6/1/2025 19:13,6/1/2025 19:13
634,4,17,5,1587,242,363,A,B,6/2/2025 19:13,6/2/2025 19:13
635,3,15,17,1588,281,211,A,C,6/3/2025 19:13,6/3/2025 19:13
636,2,9,17,1589,24,155,A,D,6/4/2025 19:13,6/4/2025 19:13
637,4,10,17,1590,262,496,A,A,6/5/2025 19:13,6/5/2025 19:13
638,1,17,5,1591,25,179,B,B,6/6/2025 19:13,6/6/2025 19:13
639,4,17,10,1592,256,438,C,C,6/7/2025 19:13,6/7/2025 19:13
640,1,17,10,1593,90,217,C,D,6/8/2025 19:13,6/8/2025 19:13
641,1,17,1,1594,253,416,B,A,6/9/2025 19:13,6/9/2025 19:13
642,4,14,17,1595,22,415,C,B,6/10/2025 19:13,6/10/2025 19:13
643,4,8,17,1596,229,491,A,C,6/11/2025 19:13,6/11/2025 19:13
644,4,7,17,1597,163,367,D,D,6/12/2025 19:13,6/12/2025 19:13
645,1,11,17,1598,247,219,C,A,6/13/2025 19:13,6/13/2025 19:13
646,2,6,17,1599,18,325,D,B,6/14/2025 19:13,6/14/2025 19:13
647,3,17,13,1600,131,276,D,C,6/15/2025 19:13,6/15/2025 19:13
648,1,6,17,1601,221,135,A,D,6/16/2025 19:13,6/16/2025 19:13
649,1,9,17,1602,213,240,B,A,6/17/2025 19:13,6/17/2025 19:13
650,1,2,17,1603,222,127,B,B,6/18/2025 19:13,6/18/2025 19:13
651,3,14,17,1604,159,287,B,C,6/19/2025 19:13,6/19/2025 19:13
652,1,17,9,1605,235,478,D,D,6/20/2025 19:13,6/20/2025 19:13
653,2,7,17,1606,27,351,A,A,6/21/2025 19:13,6/21/2025 19:13
654,1,5,17,1607,22,264,C,B,6/22/2025 19:13,6/22/2025 19:13
655,4,17,2,1608,47,377,B,C,6/23/2025 19:13,6/23/2025 19:13
656,1,4,17,1609,166,498,D,D,6/24/2025 19:13,6/24/2025 19:13
657,4,17,8,1610,100,228,A,A,6/25/2025 19:13,6/25/2025 19:13
658,3,1,17,1611,111,342,B,B,6/26/2025 19:13,6/26/2025 19:13
659,1,17,13,1612,168,368,D,C,6/27/2025 19:13,6/27/2025 19:13
660,4,17,14,1613,83,320,C,D,6/28/2025 19:13,6/28/2025 19:13
661,2,16,17,1614,62,366,A,A,6/29/2025 19:13,6/29/2025 19:13
662,2,17,14,1615,1,461,B,B,6/30/2025 19:13,6/30/2025 19:13
663,1,17,5,1616,105,304,C,C,7/1/2025 19:13,7/1/2025 19:13
664,3,17,7,1617,292,271,C,D,7/2/2025 19:13,7/2/2025 19:13
665,2,1,17,1618,22,272,C,A,7/3/2025 19:13,7/3/2025 19:13
666,1,6,17,1619,291,243,A,B,7/4/2025 19:13,7/4/2025 19:13
667,1,17,9,1620,206,113,D,C,7/5/2025 19:13,7/5/2025 19:13
668,2,17,8,1621,238,64,D,D,7/6/2025 19:13,7/6/2025 19:13
669,3,7,17,1622,219,277,D,A,7/7/2025 19:13,7/7/2025 19:13
670,4,12,17,1623,263,354,B,B,7/8/2025 19:13,7/8/2025 19:13
671,1,10,17,1624,206,120,C,C,7/9/2025 19:13,7/9/2025 19:13
672,2,8,17,1625,223,57,B,D,7/10/2025 19:13,7/10/2025 19:13
673,4,15,17,1626,119,499,C,A,7/11/2025 19:13,7/11/2025 19:13
674,4,6,17,1627,2,275,A,B,7/12/2025 19:13,7/12/2025 19:13
675,1,5,17,1628,68,116,A,C,7/13/2025 19:13,7/13/2025 19:13
676,1,8,17,1629,184,253,C,D,7/14/2025 19:13,7/14/2025 19:13
677,2,17,6,1630,213,499,D,A,7/15/2025 19:13,7/15/2025 19:13
678,4,10,17,1631,225,171,D,B,7/16/2025 19:13,7/16/2025 19:13
679,4,13,17,1632,266,391,D,C,7/17/2025 19:13,7/17/2025 19:13
680,4,16,17,1633,268,432,D,D,7/18/2025 19:13,7/18/2025 19:13
681,3,5,17,1634,176,117,D,A,7/19/2025 19:13,7/19/2025 19:13
682,3,17,5,1635,126,187,A,B,7/20/2025 19:13,7/20/2025 19:13
683,3,16,17,1636,93,189,B,C,7/21/2025 19:13,7/21/2025 19:13
684,2,9,17,1637,10,438,A,D,7/22/2025 19:13,7/22/2025 19:13
685,2,10,17,1638,2,198,B,A,7/23/2025 19:13,7/23/2025 19:13
686,2,8,17,1639,263,328,B,B,7/24/2025 19:13,7/24/2025 19:13
687,3,8,17,1640,275,482,B,C,7/25/2025 19:13,7/25/2025 19:13
688,3,6,17,1641,218,407,C,D,7/26/2025 19:13,7/26/2025 19:13
689,4,17,5,1642,258,253,D,A,7/27/2025 19:13,7/27/2025 19:13
690,3,11,17,1643,23,431,B,B,7/28/2025 19:13,7/28/2025 19:13
691,3,17,8,1644,29,205,D,C,7/29/2025 19:13,7/29/2025 19:13
692,3,17,2,1645,287,162,A,D,7/30/2025 19:13,7/30/2025 19:13
693,3,17,8,1646,221,147,A,A,7/31/2025 19:13,7/31/2025 19:13
694,4,17,4,1647,99,400,D,B,8/1/2025 19:13,8/1/2025 19:13
695,1,17,11,1648,229,382,B,C,8/2/2025 19:13,8/2/2025 19:13
696,3,17,15,1649,227,492,C,D,8/3/2025 19:13,8/3/2025 19:13
697,1,17,3,1650,185,400,D,A,8/4/2025 19:13,8/4/2025 19:13
698,3,1,17,1651,182,477,B,B,8/5/2025 19:13,8/5/2025 19:13
699,1,12,17,1652,286,500,C,C,8/6/2025 19:13,8/6/2025 19:13
700,4,5,17,1653,132,282,C,D,8/7/2025 19:13,8/7/2025 19:13
701,1,13,17,1654,270,312,B,A,8/8/2025 19:13,8/8/2025 19:13
702,1,17,1,1655,125,221,A,B,8/9/2025 19:13,8/9/2025 19:13
703,3,5,17,1656,88,301,A,C,8/10/2025 19:13,8/10/2025 19:13
704,1,17,13,1657,68,202,A,D,8/11/2025 19:13,8/11/2025 19:13
705,4,17,11,1658,130,460,D,A,8/12/2025 19:13,8/12/2025 19:13
706,4,17,2,1659,10,74,C,B,8/13/2025 19:13,8/13/2025 19:13
707,1,15,17,1660,144,371,B,C,8/14/2025 19:13,8/14/2025 19:13
708,3,15,17,1661,183,192,B,D,8/15/2025 19:13,8/15/2025 19:13
709,3,7,17,1662,99,84,B,A,8/16/2025 19:13,8/16/2025 19:13
710,1,17,5,1663,92,456,C,B,8/17/2025 19:13,8/17/2025 19:13
711,3,10,17,1664,191,232,B,C,8/18/2025 19:13,8/18/2025 19:13
712,3,3,17,1665,186,146,C,D,8/19/2025 19:13,8/19/2025 19:13
713,1,17,5,1666,280,154,B,A,8/20/2025 19:13,8/20/2025 19:13
714,2,17,15,1667,159,339,C,B,8/21/2025 19:13,8/21/2025 19:13
715,3,15,17,1668,172,235,B,C,8/22/2025 19:13,8/22/2025 19:13
716,3,3,17,1669,152,243,C,D,8/23/2025 19:13,8/23/2025 19:13
717,2,17,6,1670,30,357,B,A,8/24/2025 19:13,8/24/2025 19:13
718,1,5,17,1671,53,250,C,B,8/25/2025 19:13,8/25/2025 19:13
719,3,17,16,1672,20,496,A,C,8/26/2025 19:13,8/26/2025 19:13
720,3,10,17,1673,15,414,B,D,8/27/2025 19:13,8/27/2025 19:13
721,1,9,17,1674,197,423,B,A,8/28/2025 19:13,8/28/2025 19:13
722,4,1,17,1675,167,240,D,B,8/29/2025 19:13,8/29/2025 19:13
723,3,17,5,1676,193,400,B,C,8/30/2025 19:13,8/30/2025 19:13
724,4,15,17,1677,253,122,C,D,8/31/2025 19:13,8/31/2025 19:13
725,4,12,17,1678,262,213,B,A,9/1/2025 19:13,9/1/2025 19:13
726,3,4,17,1679,67,359,C,B,9/2/2025 19:13,9/2/2025 19:13
727,2,3,17,1680,171,242,B,C,9/3/2025 19:13,9/3/2025 19:13
728,4,17,2,1681,294,416,B,D,9/4/2025 19:13,9/4/2025 19:13
729,4,17,12,1682,205,452,A,A,9/5/2025 19:13,9/5/2025 19:13
730,4,17,10,1683,19,259,D,B,9/6/2025 19:13,9/6/2025 19:13
731,2,17,13,1684,204,465,A,C,9/7/2025 19:13,9/7/2025 19:13
732,2,4,17,1685,233,345,A,D,9/8/2025 19:13,9/8/2025 19:13
733,3,17,12,1686,104,299,C,A,9/9/2025 19:13,9/9/2025 19:13
734,3,17,13,1687,298,343,A,B,9/10/2025 19:13,9/10/2025 19:13
735,3,1,17,1688,117,185,A,C,9/11/2025 19:13,9/11/2025 19:13
736,4,17,1,1689,80,357,B,D,9/12/2025 19:13,9/12/2025 19:13
737,3,17,5,1690,190,260,C,A,9/13/2025 19:13,9/13/2025 19:13
738,3,17,10,1691,144,381,C,B,9/14/2025 19:13,9/14/2025 19:13
739,2,4,17,1692,299,389,B,C,9/15/2025 19:13,9/15/2025 19:13
740,2,10,17,1693,78,366,B,D,9/16/2025 19:13,9/16/2025 19:13
741,2,10,17,1694,26,447,A,A,9/17/2025 19:13,9/17/2025 19:13
742,4,2,17,1695,145,345,C,B,9/18/2025 19:13,9/18/2025 19:13
743,3,10,17,1696,123,323,D,C,9/19/2025 19:13,9/19/2025 19:13
744,3,17,5,1697,45,426,C,D,9/20/2025 19:13,9/20/2025 19:13
745,2,16,17,1698,155,68,A,A,9/21/2025 19:13,9/21/2025 19:13
746,3,10,17,1699,31,203,A,B,9/22/2025 19:13,9/22/2025 19:13
747,3,17,6,1700,17,109,A,C,9/23/2025 19:13,9/23/2025 19:13
748,4,17,12,1701,178,306,B,D,9/24/2025 19:13,9/24/2025 19:13
749,1,17,2,1702,165,403,C,A,9/25/2025 19:13,9/25/2025 19:13
750,3,11,17,1703,296,450,D,B,9/26/2025 19:13,9/26/2025 19:13
751,3,4,17,1704,280,108,D,C,9/27/2025 19:13,9/27/2025 19:13
752,3,4,17,1705,94,165,D,D,9/28/2025 19:13,9/28/2025 19:13
753,1,7,17,1706,263,89,A,A,9/29/2025 19:13,9/29/2025 19:13
754,1,12,17,1707,91,248,C,B,9/30/2025 19:13,9/30/2025 19:13
755,1,5,17,1708,195,186,C,C,10/1/2025 19:13,10/1/2025 19:13
756,2,17,1,1709,87,266,B,D,10/2/2025 19:13,10/2/2025 19:13
757,2,17,6,1710,45,177,D,A,10/3/2025 19:13,10/3/2025 19:13
758,3,17,6,1711,0,238,D,B,10/4/2025 19:13,10/4/2025 19:13
759,3,12,17,1712,66,228,A,C,10/5/2025 19:13,10/5/2025 19:13
760,2,13,17,1713,264,455,B,D,10/6/2025 19:13,10/6/2025 19:13
761,1,11,17,1714,283,236,A,A,10/7/2025 19:13,10/7/2025 19:13
762,3,17,3,1715,76,219,B,B,10/8/2025 19:13,10/8/2025 19:13
763,1,17,15,1716,6,419,C,C,10/9/2025 19:13,10/9/2025 19:13
764,1,15,17,1717,240,352,B,D,10/10/2025 19:13,10/10/2025 19:13
765,2,17,14,1718,7,433,C,A,10/11/2025 19:13,10/11/2025 19:13
766,1,8,17,1719,23,395,C,B,10/12/2025 19:13,10/12/2025 19:13
767,2,17,2,1720,39,141,A,C,10/13/2025 19:13,10/13/2025 19:13
768,2,2,17,1721,210,356,C,D,10/14/2025 19:13,10/14/2025 19:13
769,4,16,17,1722,21,212,B,A,10/15/2025 19:13,10/15/2025 19:13
770,1,15,17,1723,247,112,D,B,10/16/2025 19:13,10/16/2025 19:13
771,1,17,2,1724,193,72,A,C,10/17/2025 19:13,10/17/2025 19:13
772,4,13,17,1725,115,404,A,D,10/18/2025 19:13,10/18/2025 19:13
773,1,17,5,1726,44,102,D,A,10/19/2025 19:13,10/19/2025 19:13
774,2,17,2,1727,54,382,A,B,10/20/2025 19:13,10/20/2025 19:13
775,3,17,5,1728,61,171,C,C,10/21/2025 19:13,10/21/2025 19:13
776,3,12,17,1729,68,194,A,D,10/22/2025 19:13,10/22/2025 19:13
777,1,17,13,1730,184,87,A,A,10/23/2025 19:13,10/23/2025 19:13
778,3,17,4,1731,156,288,C,B,10/24/2025 19:13,10/24/2025 19:13
779,3,11,17,1732,145,200,D,C,10/25/2025 19:13,10/25/2025 19:13
780,3,17,3,1733,252,275,B,D,10/26/2025 19:13,10/26/2025 19:13
781,2,13,17,1734,300,150,B,A,10/27/2025 19:13,10/27/2025 19:13
782,4,3,17,1735,280,53,A,B,10/28/2025 19:13,10/28/2025 19:13
783,2,13,17,1736,56,420,A,C,10/29/2025 19:13,10/29/2025 19:13
784,4,5,17,1737,53,416,B,D,10/30/2025 19:13,10/30/2025 19:13
785,2,17,14,1738,280,481,C,A,10/31/2025 19:13,10/31/2025 19:13
786,1,17,11,1739,289,126,D,B,11/1/2025 19:13,11/1/2025 19:13
787,1,17,1,1740,14,239,A,C,11/2/2025 19:13,11/2/2025 19:13
788,4,17,3,1741,290,415,B,D,11/3/2025 19:13,11/3/2025 19:13
789,3,17,14,1742,87,55,A,A,11/4/2025 19:13,11/4/2025 19:13
790,4,17,5,1743,263,490,D,B,11/5/2025 19:13,11/5/2025 19:13
791,2,6,17,1744,292,288,B,C,11/6/2025 19:13,11/6/2025 19:13
792,4,17,6,1745,176,200,A,D,11/7/2025 19:13,11/7/2025 19:13
793,4,14,17,1746,96,131,A,A,11/8/2025 19:13,11/8/2025 19:13
794,4,17,15,1747,106,348,C,B,11/9/2025 19:13,11/9/2025 19:13
795,3,17,7,1748,256,111,B,C,11/10/2025 19:13,11/10/2025 19:13
796,1,6,17,1749,220,271,D,D,11/11/2025 19:13,11/11/2025 19:13
797,1,13,17,1750,5,225,A,A,11/12/2025 19:13,11/12/2025 19:13
798,4,7,17,1751,180,239,A,B,11/13/2025 19:13,11/13/2025 19:13
799,3,2,17,1752,122,493,D,C,11/14/2025 19:13,11/14/2025 19:13
800,3,17,2,1753,102,105,A,D,11/15/2025 19:13,11/15/2025 19:13
801,1,7,17,1754,240,272,A,A,11/16/2025 19:13,11/16/2025 19:13
802,1,17,5,1755,169,339,A,B,11/17/2025 19:13,11/17/2025 19:13
803,4,17,14,1756,241,90,C,C,11/18/2025 19:13,11/18/2025 19:13
804,2,10,17,1757,296,304,D,D,11/19/2025 19:13,11/19/2025 19:13
805,4,4,17,1758,53,321,A,A,11/20/2025 19:13,11/20/2025 19:13
806,1,12,17,1759,23,265,C,B,11/21/2025 19:13,11/21/2025 19:13
807,2,7,17,1760,255,70,C,C,11/22/2025 19:13,11/22/2025 19:13
808,1,3,17,1761,47,299,A,D,11/23/2025 19:13,11/23/2025 19:13
809,3,4,17,1762,254,347,D,A,11/24/2025 19:13,11/24/2025 19:13
810,4,17,14,1763,290,346,A,B,11/25/2025 19:13,11/25/2025 19:13
811,4,17,6,1764,189,50,C,C,11/26/2025 19:13,11/26/2025 19:13
812,1,11,17,1765,29,160,C,D,11/27/2025 19:13,11/27/2025 19:13
813,1,17,1,1766,123,151,D,A,11/28/2025 19:13,11/28/2025 19:13
814,2,5,17,1767,66,159,C,B,11/29/2025 19:13,11/29/2025 19:13
815,3,17,7,1768,234,468,C,C,11/30/2025 19:13,11/30/2025 19:13
816,4,17,9,1769,290,445,D,D,12/1/2025 19:13,12/1/2025 19:13
817,2,17,1,1770,114,270,D,A,12/2/2025 19:13,12/2/2025 19:13
818,4,17,6,1771,128,400,D,B,12/3/2025 19:13,12/3/2025 19:13
819,4,17,6,1772,75,126,B,C,12/4/2025 19:13,12/4/2025 19:13
820,4,17,2,1773,88,275,D,D,12/5/2025 19:13,12/5/2025 19:13
821,2,12,17,1774,14,336,C,A,12/6/2025 19:13,12/6/2025 19:13
822,3,17,9,1775,242,343,C,B,12/7/2025 19:13,12/7/2025 19:13
823,2,17,7,1776,254,217,C,C,12/8/2025 19:13,12/8/2025 19:13
824,3,14,17,1777,51,185,D,D,12/9/2025 19:13,12/9/2025 19:13
825,2,16,17,1778,257,362,D,A,12/10/2025 19:13,12/10/2025 19:13
826,4,5,17,1779,35,500,C,B,12/11/2025 19:13,12/11/2025 19:13
827,2,8,17,1780,196,265,C,C,12/12/2025 19:13,12/12/2025 19:13
828,1,17,6,1781,229,84,C,D,12/13/2025 19:13,12/13/2025 19:13
829,4,17,8,1782,110,136,B,A,12/14/2025 19:13,12/14/2025 19:13
830,3,10,17,1783,192,297,A,B,12/15/2025 19:13,12/15/2025 19:13
831,2,7,17,1784,171,118,D,C,12/16/2025 19:13,12/16/2025 19:13
832,1,17,6,1785,124,78,D,D,12/17/2025 19:13,12/17/2025 19:13
833,2,17,10,1786,298,480,A,A,12/18/2025 19:13,12/18/2025 19:13
834,3,7,17,1787,14,208,A,B,12/19/2025 19:13,12/19/2025 19:13
835,4,17,1,1788,257,145,B,C,12/20/2025 19:13,12/20/2025 19:13
836,4,17,15,1789,250,105,B,D,12/21/2025 19:13,12/21/2025 19:13
837,3,4,17,1790,67,301,C,A,12/22/2025 19:13,12/22/2025 19:13
838,2,16,17,1791,52,128,C,B,12/23/2025 19:13,12/23/2025 19:13
839,1,17,12,1792,297,125,B,C,12/24/2025 19:13,12/24/2025 19:13
840,4,12,17,1793,262,405,C,D,12/25/2025 19:13,12/25/2025 19:13
841,1,17,16,1794,300,262,A,A,12/26/2025 19:13,12/26/2025 19:13
842,1,10,17,1795,208,312,D,B,12/27/2025 19:13,12/27/2025 19:13
843,1,9,17,1796,289,267,D,C,12/28/2025 19:13,12/28/2025 19:13
844,2,17,7,1797,14,183,A,D,12/29/2025 19:13,12/29/2025 19:13
845,1,16,17,1798,190,189,D,A,12/30/2025 19:13,12/30/2025 19:13
846,1,17,10,1799,85,365,B,B,12/31/2025 19:13,12/31/2025 19:13
847,3,11,17,1800,273,428,B,C,1/1/2026 19:13,1/1/2026 19:13
848,1,15,17,1801,276,270,B,D,1/2/2026 19:13,1/2/2026 19:13
849,4,2,17,1802,62,361,D,A,1/3/2026 19:13,1/3/2026 19:13
850,4,15,17,1803,33,459,A,B,1/4/2026 19:13,1/4/2026 19:13
851,3,10,17,1804,141,106,B,C,1/5/2026 19:13,1/5/2026 19:13
852,3,4,17,1805,39,291,B,D,1/6/2026 19:13,1/6/2026 19:13
853,4,17,9,1806,143,357,A,A,1/7/2026 19:13,1/7/2026 19:13
854,3,4,17,1807,221,258,D,B,1/8/2026 19:13,1/8/2026 19:13
855,2,9,17,1808,88,245,A,C,1/9/2026 19:13,1/9/2026 19:13
856,1,17,16,1809,117,333,B,D,1/10/2026 19:13,1/10/2026 19:13
857,3,6,17,1810,203,52,C,A,1/11/2026 19:13,1/11/2026 19:13
858,3,8,17,1811,199,175,B,B,1/12/2026 19:13,1/12/2026 19:13
859,3,11,17,1812,270,300,B,C,1/13/2026 19:13,1/13/2026 19:13
860,2,17,3,1813,241,445,C,D,1/14/2026 19:13,1/14/2026 19:13
861,1,2,17,1814,156,154,A,A,1/15/2026 19:13,1/15/2026 19:13
862,2,17,9,1815,8,80,D,B,1/16/2026 19:13,1/16/2026 19:13
863,2,5,17,1816,2,123,B,C,1/17/2026 19:13,1/17/2026 19:13
864,2,8,17,1817,48,342,D,D,1/18/2026 19:13,1/18/2026 19:13
865,2,17,7,1818,187,324,C,A,1/19/2026 19:13,1/19/2026 19:13
866,1,17,6,1819,124,446,A,B,1/20/2026 19:13,1/20/2026 19:13
867,2,16,17,1820,52,249,C,C,1/21/2026 19:13,1/21/2026 19:13
868,1,17,1,1821,164,133,B,D,1/22/2026 19:13,1/22/2026 19:13
869,2,5,17,1822,119,453,A,A,1/23/2026 19:13,1/23/2026 19:13
870,2,17,4,1823,105,74,B,B,1/24/2026 19:13,1/24/2026 19:13
871,2,17,14,1824,246,187,B,C,1/25/2026 19:13,1/25/2026 19:13
872,3,6,17,1825,235,492,B,D,1/26/2026 19:13,1/26/2026 19:13
873,1,9,17,1826,232,334,D,A,1/27/2026 19:13,1/27/2026 19:13
874,3,17,12,1827,112,389,B,B,1/28/2026 19:13,1/28/2026 19:13
875,4,17,14,1828,234,377,C,C,1/29/2026 19:13,1/29/2026 19:13
876,1,17,10,1829,149,175,C,D,1/30/2026 19:13,1/30/2026 19:13
877,3,10,17,1830,25,146,C,A,1/31/2026 19:13,1/31/2026 19:13
878,4,17,3,1831,109,299,B,B,2/1/2026 19:13,2/1/2026 19:13
879,4,16,17,1832,247,340,B,C,2/2/2026 19:13,2/2/2026 19:13
880,1,17,8,1833,201,94,A,D,2/3/2026 19:13,2/3/2026 19:13
881,3,17,9,1834,263,67,A,A,2/4/2026 19:13,2/4/2026 19:13
882,4,4,17,1835,219,211,B,B,2/5/2026 19:13,2/5/2026 19:13
883,3,17,16,1836,14,459,C,C,2/6/2026 19:13,2/6/2026 19:13
884,1,17,8,1837,244,142,C,D,2/7/2026 19:13,2/7/2026 19:13
885,3,10,17,1838,154,245,D,A,2/8/2026 19:13,2/8/2026 19:13
886,1,3,17,1839,50,159,C,B,2/9/2026 19:13,2/9/2026 19:13
887,1,16,17,1840,149,190,A,C,2/10/2026 19:13,2/10/2026 19:13
888,3,13,17,1841,88,179,D,D,2/11/2026 19:13,2/11/2026 19:13
889,1,17,5,1842,284,193,C,A,2/12/2026 19:13,2/12/2026 19:13
890,4,17,15,1843,8,286,A,B,2/13/2026 19:13,2/13/2026 19:13
891,4,17,4,1844,31,490,A,C,2/14/2026 19:13,2/14/2026 19:13
892,1,17,14,1845,59,475,C,D,2/15/2026 19:13,2/15/2026 19:13
893,3,7,17,1846,130,268,D,A,2/16/2026 19:13,2/16/2026 19:13
894,2,17,4,1847,268,273,C,B,2/17/2026 19:13,2/17/2026 19:13
895,2,7,17,1848,288,127,B,C,2/18/2026 19:13,2/18/2026 19:13
896,1,17,1,1849,85,146,B,D,2/19/2026 19:13,2/19/2026 19:13
897,4,17,13,1850,157,494,C,A,2/20/2026 19:13,2/20/2026 19:13
898,3,17,11,1851,40,139,A,B,2/21/2026 19:13,2/21/2026 19:13
899,3,2,17,1852,187,423,B,C,2/22/2026 19:13,2/22/2026 19:13
900,3,3,17,1853,6,159,B,D,2/23/2026 19:13,2/23/2026 19:13
901,1,17,1,1854,215,186,D,A,2/24/2026 19:13,2/24/2026 19:13
902,1,10,17,1855,233,123,C,B,2/25/2026 19:13,2/25/2026 19:13
903,3,15,17,1856,75,326,A,C,2/26/2026 19:13,2/26/2026 19:13
904,4,17,10,1857,181,463,D,D,2/27/2026 19:13,2/27/2026 19:13
905,2,17,8,1858,235,174,D,A,2/28/2026 19:13,2/28/2026 19:13
906,2,17,12,1859,79,286,C,B,3/1/2026 19:13,3/1/2026 19:13
907,4,17,3,1860,53,72,B,C,3/2/2026 19:13,3/2/2026 19:13
908,2,1,17,1861,191,69,C,D,3/3/2026 19:13,3/3/2026 19:13
909,3,4,17,1862,79,315,A,A,3/4/2026 19:13,3/4/2026 19:13
910,2,2,17,1863,201,261,A,B,3/5/2026 19:13,3/5/2026 19:13
911,4,17,1,1864,59,423,B,C,3/6/2026 19:13,3/6/2026 19:13
912,1,17,13,1865,143,105,D,D,3/7/2026 19:13,3/7/2026 19:13
913,2,17,4,1866,47,195,C,A,3/8/2026 19:13,3/8/2026 19:13
914,3,17,7,1867,189,341,C,B,3/9/2026 19:13,3/9/2026 19:13
915,2,16,17,1868,134,392,B,C,3/10/2026 19:13,3/10/2026 19:13
916,1,17,11,1869,254,304,C,D,3/11/2026 19:13,3/11/2026 19:13
917,2,17,5,1870,139,209,C,A,3/12/2026 19:13,3/12/2026 19:13
918,3,2,17,1871,189,96,D,B,3/13/2026 19:13,3/13/2026 19:13
919,3,17,5,1872,105,190,C,C,3/14/2026 19:13,3/14/2026 19:13
920,4,17,17,1873,232,104,A,D,3/15/2026 19:13,3/15/2026 19:13
921,2,17,14,1874,187,215,B,A,3/16/2026 19:13,3/16/2026 19:13
922,4,17,7,1875,202,218,A,B,3/17/2026 19:13,3/17/2026 19:13
923,3,17,15,1876,256,458,B,C,3/18/2026 19:13,3/18/2026 19:13
924,3,17,4,1877,2,313,B,D,3/19/2026 19:13,3/19/2026 19:13
925,2,10,17,1878,33,275,D,A,3/20/2026 19:13,3/20/2026 19:13
926,4,14,17,1879,178,442,C,B,3/21/2026 19:13,3/21/2026 19:13
927,3,17,13,1880,269,207,B,C,3/22/2026 19:13,3/22/2026 19:13
928,2,17,15,1881,105,448,C,D,3/23/2026 19:13,3/23/2026 19:13
929,1,16,17,1882,33,81,D,A,3/24/2026 19:13,3/24/2026 19:13
930,2,7,17,1883,116,238,D,B,3/25/2026 19:13,3/25/2026 19:13
931,4,17,16,1884,86,187,C,C,3/26/2026 19:13,3/26/2026 19:13
932,4,15,17,1885,168,402,B,D,3/27/2026 19:13,3/27/2026 19:13
933,2,3,17,1886,38,297,C,A,3/28/2026 19:13,3/28/2026 19:13
934,2,5,17,1887,145,346,B,B,3/29/2026 19:13,3/29/2026 19:13
935,1,6,17,1888,2,477,B,C,3/30/2026 19:13,3/30/2026 19:13
936,1,2,17,1889,40,322,C,D,3/31/2026 19:13,3/31/2026 19:13
937,4,7,17,1890,94,474,C,A,4/1/2026 19:13,4/1/2026 19:13
938,3,1,17,1891,289,312,D,B,4/2/2026 19:13,4/2/2026 19:13
939,2,17,14,1892,294,495,C,C,4/3/2026 19:13,4/3/2026 19:13
940,4,17,6,1893,204,92,B,D,4/4/2026 19:13,4/4/2026 19:13
941,2,17,16,1894,167,280,D,A,4/5/2026 19:13,4/5/2026 19:13
942,4,5,17,1895,149,205,C,B,4/6/2026 19:13,4/6/2026 19:13
943,2,17,1,1896,31,198,D,C,4/7/2026 19:13,4/7/2026 19:13
944,2,4,17,1897,41,251,D,D,4/8/2026 19:13,4/8/2026 19:13
945,4,17,14,1898,174,444,C,A,4/9/2026 19:13,4/9/2026 19:13
946,3,17,11,1899,0,159,B,B,4/10/2026 19:13,4/10/2026 19:13
947,3,17,12,1900,205,476,B,C,4/11/2026 19:13,4/11/2026 19:13
948,4,10,17,1901,5,84,B,D,4/12/2026 19:13,4/12/2026 19:13
949,3,17,7,1902,204,334,D,A,4/13/2026 19:13,4/13/2026 19:13
950,4,17,5,1903,168,55,A,B,4/14/2026 19:13,4/14/2026 19:13
951,4,8,17,1904,239,227,B,C,4/15/2026 19:13,4/15/2026 19:13
952,3,14,17,1905,208,360,D,D,4/16/2026 19:13,4/16/2026 19:13
953,2,8,17,1906,82,322,D,A,4/17/2026 19:13,4/17/2026 19:13
954,3,17,9,1907,241,350,D,B,4/18/2026 19:13,4/18/2026 19:13
955,2,5,17,1908,132,148,C,C,4/19/2026 19:13,4/19/2026 19:13
956,1,17,3,1909,175,297,D,D,4/20/2026 19:13,4/20/2026 19:13
957,2,6,17,1910,20,363,B,A,4/21/2026 19:13,4/21/2026 19:13
958,1,14,17,1911,277,342,A,B,4/22/2026 19:13,4/22/2026 19:13
959,1,17,7,1912,8,244,D,C,4/23/2026 19:13,4/23/2026 19:13
960,3,7,17,1913,94,62,D,D,4/24/2026 19:13,4/24/2026 19:13
961,1,17,16,1914,149,248,D,A,4/25/2026 19:13,4/25/2026 19:13
962,2,6,17,1915,241,66,D,B,4/26/2026 19:13,4/26/2026 19:13
963,1,17,15,1916,1,301,B,C,4/27/2026 19:13,4/27/2026 19:13
964,2,14,17,1917,287,427,B,D,4/28/2026 19:13,4/28/2026 19:13
965,4,8,17,1918,88,353,B,A,4/29/2026 19:13,4/29/2026 19:13
966,4,17,6,1919,71,329,B,B,4/30/2026 19:13,4/30/2026 19:13
967,2,17,4,1920,203,290,B,C,5/1/2026 19:13,5/1/2026 19:13
968,2,17,11,1921,224,421,A,D,5/2/2026 19:13,5/2/2026 19:13
969,4,14,17,1922,1,456,B,A,5/3/2026 19:13,5/3/2026 19:13
970,1,17,16,1923,210,292,C,B,5/4/2026 19:13,5/4/2026 19:13
971,3,17,7,1924,233,238,D,C,5/5/2026 19:13,5/5/2026 19:13
972,3,15,17,1925,240,278,C,D,5/6/2026 19:13,5/6/2026 19:13
973,4,17,9,1926,211,205,A,A,5/7/2026 19:13,5/7/2026 19:13
974,1,12,17,1927,261,349,C,B,5/8/2026 19:13,5/8/2026 19:13
975,1,5,17,1928,72,128,C,C,5/9/2026 19:13,5/9/2026 19:13
976,1,8,17,1929,173,69,D,D,5/10/2026 19:13,5/10/2026 19:13
977,3,17,1,1930,86,77,A,A,5/11/2026 19:13,5/11/2026 19:13
978,4,1,17,1931,160,71,D,B,5/12/2026 19:13,5/12/2026 19:13
979,3,17,6,1932,32,398,D,C,5/13/2026 19:13,5/13/2026 19:13
980,1,17,15,1933,85,114,D,D,5/14/2026 19:13,5/14/2026 19:13
981,1,17,2,1934,239,321,C,A,5/15/2026 19:13,5/15/2026 19:13
982,3,5,17,1935,228,472,C,B,5/16/2026 19:13,5/16/2026 19:13
983,3,17,9,1936,7,421,D,C,5/17/2026 19:13,5/17/2026 19:13
984,3,5,17,1937,214,173,C,D,5/18/2026 19:13,5/18/2026 19:13
985,1,17,5,1938,19,190,A,A,5/19/2026 19:13,5/19/2026 19:13
986,1,11,17,1939,241,334,C,B,5/20/2026 19:13,5/20/2026 19:13
987,4,17,14,1940,287,445,B,C,5/21/2026 19:13,5/21/2026 19:13
988,1,17,14,1941,298,98,B,D,5/22/2026 19:13,5/22/2026 19:13
989,2,17,8,1942,115,137,C,A,5/23/2026 19:13,5/23/2026 19:13
990,1,17,4,1943,197,87,A,B,5/24/2026 19:13,5/24/2026 19:13
991,2,17,8,1944,59,404,C,C,5/25/2026 19:13,5/25/2026 19:13
992,1,17,13,1945,127,407,C,D,5/26/2026 19:13,5/26/2026 19:13
993,3,17,6,1946,233,305,D,A,5/27/2026 19:13,5/27/2026 19:13
994,3,12,17,1947,31,159,B,B,5/28/2026 19:13,5/28/2026 19:13
995,2,12,17,1948,145,135,D,C,5/29/2026 19:13,5/29/2026 19:13
996,4,17,12,1949,294,318,D,D,5/30/2026 19:13,5/30/2026 19:13
997,4,3,17,1950,69,258,A,A,5/31/2026 19:13,5/31/2026 19:13
998,3,13,17,1951,252,257,D,B,6/1/2026 19:13,6/1/2026 19:13
999,2,14,17,1952,115,362,B,C,6/2/2026 19:13,6/2/2026 19:13
1000,4,17,9,1953,109,160,C,D,6/3/2026 19:13,6/3/2026 19:13
