1,1,1,2/24/2024 22:53,2/24/2024 22:53
2,2,2,10/31/2023 7:32,10/31/2023 7:32
3,3,3,12/15/2023 19:39,12/15/2023 19:39
4,4,4,1/22/2024 19:10,1/22/2024 19:10
5,5,5,2/15/2024 5:34,2/15/2024 5:34
6,6,6,8/11/2023 6:13,8/11/2023 6:13
7,7,7,4/11/2024 14:28,4/11/2024 14:28
8,8,8,5/24/2024 0:38,5/24/2024 0:38
9,9,9,12/8/2023 14:03,12/8/2023 14:03
10,10,10,9/15/2023 5:36,9/15/2023 5:36
11,11,11,9/18/2023 19:13,9/18/2023 19:13
12,12,12,3/15/2024 19:11,3/15/2024 19:11
13,13,13,10/15/2023 2:22,10/15/2023 2:22
14,14,14,10/12/2023 5:44,10/12/2023 5:44
15,15,15,1/1/2024 21:48,1/1/2024 21:48
16,16,16,2/25/2024 19:21,2/25/2024 19:21
17,17,17,3/8/2024 2:13,3/8/2024 2:13
18,18,18,6/3/2024 4:32,6/3/2024 4:32
19,19,19,6/4/2024 5:28,6/4/2024 5:28
20,20,20,10/9/2023 7:05,10/9/2023 7:05
21,21,21,12/27/2023 16:09,12/27/2023 16:09
22,22,22,7/1/2024 8:32,7/1/2024 8:32
23,23,23,6/28/2024 17:26,6/28/2024 17:26
24,24,24,2/16/2024 20:09,2/16/2024 20:09
25,25,25,2/24/2024 18:18,2/24/2024 18:18
26,26,26,3/18/2024 13:00,3/18/2024 13:00
27,27,27,5/12/2024 1:55,5/12/2024 1:55
28,28,28,9/12/2023 5:33,9/12/2023 5:33
29,29,29,9/21/2023 13:27,9/21/2023 13:27
30,30,30,11/11/2023 23:16,11/11/2023 23:16
31,31,31,8/14/2023 3:42,8/14/2023 3:42
32,32,32,3/30/2024 22:38,3/30/2024 22:38
33,33,33,8/20/2023 19:30,8/20/2023 19:30
34,34,34,3/5/2024 2:55,3/5/2024 2:55
35,35,35,8/9/2023 19:56,8/9/2023 19:56
36,36,36,3/9/2024 2:19,3/9/2024 2:19
37,37,37,4/21/2024 3:14,4/21/2024 3:14
38,38,38,12/26/2023 15:05,12/26/2023 15:05
39,39,39,12/19/2023 19:11,12/19/2023 19:11
40,40,40,3/10/2024 17:41,3/10/2024 17:41
41,41,41,4/2/2024 1:28,4/2/2024 1:28
42,42,42,11/19/2023 10:33,11/19/2023 10:33
43,43,43,3/18/2024 17:55,3/18/2024 17:55
44,44,44,8/16/2023 3:14,8/16/2023 3:14
45,45,45,7/7/2024 1:07,7/7/2024 1:07
46,46,46,8/1/2023 21:22,8/1/2023 21:22
47,47,47,11/2/2023 21:13,11/2/2023 21:13
48,48,48,11/16/2023 5:01,11/16/2023 5:01
49,49,49,10/26/2023 15:55,10/26/2023 15:55
50,50,50,8/8/2023 1:45,8/8/2023 1:45
51,51,51,12/9/2023 19:07,12/9/2023 19:07
52,52,52,7/6/2024 4:58,7/6/2024 4:58
53,53,53,9/21/2023 19:26,9/21/2023 19:26
54,54,54,12/12/2023 13:57,12/12/2023 13:57
55,55,55,7/1/2024 0:26,7/1/2024 0:26
56,56,56,10/23/2023 17:41,10/23/2023 17:41
57,57,57,10/20/2023 15:03,10/20/2023 15:03
58,58,58,2/28/2024 0:19,2/28/2024 0:19
59,59,59,5/10/2024 3:58,5/10/2024 3:58
60,60,60,2/20/2024 2:37,2/20/2024 2:37
61,61,61,5/14/2024 13:22,5/14/2024 13:22
62,62,62,7/31/2023 16:10,7/31/2023 16:10
63,63,63,5/24/2024 18:06,5/24/2024 18:06
64,64,64,12/14/2023 21:46,12/14/2023 21:46
65,65,65,8/3/2023 10:21,8/3/2023 10:21
66,66,66,10/28/2023 2:30,10/28/2023 2:30
67,67,67,3/2/2024 18:56,3/2/2024 18:56
68,68,68,6/6/2024 5:42,6/6/2024 5:42
69,69,69,2/3/2024 9:49,2/3/2024 9:49
70,70,70,10/5/2023 15:57,10/5/2023 15:57
71,71,71,3/16/2024 10:49,3/16/2024 10:49
72,72,72,3/6/2024 15:39,3/6/2024 15:39
73,73,73,8/22/2023 15:00,8/22/2023 15:00
74,74,74,9/18/2023 2:11,9/18/2023 2:11
75,75,75,7/12/2024 10:15,7/12/2024 10:15
76,76,76,1/13/2024 16:07,1/13/2024 16:07
77,77,77,6/22/2024 22:53,6/22/2024 22:53
78,78,78,3/5/2024 19:11,3/5/2024 19:11
79,79,79,1/23/2024 23:23,1/23/2024 23:23
80,80,80,12/12/2023 4:30,12/12/2023 4:30
81,81,81,4/22/2024 8:00,4/22/2024 8:00
82,82,82,12/25/2023 5:59,12/25/2023 5:59
83,83,83,3/17/2024 3:50,3/17/2024 3:50
84,84,84,3/29/2024 3:52,3/29/2024 3:52
85,85,85,3/16/2024 11:42,3/16/2024 11:42
86,86,86,12/5/2023 18:04,12/5/2023 18:04
87,87,87,1/26/2024 18:56,1/26/2024 18:56
88,88,88,4/2/2024 8:13,4/2/2024 8:13
89,89,89,9/7/2023 21:33,9/7/2023 21:33
90,90,90,10/5/2023 11:05,10/5/2023 11:05
91,91,91,12/5/2023 16:54,12/5/2023 16:54
92,92,92,1/24/2024 18:18,1/24/2024 18:18
93,93,93,11/2/2023 12:40,11/2/2023 12:40
94,94,94,7/6/2024 4:08,7/6/2024 4:08
95,95,95,3/4/2024 1:57,3/4/2024 1:57
96,96,96,3/19/2024 18:50,3/19/2024 18:50
97,97,97,11/15/2023 14:40,11/15/2023 14:40
98,98,98,4/20/2024 10:44,4/20/2024 10:44
99,99,99,2/24/2024 5:23,2/24/2024 5:23
100,100,100,5/26/2024 12:14,5/26/2024 12:14
101,101,101,1/6/2024 14:36,1/6/2024 14:36
102,102,102,9/26/2023 7:13,9/26/2023 7:13
103,103,103,4/27/2024 3:50,4/27/2024 3:50
104,104,104,5/8/2024 1:24,5/8/2024 1:24
105,105,105,9/15/2023 3:15,9/15/2023 3:15
106,106,106,4/8/2024 11:39,4/8/2024 11:39
107,107,107,9/16/2023 19:18,9/16/2023 19:18
108,108,108,2/27/2024 21:37,2/27/2024 21:37
109,109,109,2/4/2024 8:53,2/4/2024 8:53
110,110,110,11/13/2023 17:11,11/13/2023 17:11
111,111,111,10/20/2023 22:39,10/20/2023 22:39
112,112,112,9/12/2023 14:06,9/12/2023 14:06
113,113,113,1/7/2024 14:47,1/7/2024 14:47
114,114,114,2/4/2024 7:39,2/4/2024 7:39
115,115,115,5/26/2024 5:36,5/26/2024 5:36
116,116,116,3/11/2024 19:08,3/11/2024 19:08
117,117,117,8/18/2023 19:35,8/18/2023 19:35
118,118,118,4/27/2024 2:59,4/27/2024 2:59
119,119,119,9/24/2023 16:21,9/24/2023 16:21
120,120,120,10/15/2023 21:18,10/15/2023 21:18
121,121,121,9/14/2023 2:45,9/14/2023 2:45
122,122,122,3/4/2024 19:27,3/4/2024 19:27
123,123,123,12/13/2023 20:28,12/13/2023 20:28
124,124,124,1/29/2024 20:58,1/29/2024 20:58
125,125,125,4/2/2024 13:00,4/2/2024 13:00
126,126,126,9/8/2023 13:29,9/8/2023 13:29
127,127,127,6/23/2024 5:29,6/23/2024 5:29
128,128,128,7/13/2024 9:51,7/13/2024 9:51
129,129,129,2/15/2024 21:17,2/15/2024 21:17
130,130,130,11/11/2023 9:38,11/11/2023 9:38
131,131,131,4/11/2024 19:44,4/11/2024 19:44
132,132,132,10/1/2023 17:14,10/1/2023 17:14
133,133,133,8/16/2023 3:38,8/16/2023 3:38
134,134,134,8/15/2023 5:59,8/15/2023 5:59
135,135,135,3/31/2024 17:56,3/31/2024 17:56
136,136,136,11/21/2023 21:53,11/21/2023 21:53
137,137,137,6/2/2024 3:46,6/2/2024 3:46
138,138,138,11/3/2023 17:15,11/3/2023 17:15
139,139,139,3/13/2024 2:28,3/13/2024 2:28
140,140,140,3/10/2024 16:51,3/10/2024 16:51
141,141,141,2/11/2024 16:09,2/11/2024 16:09
142,142,142,1/3/2024 20:02,1/3/2024 20:02
143,143,143,7/25/2023 6:06,7/25/2023 6:06
144,144,144,7/14/2024 4:37,7/14/2024 4:37
145,145,145,11/18/2023 10:38,11/18/2023 10:38
146,146,146,11/6/2023 10:55,11/6/2023 10:55
147,147,147,9/22/2023 5:25,9/22/2023 5:25
148,148,148,9/5/2023 15:55,9/5/2023 15:55
149,149,149,3/21/2024 18:52,3/21/2024 18:52
150,150,150,10/15/2023 12:46,10/15/2023 12:46
151,151,151,5/10/2024 10:10,5/10/2024 10:10
152,152,152,6/20/2024 17:02,6/20/2024 17:02
153,153,153,11/2/2023 13:18,11/2/2023 13:18
154,154,154,1/1/2024 10:14,1/1/2024 10:14
155,155,155,6/10/2024 2:05,6/10/2024 2:05
156,156,156,7/13/2024 11:28,7/13/2024 11:28
157,157,157,12/3/2023 2:38,12/3/2023 2:38
158,158,158,4/19/2024 18:51,4/19/2024 18:51
159,159,159,5/27/2024 5:04,5/27/2024 5:04
160,160,160,2/12/2024 19:53,2/12/2024 19:53
161,161,161,4/26/2024 20:28,4/26/2024 20:28
162,162,162,1/18/2024 21:06,1/18/2024 21:06
163,163,163,5/14/2024 2:36,5/14/2024 2:36
164,164,164,6/9/2024 2:32,6/9/2024 2:32
165,165,165,10/25/2023 8:47,10/25/2023 8:47
166,166,166,10/31/2023 11:19,10/31/2023 11:19
167,167,167,12/12/2023 19:58,12/12/2023 19:58
168,168,168,8/14/2023 9:26,8/14/2023 9:26
169,169,169,4/29/2024 4:32,4/29/2024 4:32
170,170,170,11/12/2023 23:21,11/12/2023 23:21
171,171,171,7/17/2024 17:02,7/17/2024 17:02
172,172,172,3/30/2024 16:31,3/30/2024 16:31
173,173,173,3/11/2024 13:53,3/11/2024 13:53
174,174,174,6/9/2024 23:37,6/9/2024 23:37
175,175,175,3/6/2024 0:09,3/6/2024 0:09
176,176,176,11/3/2023 5:34,11/3/2023 5:34
177,177,177,11/3/2023 5:41,11/3/2023 5:41
178,178,178,12/18/2023 13:05,12/18/2023 13:05
179,179,179,11/21/2023 2:46,11/21/2023 2:46
180,180,180,6/20/2024 10:36,6/20/2024 10:36
181,181,181,10/30/2023 18:32,10/30/2023 18:32
182,182,182,1/18/2024 5:37,1/18/2024 5:37
183,183,183,3/11/2024 9:25,3/11/2024 9:25
184,184,184,6/27/2024 2:01,6/27/2024 2:01
185,185,185,5/14/2024 11:44,5/14/2024 11:44
186,186,186,7/29/2023 9:29,7/29/2023 9:29
187,187,187,7/29/2023 9:21,7/29/2023 9:21
188,188,188,8/30/2023 1:55,8/30/2023 1:55
189,189,189,6/15/2024 7:14,6/15/2024 7:14
190,190,190,2/15/2024 13:43,2/15/2024 13:43
191,191,191,9/15/2023 7:25,9/15/2023 7:25
192,192,192,6/8/2024 14:12,6/8/2024 14:12
193,193,193,4/25/2024 18:37,4/25/2024 18:37
194,194,194,8/10/2023 17:49,8/10/2023 17:49
195,195,195,12/27/2023 17:30,12/27/2023 17:30
196,196,196,7/20/2024 19:33,7/20/2024 19:33
197,197,197,9/8/2023 22:26,9/8/2023 22:26
198,198,198,10/5/2023 2:14,10/5/2023 2:14
199,199,199,9/2/2023 11:21,9/2/2023 11:21
200,200,200,1/9/2024 9:23,1/9/2024 9:23
201,201,201,5/29/2024 13:24,5/29/2024 13:24
202,202,202,2/17/2024 14:33,2/17/2024 14:33
203,203,203,5/15/2024 15:59,5/15/2024 15:59
204,204,204,6/14/2024 18:32,6/14/2024 18:32
205,205,205,4/2/2024 7:12,4/2/2024 7:12
206,206,206,2/24/2024 1:33,2/24/2024 1:33
207,207,207,6/24/2024 15:19,6/24/2024 15:19
208,208,208,7/23/2023 6:09,7/23/2023 6:09
209,209,209,1/20/2024 16:15,1/20/2024 16:15
210,210,210,5/19/2024 4:38,5/19/2024 4:38
211,211,211,1/28/2024 22:14,1/28/2024 22:14
212,212,212,10/3/2023 6:34,10/3/2023 6:34
213,213,213,3/15/2024 18:34,3/15/2024 18:34
214,214,214,4/4/2024 9:27,4/4/2024 9:27
215,215,215,8/12/2023 23:16,8/12/2023 23:16
216,216,216,12/23/2023 20:12,12/23/2023 20:12
217,217,217,3/24/2024 22:12,3/24/2024 22:12
218,218,218,1/30/2024 6:33,1/30/2024 6:33
219,219,219,1/22/2024 6:25,1/22/2024 6:25
220,220,220,11/13/2023 12:59,11/13/2023 12:59
221,221,221,7/4/2024 9:26,7/4/2024 9:26
222,222,222,7/30/2023 10:52,7/30/2023 10:52
223,223,223,12/12/2023 23:34,12/12/2023 23:34
224,224,224,10/19/2023 3:53,10/19/2023 3:53
225,225,225,11/3/2023 14:35,11/3/2023 14:35
226,226,226,8/30/2023 18:07,8/30/2023 18:07
227,227,227,5/3/2024 3:46,5/3/2024 3:46
228,228,228,10/23/2023 21:06,10/23/2023 21:06
229,229,229,11/30/2023 21:36,11/30/2023 21:36
230,230,230,1/23/2024 10:55,1/23/2024 10:55
231,231,231,1/4/2024 9:57,1/4/2024 9:57
232,232,232,7/17/2024 8:50,7/17/2024 8:50
233,233,233,1/25/2024 17:27,1/25/2024 17:27
234,234,234,12/21/2023 2:00,12/21/2023 2:00
235,235,235,10/21/2023 16:22,10/21/2023 16:22
236,236,236,7/10/2024 3:12,7/10/2024 3:12
237,237,237,2/29/2024 17:36,2/29/2024 17:36
238,238,238,8/15/2023 21:18,8/15/2023 21:18
239,239,239,9/27/2023 10:19,9/27/2023 10:19
240,240,240,11/2/2023 13:50,11/2/2023 13:50
241,241,241,6/25/2024 11:04,6/25/2024 11:04
242,242,242,8/18/2023 6:14,8/18/2023 6:14
243,243,243,4/27/2024 23:36,4/27/2024 23:36
244,244,244,10/23/2023 2:12,10/23/2023 2:12
245,245,245,1/10/2024 12:06,1/10/2024 12:06
246,246,246,2/27/2024 18:42,2/27/2024 18:42
247,247,247,5/29/2024 6:53,5/29/2024 6:53
248,248,248,12/21/2023 14:18,12/21/2023 14:18
249,249,249,10/16/2023 10:05,10/16/2023 10:05
250,250,250,10/12/2023 19:46,10/12/2023 19:46
251,251,251,6/26/2024 6:40,6/26/2024 6:40
252,252,252,12/12/2023 10:08,12/12/2023 10:08
253,253,253,1/9/2024 5:03,1/9/2024 5:03
254,254,254,8/16/2023 15:27,8/16/2023 15:27
255,255,255,1/5/2024 4:59,1/5/2024 4:59
256,256,256,9/14/2023 21:27,9/14/2023 21:27
257,257,257,4/28/2024 11:09,4/28/2024 11:09
258,258,258,8/16/2023 2:40,8/16/2023 2:40
259,259,259,10/29/2023 11:33,10/29/2023 11:33
260,260,260,12/17/2023 7:20,12/17/2023 7:20
261,261,261,1/21/2024 6:56,1/21/2024 6:56
262,262,262,11/5/2023 1:05,11/5/2023 1:05
263,263,263,6/13/2024 19:01,6/13/2024 19:01
264,264,264,12/8/2023 17:34,12/8/2023 17:34
265,265,265,9/13/2023 8:28,9/13/2023 8:28
266,266,266,7/16/2024 1:00,7/16/2024 1:00
267,267,267,12/28/2023 6:30,12/28/2023 6:30
268,268,268,3/8/2024 5:35,3/8/2024 5:35
269,269,269,12/26/2023 10:17,12/26/2023 10:17
270,270,270,1/7/2024 3:00,1/7/2024 3:00
271,271,271,6/19/2024 0:42,6/19/2024 0:42
272,272,272,6/1/2024 23:42,6/1/2024 23:42
273,273,273,8/16/2023 3:43,8/16/2023 3:43
274,274,274,9/20/2023 8:51,9/20/2023 8:51
275,275,275,12/13/2023 22:22,12/13/2023 22:22
276,276,276,6/11/2024 22:44,6/11/2024 22:44
277,277,277,1/20/2024 9:39,1/20/2024 9:39
278,278,278,6/20/2024 12:05,6/20/2024 12:05
279,279,279,6/24/2024 14:34,6/24/2024 14:34
280,280,280,12/3/2023 21:56,12/3/2023 21:56
281,281,281,11/15/2023 6:06,11/15/2023 6:06
282,282,282,8/23/2023 14:47,8/23/2023 14:47
283,283,283,5/18/2024 3:22,5/18/2024 3:22
284,284,284,10/28/2023 3:57,10/28/2023 3:57
285,285,285,3/20/2024 4:13,3/20/2024 4:13
286,286,286,6/30/2024 1:49,6/30/2024 1:49
287,287,287,7/20/2024 1:50,7/20/2024 1:50
288,288,288,1/1/2024 21:43,1/1/2024 21:43
289,289,289,11/7/2023 7:28,11/7/2023 7:28
290,290,290,11/17/2023 19:35,11/17/2023 19:35
291,291,291,5/17/2024 7:55,5/17/2024 7:55
292,292,292,11/6/2023 14:15,11/6/2023 14:15
293,293,293,1/7/2024 4:17,1/7/2024 4:17
294,294,294,10/8/2023 3:34,10/8/2023 3:34
295,295,295,11/21/2023 12:51,11/21/2023 12:51
296,296,296,11/14/2023 1:17,11/14/2023 1:17
297,297,297,2/15/2024 20:46,2/15/2024 20:46
298,298,298,9/24/2023 22:15,9/24/2023 22:15
299,299,299,9/23/2023 6:22,9/23/2023 6:22
300,300,300,11/18/2023 10:23,11/18/2023 10:23
301,301,301,4/22/2024 16:52,4/22/2024 16:52
302,302,302,4/6/2024 4:56,4/6/2024 4:56
303,303,303,8/24/2023 17:27,8/24/2023 17:27
304,304,304,4/10/2024 21:10,4/10/2024 21:10
305,305,305,8/7/2023 18:22,8/7/2023 18:22
306,306,306,7/21/2024 5:47,7/21/2024 5:47
307,307,307,5/1/2024 9:46,5/1/2024 9:46
308,308,308,12/22/2023 12:47,12/22/2023 12:47
309,309,309,4/18/2024 7:24,4/18/2024 7:24
310,310,310,3/26/2024 19:05,3/26/2024 19:05
311,311,311,7/17/2024 6:22,7/17/2024 6:22
312,312,312,2/19/2024 20:48,2/19/2024 20:48
313,313,313,6/4/2024 9:12,6/4/2024 9:12
314,314,314,6/27/2024 5:23,6/27/2024 5:23
315,315,315,12/30/2023 8:28,12/30/2023 8:28
316,316,316,3/18/2024 20:05,3/18/2024 20:05
317,317,317,2/18/2024 2:14,2/18/2024 2:14
318,318,318,4/2/2024 13:21,4/2/2024 13:21
319,319,319,4/19/2024 14:17,4/19/2024 14:17
320,320,320,12/31/2023 8:00,12/31/2023 8:00
321,321,321,3/31/2024 22:58,3/31/2024 22:58
322,322,322,11/21/2023 14:50,11/21/2023 14:50
323,323,323,8/9/2023 10:19,8/9/2023 10:19
324,324,324,6/9/2024 22:09,6/9/2024 22:09
325,325,325,1/2/2024 4:15,1/2/2024 4:15
326,326,326,4/4/2024 19:27,4/4/2024 19:27
327,327,327,7/7/2024 12:39,7/7/2024 12:39
328,328,328,10/26/2023 12:25,10/26/2023 12:25
329,329,329,2/8/2024 0:23,2/8/2024 0:23
330,330,330,4/20/2024 7:51,4/20/2024 7:51
331,331,331,7/16/2024 22:39,7/16/2024 22:39
332,332,332,4/17/2024 0:17,4/17/2024 0:17
333,333,333,3/16/2024 14:13,3/16/2024 14:13
334,334,334,12/30/2023 23:16,12/30/2023 23:16
335,335,335,10/2/2023 23:34,10/2/2023 23:34
336,336,336,1/27/2024 4:36,1/27/2024 4:36
337,337,337,8/14/2023 13:30,8/14/2023 13:30
338,338,338,1/17/2024 15:00,1/17/2024 15:00
339,339,339,5/6/2024 15:36,5/6/2024 15:36
340,340,340,1/6/2024 2:48,1/6/2024 2:48
341,341,341,2/29/2024 7:23,2/29/2024 7:23
342,342,342,11/20/2023 4:31,11/20/2023 4:31
343,343,343,4/29/2024 20:38,4/29/2024 20:38
344,344,344,10/13/2023 20:12,10/13/2023 20:12
345,345,345,5/28/2024 20:00,5/28/2024 20:00
346,346,346,11/21/2023 7:04,11/21/2023 7:04
347,347,347,10/15/2023 7:42,10/15/2023 7:42
348,348,348,9/4/2023 13:13,9/4/2023 13:13
349,349,349,8/31/2023 18:03,8/31/2023 18:03
350,350,350,5/24/2024 3:09,5/24/2024 3:09
351,351,351,11/16/2023 6:05,11/16/2023 6:05
352,352,352,4/19/2024 23:48,4/19/2024 23:48
353,353,353,6/11/2024 16:43,6/11/2024 16:43
354,354,354,1/23/2024 0:31,1/23/2024 0:31
355,355,355,1/17/2024 19:56,1/17/2024 19:56
356,356,356,6/27/2024 3:50,6/27/2024 3:50
357,357,357,3/17/2024 2:25,3/17/2024 2:25
358,358,358,5/5/2024 9:14,5/5/2024 9:14
359,359,359,3/7/2024 11:10,3/7/2024 11:10
360,360,360,12/22/2023 8:49,12/22/2023 8:49
361,361,361,12/21/2023 6:18,12/21/2023 6:18
362,362,362,3/26/2024 7:04,3/26/2024 7:04
363,363,363,8/27/2023 9:24,8/27/2023 9:24
364,364,364,2/26/2024 7:43,2/26/2024 7:43
365,365,365,1/28/2024 15:34,1/28/2024 15:34
366,366,366,10/24/2023 4:06,10/24/2023 4:06
367,367,367,2/26/2024 7:36,2/26/2024 7:36
368,368,368,11/6/2023 21:15,11/6/2023 21:15
369,369,369,10/4/2023 22:10,10/4/2023 22:10
370,370,370,6/25/2024 0:56,6/25/2024 0:56
371,371,371,3/16/2024 15:59,3/16/2024 15:59
372,372,372,6/20/2024 13:16,6/20/2024 13:16
373,373,373,3/1/2024 20:56,3/1/2024 20:56
374,374,374,1/27/2024 11:02,1/27/2024 11:02
375,375,375,9/16/2023 9:00,9/16/2023 9:00
376,376,376,4/18/2024 9:41,4/18/2024 9:41
377,377,377,2/19/2024 21:19,2/19/2024 21:19
378,378,378,12/11/2023 20:10,12/11/2023 20:10
379,379,379,7/17/2024 7:39,7/17/2024 7:39
380,380,380,2/14/2024 18:50,2/14/2024 18:50
381,381,381,2/12/2024 7:52,2/12/2024 7:52
382,382,382,6/7/2024 8:17,6/7/2024 8:17
383,383,383,10/17/2023 16:47,10/17/2023 16:47
384,384,384,5/14/2024 14:11,5/14/2024 14:11
385,385,385,4/19/2024 11:30,4/19/2024 11:30
386,386,386,2/17/2024 10:11,2/17/2024 10:11
387,387,387,11/8/2023 17:21,11/8/2023 17:21
388,388,388,12/27/2023 12:09,12/27/2023 12:09
389,389,389,11/16/2023 9:01,11/16/2023 9:01
390,390,390,1/17/2024 13:28,1/17/2024 13:28
391,391,391,2/19/2024 21:35,2/19/2024 21:35
392,392,392,12/9/2023 2:22,12/9/2023 2:22
393,393,393,3/25/2024 19:42,3/25/2024 19:42
394,394,394,9/6/2023 17:10,9/6/2023 17:10
395,395,395,2/23/2024 9:50,2/23/2024 9:50
396,396,396,8/6/2023 1:45,8/6/2023 1:45
397,397,397,9/1/2023 22:26,9/1/2023 22:26
398,398,398,3/3/2024 10:46,3/3/2024 10:46
399,399,399,3/21/2024 16:06,3/21/2024 16:06
400,400,400,1/13/2024 17:39,1/13/2024 17:39
401,401,401,4/18/2024 16:21,4/18/2024 16:21
402,402,402,10/5/2023 20:13,10/5/2023 20:13
403,403,403,3/22/2024 3:10,3/22/2024 3:10
404,404,404,9/15/2023 1:39,9/15/2023 1:39
405,405,405,7/8/2024 10:11,7/8/2024 10:11
406,406,406,6/21/2024 9:54,6/21/2024 9:54
407,407,407,3/14/2024 15:02,3/14/2024 15:02
408,408,408,5/15/2024 20:15,5/15/2024 20:15
409,409,409,6/8/2024 21:12,6/8/2024 21:12
410,410,410,7/11/2024 7:20,7/11/2024 7:20
411,411,411,4/28/2024 11:43,4/28/2024 11:43
412,412,412,10/25/2023 4:16,10/25/2023 4:16
413,413,413,7/27/2023 4:35,7/27/2023 4:35
414,414,414,5/18/2024 11:01,5/18/2024 11:01
415,415,415,12/22/2023 12:48,12/22/2023 12:48
416,416,416,12/9/2023 17:02,12/9/2023 17:02
417,417,417,3/31/2024 8:07,3/31/2024 8:07
418,418,418,10/7/2023 9:10,10/7/2023 9:10
419,419,419,1/14/2024 14:11,1/14/2024 14:11
420,420,420,6/12/2024 16:00,6/12/2024 16:00
421,421,421,9/6/2023 10:53,9/6/2023 10:53
422,422,422,9/29/2023 7:24,9/29/2023 7:24
423,423,423,6/11/2024 4:56,6/11/2024 4:56
424,424,424,8/13/2023 3:59,8/13/2023 3:59
425,425,425,8/17/2023 12:38,8/17/2023 12:38
426,426,426,8/3/2023 22:28,8/3/2023 22:28
427,427,427,9/29/2023 19:05,9/29/2023 19:05
428,428,428,3/22/2024 9:17,3/22/2024 9:17
429,429,429,4/15/2024 5:00,4/15/2024 5:00
430,430,430,9/19/2023 16:25,9/19/2023 16:25
431,431,431,9/23/2023 6:18,9/23/2023 6:18
432,432,432,6/23/2024 19:20,6/23/2024 19:20
433,433,433,1/3/2024 17:47,1/3/2024 17:47
434,434,434,1/24/2024 3:01,1/24/2024 3:01
435,435,435,4/13/2024 11:58,4/13/2024 11:58
436,436,436,11/4/2023 20:58,11/4/2023 20:58
437,437,437,12/7/2023 14:56,12/7/2023 14:56
438,438,438,6/15/2024 18:24,6/15/2024 18:24
439,439,439,11/30/2023 18:30,11/30/2023 18:30
440,440,440,6/16/2024 11:07,6/16/2024 11:07
441,441,441,6/14/2024 2:17,6/14/2024 2:17
442,442,442,4/17/2024 12:08,4/17/2024 12:08
443,443,443,6/30/2024 19:09,6/30/2024 19:09
444,444,444,9/15/2023 21:01,9/15/2023 21:01
445,445,445,12/13/2023 11:57,12/13/2023 11:57
446,446,446,1/16/2024 12:20,1/16/2024 12:20
447,447,447,4/25/2024 13:43,4/25/2024 13:43
448,448,448,2/21/2024 7:53,2/21/2024 7:53
449,449,449,4/8/2024 13:59,4/8/2024 13:59
450,450,450,2/5/2024 14:08,2/5/2024 14:08
451,451,451,8/12/2023 23:56,8/12/2023 23:56
452,452,452,7/16/2024 20:39,7/16/2024 20:39
453,453,453,3/28/2024 22:04,3/28/2024 22:04
454,454,454,9/13/2023 5:53,9/13/2023 5:53
455,455,455,5/17/2024 13:39,5/17/2024 13:39
456,456,456,6/10/2024 2:16,6/10/2024 2:16
457,457,457,4/21/2024 8:44,4/21/2024 8:44
458,458,458,8/31/2023 4:04,8/31/2023 4:04
459,459,459,3/12/2024 13:40,3/12/2024 13:40
460,460,460,5/31/2024 3:55,5/31/2024 3:55
461,461,461,1/7/2024 14:58,1/7/2024 14:58
462,462,462,2/7/2024 0:29,2/7/2024 0:29
463,463,463,3/7/2024 17:36,3/7/2024 17:36
464,464,464,9/1/2023 0:59,9/1/2023 0:59
465,465,465,2/12/2024 17:45,2/12/2024 17:45
466,466,466,11/12/2023 18:49,11/12/2023 18:49
467,467,467,8/23/2023 20:58,8/23/2023 20:58
468,468,468,9/22/2023 5:20,9/22/2023 5:20
469,469,469,12/29/2023 17:48,12/29/2023 17:48
470,470,470,4/22/2024 9:51,4/22/2024 9:51
471,471,471,4/8/2024 21:28,4/8/2024 21:28
472,472,472,7/29/2023 23:00,7/29/2023 23:00
473,473,473,5/26/2024 9:55,5/26/2024 9:55
474,474,474,3/22/2024 2:03,3/22/2024 2:03
475,475,475,2/2/2024 20:54,2/2/2024 20:54
476,476,476,1/30/2024 12:05,1/30/2024 12:05
477,477,477,1/22/2024 1:34,1/22/2024 1:34
478,478,478,9/17/2023 7:27,9/17/2023 7:27
479,479,479,12/6/2023 3:13,12/6/2023 3:13
480,480,480,5/9/2024 20:20,5/9/2024 20:20
481,481,481,3/17/2024 7:02,3/17/2024 7:02
482,482,482,9/28/2023 12:07,9/28/2023 12:07
483,483,483,10/30/2023 17:09,10/30/2023 17:09
484,484,484,12/9/2023 6:38,12/9/2023 6:38
485,485,485,3/27/2024 20:09,3/27/2024 20:09
486,486,486,2/17/2024 22:57,2/17/2024 22:57
487,487,487,7/2/2024 9:06,7/2/2024 9:06
488,488,488,12/31/2023 4:53,12/31/2023 4:53
489,489,489,5/31/2024 8:49,5/31/2024 8:49
490,490,490,11/27/2023 11:53,11/27/2023 11:53
491,491,491,9/24/2023 15:31,9/24/2023 15:31
492,492,492,1/2/2024 17:05,1/2/2024 17:05
493,493,493,12/21/2023 6:41,12/21/2023 6:41
494,494,494,12/31/2023 22:54,12/31/2023 22:54
495,495,495,7/6/2024 15:14,7/6/2024 15:14
496,496,496,4/20/2024 23:25,4/20/2024 23:25
497,497,497,12/11/2023 21:40,12/11/2023 21:40
498,498,498,11/17/2023 5:06,11/17/2023 5:06
499,499,499,4/6/2024 2:30,4/6/2024 2:30
500,500,500,2/27/2024 5:04,2/27/2024 5:04
501,501,501,1/1/2024 1:45,1/1/2024 1:45
502,502,502,2/19/2024 21:29,2/19/2024 21:29
503,503,503,9/15/2023 11:20,9/15/2023 11:20
504,504,504,4/23/2024 6:38,4/23/2024 6:38
505,505,505,12/27/2023 7:16,12/27/2023 7:16
506,506,506,2/9/2024 13:12,2/9/2024 13:12
507,507,507,4/14/2024 22:42,4/14/2024 22:42
508,508,508,5/11/2024 4:55,5/11/2024 4:55
509,509,509,10/6/2023 5:57,10/6/2023 5:57
510,510,510,12/27/2023 0:26,12/27/2023 0:26
511,511,511,8/3/2023 17:46,8/3/2023 17:46
512,512,512,6/6/2024 9:27,6/6/2024 9:27
513,513,513,8/3/2023 5:53,8/3/2023 5:53
514,514,514,2/6/2024 23:29,2/6/2024 23:29
515,515,515,6/7/2024 6:35,6/7/2024 6:35
516,516,516,5/6/2024 7:30,5/6/2024 7:30
517,517,517,2/5/2024 14:08,2/5/2024 14:08
518,518,518,11/24/2023 12:52,11/24/2023 12:52
519,519,519,11/12/2023 7:32,11/12/2023 7:32
520,520,520,7/29/2023 0:49,7/29/2023 0:49
521,521,521,12/27/2023 12:15,12/27/2023 12:15
522,522,522,10/2/2023 17:22,10/2/2023 17:22
523,523,523,5/12/2024 6:20,5/12/2024 6:20
524,524,524,5/7/2024 1:15,5/7/2024 1:15
525,525,525,1/8/2024 1:05,1/8/2024 1:05
526,526,526,5/9/2024 10:55,5/9/2024 10:55
527,527,527,9/29/2023 19:09,9/29/2023 19:09
528,528,528,4/16/2024 2:10,4/16/2024 2:10
529,529,529,4/15/2024 6:45,4/15/2024 6:45
530,530,530,10/1/2023 7:31,10/1/2023 7:31
531,531,531,7/13/2024 10:09,7/13/2024 10:09
532,532,532,8/31/2023 22:58,8/31/2023 22:58
533,533,533,1/20/2024 7:44,1/20/2024 7:44
534,534,534,10/28/2023 22:59,10/28/2023 22:59
535,535,535,8/20/2023 19:58,8/20/2023 19:58
536,536,536,11/22/2023 5:05,11/22/2023 5:05
537,537,537,9/22/2023 16:55,9/22/2023 16:55
538,538,538,3/16/2024 4:03,3/16/2024 4:03
539,539,539,6/11/2024 3:19,6/11/2024 3:19
540,540,540,8/5/2023 5:12,8/5/2023 5:12
541,541,541,9/3/2023 21:25,9/3/2023 21:25
542,542,542,8/26/2023 9:26,8/26/2023 9:26
543,543,543,11/29/2023 2:27,11/29/2023 2:27
544,544,544,3/21/2024 7:45,3/21/2024 7:45
545,545,545,5/30/2024 11:23,5/30/2024 11:23
546,546,546,5/6/2024 12:07,5/6/2024 12:07
547,547,547,2/25/2024 8:49,2/25/2024 8:49
548,548,548,5/2/2024 9:30,5/2/2024 9:30
549,549,549,10/26/2023 12:51,10/26/2023 12:51
550,550,550,10/6/2023 20:14,10/6/2023 20:14
551,551,551,5/16/2024 6:47,5/16/2024 6:47
552,552,552,5/13/2024 19:41,5/13/2024 19:41
553,553,553,3/16/2024 4:09,3/16/2024 4:09
554,554,554,6/26/2024 21:03,6/26/2024 21:03
555,555,555,5/30/2024 13:42,5/30/2024 13:42
556,556,556,5/19/2024 7:32,5/19/2024 7:32
557,557,557,1/28/2024 19:25,1/28/2024 19:25
558,558,558,7/3/2024 10:45,7/3/2024 10:45
559,559,559,9/26/2023 16:52,9/26/2023 16:52
560,560,560,3/19/2024 2:08,3/19/2024 2:08
561,561,561,1/27/2024 1:14,1/27/2024 1:14
562,562,562,9/6/2023 20:30,9/6/2023 20:30
563,563,563,9/9/2023 11:36,9/9/2023 11:36
564,564,564,7/2/2024 7:32,7/2/2024 7:32
565,565,565,6/14/2024 6:09,6/14/2024 6:09
566,566,566,1/22/2024 5:26,1/22/2024 5:26
567,567,567,2/15/2024 0:37,2/15/2024 0:37
568,568,568,10/11/2023 15:42,10/11/2023 15:42
569,569,569,10/19/2023 13:50,10/19/2023 13:50
570,570,570,11/13/2023 8:30,11/13/2023 8:30
571,571,571,5/29/2024 22:53,5/29/2024 22:53
572,572,572,1/24/2024 23:16,1/24/2024 23:16
573,573,573,5/12/2024 5:38,5/12/2024 5:38
574,574,574,11/23/2023 6:48,11/23/2023 6:48
575,575,575,11/20/2023 0:30,11/20/2023 0:30
576,576,576,11/26/2023 12:50,11/26/2023 12:50
577,577,577,12/7/2023 15:18,12/7/2023 15:18
578,578,578,7/21/2024 0:01,7/21/2024 0:01
579,579,579,8/18/2023 12:55,8/18/2023 12:55
580,580,580,4/19/2024 22:22,4/19/2024 22:22
581,581,581,11/21/2023 5:59,11/21/2023 5:59
582,582,582,4/12/2024 20:10,4/12/2024 20:10
583,583,583,2/21/2024 9:09,2/21/2024 9:09
584,584,584,12/12/2023 14:51,12/12/2023 14:51
585,585,585,2/25/2024 16:35,2/25/2024 16:35
586,586,586,9/14/2023 19:41,9/14/2023 19:41
587,587,587,9/1/2023 9:43,9/1/2023 9:43
588,588,588,8/17/2023 15:43,8/17/2023 15:43
589,589,589,9/25/2023 18:27,9/25/2023 18:27
590,590,590,5/16/2024 18:58,5/16/2024 18:58
591,591,591,6/8/2024 9:33,6/8/2024 9:33
592,592,592,2/3/2024 10:36,2/3/2024 10:36
593,593,593,10/21/2023 4:54,10/21/2023 4:54
594,594,594,1/9/2024 13:27,1/9/2024 13:27
595,595,595,8/1/2023 16:47,8/1/2023 16:47
596,596,596,11/5/2023 21:01,11/5/2023 21:01
597,597,597,6/23/2024 7:29,6/23/2024 7:29
598,598,598,12/20/2023 20:01,12/20/2023 20:01
599,599,599,9/15/2023 18:05,9/15/2023 18:05
600,600,600,10/27/2023 9:07,10/27/2023 9:07
601,601,601,11/25/2023 21:09,11/25/2023 21:09
602,602,602,2/19/2024 4:09,2/19/2024 4:09
603,603,603,4/29/2024 18:09,4/29/2024 18:09
604,604,604,10/1/2023 9:32,10/1/2023 9:32
605,605,605,4/19/2024 15:07,4/19/2024 15:07
606,606,606,9/15/2023 14:41,9/15/2023 14:41
607,607,607,1/8/2024 7:29,1/8/2024 7:29
608,608,608,7/25/2023 8:03,7/25/2023 8:03
609,609,609,12/25/2023 12:00,12/25/2023 12:00
610,610,610,12/5/2023 13:13,12/5/2023 13:13
611,611,611,2/21/2024 21:53,2/21/2024 21:53
612,612,612,12/29/2023 17:49,12/29/2023 17:49
613,613,613,8/21/2023 1:30,8/21/2023 1:30
614,614,614,2/4/2024 0:24,2/4/2024 0:24
615,615,615,11/12/2023 20:20,11/12/2023 20:20
616,616,616,4/12/2024 9:13,4/12/2024 9:13
617,617,617,12/23/2023 6:10,12/23/2023 6:10
618,618,618,9/11/2023 1:04,9/11/2023 1:04
619,619,619,4/13/2024 22:39,4/13/2024 22:39
620,620,620,10/1/2023 15:32,10/1/2023 15:32
621,621,621,1/3/2024 4:51,1/3/2024 4:51
622,622,622,6/27/2024 23:18,6/27/2024 23:18
623,623,623,12/15/2023 14:11,12/15/2023 14:11
624,624,624,8/23/2023 10:55,8/23/2023 10:55
625,625,625,8/3/2023 18:52,8/3/2023 18:52
626,626,626,5/30/2024 6:06,5/30/2024 6:06
627,627,627,2/22/2024 18:11,2/22/2024 18:11
628,628,628,12/10/2023 11:04,12/10/2023 11:04
629,629,629,11/4/2023 16:41,11/4/2023 16:41
630,630,630,11/27/2023 11:41,11/27/2023 11:41
631,631,631,8/21/2023 17:01,8/21/2023 17:01
632,632,632,10/2/2023 15:47,10/2/2023 15:47
633,633,633,6/3/2024 8:00,6/3/2024 8:00
634,634,634,12/14/2023 9:15,12/14/2023 9:15
635,635,635,7/16/2024 2:09,7/16/2024 2:09
636,636,636,10/23/2023 10:12,10/23/2023 10:12
637,637,637,10/19/2023 11:03,10/19/2023 11:03
638,638,638,1/24/2024 2:35,1/24/2024 2:35
639,639,639,1/23/2024 14:48,1/23/2024 14:48
640,640,640,4/10/2024 22:28,4/10/2024 22:28
641,641,641,6/15/2024 8:34,6/15/2024 8:34
642,642,642,6/10/2024 21:20,6/10/2024 21:20
643,643,643,11/17/2023 22:52,11/17/2023 22:52
644,644,644,6/29/2024 0:28,6/29/2024 0:28
645,645,645,5/23/2024 23:19,5/23/2024 23:19
646,646,646,8/24/2023 6:31,8/24/2023 6:31
647,647,647,6/23/2024 21:25,6/23/2024 21:25
648,648,648,7/16/2024 3:34,7/16/2024 3:34
649,649,649,9/27/2023 11:01,9/27/2023 11:01
650,650,650,6/30/2024 8:47,6/30/2024 8:47
651,651,651,1/15/2024 10:11,1/15/2024 10:11
652,652,652,11/20/2023 2:28,11/20/2023 2:28
653,653,653,6/4/2024 8:43,6/4/2024 8:43
654,654,654,10/7/2023 18:49,10/7/2023 18:49
655,655,655,2/28/2024 6:52,2/28/2024 6:52
656,656,656,10/27/2023 7:43,10/27/2023 7:43
657,657,657,3/5/2024 11:29,3/5/2024 11:29
658,658,658,11/14/2023 10:23,11/14/2023 10:23
659,659,659,8/17/2023 17:48,8/17/2023 17:48
660,660,660,8/31/2023 11:55,8/31/2023 11:55
661,661,661,12/9/2023 4:35,12/9/2023 4:35
662,662,662,7/14/2024 8:29,7/14/2024 8:29
663,663,663,5/18/2024 7:50,5/18/2024 7:50
664,664,664,6/24/2024 11:34,6/24/2024 11:34
665,665,665,4/7/2024 11:08,4/7/2024 11:08
666,666,666,11/12/2023 15:34,11/12/2023 15:34
667,667,667,8/20/2023 12:04,8/20/2023 12:04
668,668,668,9/25/2023 5:08,9/25/2023 5:08
669,669,669,2/15/2024 16:55,2/15/2024 16:55
670,670,670,12/28/2023 6:16,12/28/2023 6:16
671,671,671,5/7/2024 7:45,5/7/2024 7:45
672,672,672,3/2/2024 8:56,3/2/2024 8:56
673,673,673,10/11/2023 11:57,10/11/2023 11:57
674,674,674,12/31/2023 6:17,12/31/2023 6:17
675,675,675,9/5/2023 5:23,9/5/2023 5:23
676,676,676,4/30/2024 13:01,4/30/2024 13:01
677,677,677,2/25/2024 14:54,2/25/2024 14:54
678,678,678,6/29/2024 12:54,6/29/2024 12:54
679,679,679,6/19/2024 15:59,6/19/2024 15:59
680,680,680,9/9/2023 15:57,9/9/2023 15:57
681,681,681,7/11/2024 4:44,7/11/2024 4:44
682,682,682,2/22/2024 2:03,2/22/2024 2:03
683,683,683,6/18/2024 4:15,6/18/2024 4:15
684,684,684,9/16/2023 6:53,9/16/2023 6:53
685,685,685,11/20/2023 3:50,11/20/2023 3:50
686,686,686,5/11/2024 23:30,5/11/2024 23:30
687,687,687,11/21/2023 17:04,11/21/2023 17:04
688,688,688,12/24/2023 9:22,12/24/2023 9:22
689,689,689,8/26/2023 11:15,8/26/2023 11:15
690,690,690,3/20/2024 4:34,3/20/2024 4:34
691,691,691,6/10/2024 14:46,6/10/2024 14:46
692,692,692,1/13/2024 23:01,1/13/2024 23:01
693,693,693,8/2/2023 22:47,8/2/2023 22:47
694,694,694,6/24/2024 0:27,6/24/2024 0:27
695,695,695,1/20/2024 3:30,1/20/2024 3:30
696,696,696,4/11/2024 14:57,4/11/2024 14:57
697,697,697,1/24/2024 3:13,1/24/2024 3:13
698,698,698,12/22/2023 6:14,12/22/2023 6:14
699,699,699,2/4/2024 22:17,2/4/2024 22:17
700,700,700,6/10/2024 8:51,6/10/2024 8:51
701,701,701,7/28/2023 22:35,7/28/2023 22:35
702,702,702,8/3/2023 15:20,8/3/2023 15:20
703,703,703,12/2/2023 8:51,12/2/2023 8:51
704,704,704,5/24/2024 16:49,5/24/2024 16:49
705,705,705,7/9/2024 6:43,7/9/2024 6:43
706,706,706,12/1/2023 9:53,12/1/2023 9:53
707,707,707,2/1/2024 18:04,2/1/2024 18:04
708,708,708,7/23/2023 23:10,7/23/2023 23:10
709,709,709,6/25/2024 13:30,6/25/2024 13:30
710,710,710,1/13/2024 19:06,1/13/2024 19:06
711,711,711,9/12/2023 22:07,9/12/2023 22:07
712,712,712,1/8/2024 17:08,1/8/2024 17:08
713,713,713,4/29/2024 7:23,4/29/2024 7:23
714,714,714,7/15/2024 21:20,7/15/2024 21:20
715,715,715,6/4/2024 16:17,6/4/2024 16:17
716,716,716,9/12/2023 13:24,9/12/2023 13:24
717,717,717,1/14/2024 7:24,1/14/2024 7:24
718,718,718,7/26/2023 6:30,7/26/2023 6:30
719,719,719,4/1/2024 21:22,4/1/2024 21:22
720,720,720,8/19/2023 10:52,8/19/2023 10:52
721,721,721,1/3/2024 0:01,1/3/2024 0:01
722,722,722,1/2/2024 19:15,1/2/2024 19:15
723,723,723,7/19/2024 2:22,7/19/2024 2:22
724,724,724,8/7/2023 22:08,8/7/2023 22:08
725,725,725,8/29/2023 18:19,8/29/2023 18:19
726,726,726,10/3/2023 11:45,10/3/2023 11:45
727,727,727,7/9/2024 17:32,7/9/2024 17:32
728,728,728,9/21/2023 13:41,9/21/2023 13:41
729,729,729,10/23/2023 18:51,10/23/2023 18:51
730,730,730,6/11/2024 8:44,6/11/2024 8:44
731,731,731,6/10/2024 21:53,6/10/2024 21:53
732,732,732,11/28/2023 11:06,11/28/2023 11:06
733,733,733,3/15/2024 0:25,3/15/2024 0:25
734,734,734,12/13/2023 1:43,12/13/2023 1:43
735,735,735,7/1/2024 17:09,7/1/2024 17:09
736,736,736,2/8/2024 22:50,2/8/2024 22:50
737,737,737,8/4/2023 10:04,8/4/2023 10:04
738,738,738,5/28/2024 10:17,5/28/2024 10:17
739,739,739,4/13/2024 0:06,4/13/2024 0:06
740,740,740,7/13/2024 11:03,7/13/2024 11:03
741,741,741,6/18/2024 5:11,6/18/2024 5:11
742,742,742,1/15/2024 9:24,1/15/2024 9:24
743,743,743,11/22/2023 16:54,11/22/2023 16:54
744,744,744,2/17/2024 17:25,2/17/2024 17:25
745,745,745,2/23/2024 4:22,2/23/2024 4:22
746,746,746,3/7/2024 0:58,3/7/2024 0:58
747,747,747,4/24/2024 6:15,4/24/2024 6:15
748,748,748,9/27/2023 19:28,9/27/2023 19:28
749,749,749,2/1/2024 3:22,2/1/2024 3:22
750,750,750,5/7/2024 14:06,5/7/2024 14:06
751,751,751,9/19/2023 10:52,9/19/2023 10:52
752,752,752,6/11/2024 6:13,6/11/2024 6:13
753,753,753,9/30/2023 6:12,9/30/2023 6:12
754,754,754,4/2/2024 15:19,4/2/2024 15:19
755,755,755,7/4/2024 3:39,7/4/2024 3:39
756,756,756,5/17/2024 22:13,5/17/2024 22:13
757,757,757,1/24/2024 9:58,1/24/2024 9:58
758,758,758,4/19/2024 18:22,4/19/2024 18:22
759,759,759,9/25/2023 12:11,9/25/2023 12:11
760,760,760,8/10/2023 8:34,8/10/2023 8:34
761,761,761,2/22/2024 5:33,2/22/2024 5:33
762,762,762,11/1/2023 18:14,11/1/2023 18:14
763,763,763,12/19/2023 13:55,12/19/2023 13:55
764,764,764,6/15/2024 9:48,6/15/2024 9:48
765,765,765,9/29/2023 8:20,9/29/2023 8:20
766,766,766,10/7/2023 0:07,10/7/2023 0:07
767,767,767,1/29/2024 14:04,1/29/2024 14:04
768,768,768,9/6/2023 21:43,9/6/2023 21:43
769,769,769,11/4/2023 10:42,11/4/2023 10:42
770,770,770,12/23/2023 7:04,12/23/2023 7:04
771,771,771,7/6/2024 19:06,7/6/2024 19:06
772,772,772,5/18/2024 11:02,5/18/2024 11:02
773,773,773,11/22/2023 12:19,11/22/2023 12:19
774,774,774,2/15/2024 14:14,2/15/2024 14:14
775,775,775,8/26/2023 1:31,8/26/2023 1:31
776,776,776,11/8/2023 4:34,11/8/2023 4:34
777,777,777,11/22/2023 1:14,11/22/2023 1:14
778,778,778,1/8/2024 22:14,1/8/2024 22:14
779,779,779,6/21/2024 15:03,6/21/2024 15:03
780,780,780,2/10/2024 17:59,2/10/2024 17:59
781,781,781,3/22/2024 16:09,3/22/2024 16:09
782,782,782,1/20/2024 2:02,1/20/2024 2:02
783,783,783,7/6/2024 22:46,7/6/2024 22:46
784,784,784,7/31/2023 10:23,7/31/2023 10:23
785,785,785,2/4/2024 8:54,2/4/2024 8:54
786,786,786,5/8/2024 19:02,5/8/2024 19:02
787,787,787,5/29/2024 13:12,5/29/2024 13:12
788,788,788,9/12/2023 16:45,9/12/2023 16:45
789,789,789,12/11/2023 14:10,12/11/2023 14:10
790,790,790,12/27/2023 11:00,12/27/2023 11:00
791,791,791,8/23/2023 0:50,8/23/2023 0:50
792,792,792,10/23/2023 16:15,10/23/2023 16:15
793,793,793,3/21/2024 9:46,3/21/2024 9:46
794,794,794,3/22/2024 18:16,3/22/2024 18:16
795,795,795,2/14/2024 11:51,2/14/2024 11:51
796,796,796,10/10/2023 23:10,10/10/2023 23:10
797,797,797,11/26/2023 12:23,11/26/2023 12:23
798,798,798,1/7/2024 1:44,1/7/2024 1:44
799,799,799,1/26/2024 16:57,1/26/2024 16:57
800,800,800,3/1/2024 21:29,3/1/2024 21:29
801,801,801,12/25/2023 18:27,12/25/2023 18:27
802,802,802,5/23/2024 6:16,5/23/2024 6:16
803,803,803,12/3/2023 16:44,12/3/2023 16:44
804,804,804,5/29/2024 6:44,5/29/2024 6:44
805,805,805,8/4/2023 15:05,8/4/2023 15:05
806,806,806,11/11/2023 22:43,11/11/2023 22:43
807,807,807,6/6/2024 8:30,6/6/2024 8:30
808,808,808,6/2/2024 20:10,6/2/2024 20:10
809,809,809,12/5/2023 7:20,12/5/2023 7:20
810,810,810,10/20/2023 5:25,10/20/2023 5:25
811,811,811,4/22/2024 17:15,4/22/2024 17:15
812,812,812,12/14/2023 23:49,12/14/2023 23:49
813,813,813,7/5/2024 15:52,7/5/2024 15:52
814,814,814,8/14/2023 6:40,8/14/2023 6:40
815,815,815,2/19/2024 19:49,2/19/2024 19:49
816,816,816,5/7/2024 8:34,5/7/2024 8:34
817,817,817,3/3/2024 23:07,3/3/2024 23:07
818,818,818,4/22/2024 8:31,4/22/2024 8:31
819,819,819,2/12/2024 11:46,2/12/2024 11:46
820,820,820,9/3/2023 15:07,9/3/2023 15:07
821,821,821,10/20/2023 11:10,10/20/2023 11:10
822,822,822,12/3/2023 18:22,12/3/2023 18:22
823,823,823,4/23/2024 7:20,4/23/2024 7:20
824,824,824,6/13/2024 15:58,6/13/2024 15:58
825,825,825,3/16/2024 8:20,3/16/2024 8:20
826,826,826,11/9/2023 3:35,11/9/2023 3:35
827,827,827,8/23/2023 6:58,8/23/2023 6:58
828,828,828,10/30/2023 4:02,10/30/2023 4:02
829,829,829,5/1/2024 15:47,5/1/2024 15:47
830,830,830,12/19/2023 10:24,12/19/2023 10:24
831,831,831,1/23/2024 15:21,1/23/2024 15:21
832,832,832,4/24/2024 3:10,4/24/2024 3:10
833,833,833,6/30/2024 18:30,6/30/2024 18:30
834,834,834,2/12/2024 4:37,2/12/2024 4:37
835,835,835,3/22/2024 10:17,3/22/2024 10:17
836,836,836,7/7/2024 7:58,7/7/2024 7:58
837,837,837,12/1/2023 15:41,12/1/2023 15:41
838,838,838,4/8/2024 1:49,4/8/2024 1:49
839,839,839,7/3/2024 15:57,7/3/2024 15:57
840,840,840,2/22/2024 5:32,2/22/2024 5:32
841,841,841,1/9/2024 16:56,1/9/2024 16:56
842,842,842,7/9/2024 6:43,7/9/2024 6:43
843,843,843,2/26/2024 0:58,2/26/2024 0:58
844,844,844,11/19/2023 9:26,11/19/2023 9:26
845,845,845,2/23/2024 13:02,2/23/2024 13:02
846,846,846,8/20/2023 2:54,8/20/2023 2:54
847,847,847,9/12/2023 0:33,9/12/2023 0:33
848,848,848,3/6/2024 6:39,3/6/2024 6:39
849,849,849,8/4/2023 16:40,8/4/2023 16:40
850,850,850,3/16/2024 9:22,3/16/2024 9:22
851,851,851,5/20/2024 9:22,5/20/2024 9:22
852,852,852,1/12/2024 12:34,1/12/2024 12:34
853,853,853,6/27/2024 11:25,6/27/2024 11:25
854,854,854,4/17/2024 4:50,4/17/2024 4:50
855,855,855,11/14/2023 22:07,11/14/2023 22:07
856,856,856,2/15/2024 20:20,2/15/2024 20:20
857,857,857,4/15/2024 7:41,4/15/2024 7:41
858,858,858,2/1/2024 23:23,2/1/2024 23:23
859,859,859,6/12/2024 1:13,6/12/2024 1:13
860,860,860,10/19/2023 13:14,10/19/2023 13:14
861,861,861,7/26/2023 4:46,7/26/2023 4:46
862,862,862,12/8/2023 23:22,12/8/2023 23:22
863,863,863,10/14/2023 14:55,10/14/2023 14:55
864,864,864,11/7/2023 10:03,11/7/2023 10:03
865,865,865,4/28/2024 9:41,4/28/2024 9:41
866,866,866,7/12/2024 12:01,7/12/2024 12:01
867,867,867,1/30/2024 18:21,1/30/2024 18:21
868,868,868,4/14/2024 16:35,4/14/2024 16:35
869,869,869,7/3/2024 6:51,7/3/2024 6:51
870,870,870,8/12/2023 12:50,8/12/2023 12:50
871,871,871,1/17/2024 11:47,1/17/2024 11:47
872,872,872,9/16/2023 10:15,9/16/2023 10:15
873,873,873,11/3/2023 10:17,11/3/2023 10:17
874,874,874,1/24/2024 11:21,1/24/2024 11:21
875,875,875,9/20/2023 22:32,9/20/2023 22:32
876,876,876,1/16/2024 21:58,1/16/2024 21:58
877,877,877,3/30/2024 0:12,3/30/2024 0:12
878,878,878,10/1/2023 7:56,10/1/2023 7:56
879,879,879,3/27/2024 11:08,3/27/2024 11:08
880,880,880,4/4/2024 12:48,4/4/2024 12:48
881,881,881,2/1/2024 11:28,2/1/2024 11:28
882,882,882,4/14/2024 10:01,4/14/2024 10:01
883,883,883,8/21/2023 20:27,8/21/2023 20:27
884,884,884,9/13/2023 20:09,9/13/2023 20:09
885,885,885,2/15/2024 15:22,2/15/2024 15:22
886,886,886,4/15/2024 8:49,4/15/2024 8:49
887,887,887,5/21/2024 9:34,5/21/2024 9:34
888,888,888,3/23/2024 4:53,3/23/2024 4:53
889,889,889,6/4/2024 2:26,6/4/2024 2:26
890,890,890,12/3/2023 2:47,12/3/2023 2:47
891,891,891,9/25/2023 0:51,9/25/2023 0:51
892,892,892,11/24/2023 23:07,11/24/2023 23:07
893,893,893,10/23/2023 18:29,10/23/2023 18:29
894,894,894,1/3/2024 20:15,1/3/2024 20:15
895,895,895,10/10/2023 13:55,10/10/2023 13:55
896,896,896,1/30/2024 10:03,1/30/2024 10:03
897,897,897,5/7/2024 2:50,5/7/2024 2:50
898,898,898,3/13/2024 14:34,3/13/2024 14:34
899,899,899,8/11/2023 17:26,8/11/2023 17:26
900,900,900,6/10/2024 5:02,6/10/2024 5:02
901,901,901,2/10/2024 22:12,2/10/2024 22:12
902,902,902,4/18/2024 14:23,4/18/2024 14:23
903,903,903,4/1/2024 20:36,4/1/2024 20:36
904,904,904,5/5/2024 5:19,5/5/2024 5:19
905,905,905,5/10/2024 22:45,5/10/2024 22:45
906,906,906,10/20/2023 3:11,10/20/2023 3:11
907,907,907,7/2/2024 20:38,7/2/2024 20:38
908,908,908,10/13/2023 17:28,10/13/2023 17:28
909,909,909,5/12/2024 8:35,5/12/2024 8:35
910,910,910,4/19/2024 12:06,4/19/2024 12:06
911,911,911,8/19/2023 17:30,8/19/2023 17:30
912,912,912,3/9/2024 9:40,3/9/2024 9:40
913,913,913,3/15/2024 1:55,3/15/2024 1:55
914,914,914,10/20/2023 17:55,10/20/2023 17:55
915,915,915,1/17/2024 1:42,1/17/2024 1:42
916,916,916,7/26/2023 10:52,7/26/2023 10:52
917,917,917,11/2/2023 8:19,11/2/2023 8:19
918,918,918,12/18/2023 15:19,12/18/2023 15:19
919,919,919,9/15/2023 18:58,9/15/2023 18:58
920,920,920,4/27/2024 2:05,4/27/2024 2:05
921,921,921,3/16/2024 14:31,3/16/2024 14:31
922,922,922,8/21/2023 13:09,8/21/2023 13:09
923,923,923,4/20/2024 8:23,4/20/2024 8:23
924,924,924,8/21/2023 21:51,8/21/2023 21:51
925,925,925,7/27/2023 12:04,7/27/2023 12:04
926,926,926,4/3/2024 13:25,4/3/2024 13:25
927,927,927,8/4/2023 9:19,8/4/2023 9:19
928,928,928,9/12/2023 20:08,9/12/2023 20:08
929,929,929,5/10/2024 13:21,5/10/2024 13:21
930,930,930,4/3/2024 12:49,4/3/2024 12:49
931,931,931,9/7/2023 9:14,9/7/2023 9:14
932,932,932,7/30/2023 12:38,7/30/2023 12:38
933,933,933,11/29/2023 16:58,11/29/2023 16:58
934,934,934,4/6/2024 1:19,4/6/2024 1:19
935,935,935,10/15/2023 13:32,10/15/2023 13:32
936,936,936,8/15/2023 13:05,8/15/2023 13:05
937,937,937,8/24/2023 22:51,8/24/2023 22:51
938,938,938,6/16/2024 20:13,6/16/2024 20:13
939,939,939,10/28/2023 16:38,10/28/2023 16:38
940,940,940,12/26/2023 4:58,12/26/2023 4:58
941,941,941,11/23/2023 10:17,11/23/2023 10:17
942,942,942,10/30/2023 10:43,10/30/2023 10:43
943,943,943,2/27/2024 7:29,2/27/2024 7:29
944,944,944,2/19/2024 21:22,2/19/2024 21:22
945,945,945,10/23/2023 18:56,10/23/2023 18:56
946,946,946,12/22/2023 20:19,12/22/2023 20:19
947,947,947,7/2/2024 14:04,7/2/2024 14:04
948,948,948,9/2/2023 3:38,9/2/2023 3:38
949,949,949,5/25/2024 3:41,5/25/2024 3:41
950,950,950,3/29/2024 16:12,3/29/2024 16:12
951,951,951,10/1/2023 8:43,10/1/2023 8:43
952,952,952,1/3/2024 3:09,1/3/2024 3:09
953,953,953,2/17/2024 20:05,2/17/2024 20:05
954,954,954,12/24/2023 18:24,12/24/2023 18:24
955,955,955,4/23/2024 9:52,4/23/2024 9:52
956,956,956,1/6/2024 4:13,1/6/2024 4:13
957,957,957,10/29/2023 3:10,10/29/2023 3:10
958,958,958,3/8/2024 17:09,3/8/2024 17:09
959,959,959,11/28/2023 10:35,11/28/2023 10:35
960,960,960,1/30/2024 17:53,1/30/2024 17:53
961,961,961,12/9/2023 2:53,12/9/2023 2:53
962,962,962,5/9/2024 14:53,5/9/2024 14:53
963,963,963,12/9/2023 5:07,12/9/2023 5:07
964,964,964,10/1/2023 17:27,10/1/2023 17:27
965,965,965,12/15/2023 23:45,12/15/2023 23:45
966,966,966,10/19/2023 16:00,10/19/2023 16:00
967,967,967,4/9/2024 0:06,4/9/2024 0:06
968,968,968,3/14/2024 16:46,3/14/2024 16:46
969,969,969,2/22/2024 1:29,2/22/2024 1:29
970,970,970,10/15/2023 2:22,10/15/2023 2:22
971,971,971,11/23/2023 10:34,11/23/2023 10:34
972,972,972,6/17/2024 7:55,6/17/2024 7:55
973,973,973,7/10/2024 22:44,7/10/2024 22:44
974,974,974,5/6/2024 4:40,5/6/2024 4:40
975,975,975,5/7/2024 0:32,5/7/2024 0:32
976,976,976,7/1/2024 2:51,7/1/2024 2:51
977,977,977,7/8/2024 22:01,7/8/2024 22:01
978,978,978,4/10/2024 5:30,4/10/2024 5:30
979,979,979,9/21/2023 6:38,9/21/2023 6:38
980,980,980,2/14/2024 17:53,2/14/2024 17:53
981,981,981,5/16/2024 13:17,5/16/2024 13:17
982,982,982,7/19/2024 0:45,7/19/2024 0:45
983,983,983,2/4/2024 19:52,2/4/2024 19:52
984,984,984,5/27/2024 23:37,5/27/2024 23:37
985,985,985,5/24/2024 13:19,5/24/2024 13:19
986,986,986,8/1/2023 1:36,8/1/2023 1:36
987,987,987,9/2/2023 1:47,9/2/2023 1:47
988,988,988,11/7/2023 9:53,11/7/2023 9:53
989,989,989,4/24/2024 12:58,4/24/2024 12:58
990,990,990,8/28/2023 12:32,8/28/2023 12:32
991,991,991,3/31/2024 20:03,3/31/2024 20:03
992,992,992,11/2/2023 3:43,11/2/2023 3:43
993,993,993,2/26/2024 22:59,2/26/2024 22:59
994,994,994,4/14/2024 9:47,4/14/2024 9:47
995,995,995,11/11/2023 13:16,11/11/2023 13:16
996,996,996,4/11/2024 15:30,4/11/2024 15:30
997,997,997,10/4/2023 10:45,10/4/2023 10:45
998,998,998,1/25/2024 14:51,1/25/2024 14:51
999,999,999,1/1/2024 18:48,1/1/2024 18:48
1000,1000,1000,12/30/2023 8:18,12/30/2023 8:18
