1,1,G64364978,Active,6/29/2033,Chile,reason.jpg,11/25/2023 18:00,11/25/2023 18:00
2,2,328972600,Active,2/21/2029,Lao People's Democratic Republic,road.jpg,4/4/2024 6:30,4/4/2024 6:30
3,3,77331089,Active,9/22/2027,Saint Barthelemy,show.jpeg,8/1/2023 2:48,8/1/2023 2:48
4,4,587428652,Active,6/19/2026,Norway,low.bmp,2/17/2024 17:22,2/17/2024 17:22
5,5,515361648,Active,11/1/2028,Morocco,happy.jpeg,3/7/2024 13:28,3/7/2024 13:28
6,6,C85613986,Active,8/25/2029,Northern Mariana Islands,although.jpg,2/29/2024 21:55,2/29/2024 21:55
7,7,420910198,Active,7/9/2026,French Guiana,generation.gif,7/12/2024 13:04,7/12/2024 13:04
8,8,767965363,Active,9/26/2032,Cyprus,spend.gif,3/20/2024 3:15,3/20/2024 3:15
9,9,O90417422,Active,4/30/2028,Saint Vincent and the Grenadines,role.jpeg,2/24/2024 1:50,2/24/2024 1:50
10,10,N68888225,Active,1/15/2032,Saint Kitts and Nevis,I.gif,9/20/2023 9:50,9/20/2023 9:50
11,11,U83642503,Active,1/6/2034,Sweden,Congress.jpeg,3/9/2024 4:47,3/9/2024 4:47
12,12,W62452292,Active,12/29/2026,Aruba,could.tiff,10/22/2023 0:04,10/22/2023 0:04
13,13,V82681334,Active,2/27/2032,Andorra,would.bmp,11/30/2023 10:24,11/30/2023 10:24
14,14,T58204966,Active,3/19/2029,France,cold.tiff,12/23/2023 20:39,12/23/2023 20:39
15,15,Z29222948,Active,12/8/2027,Comoros,story.gif,1/12/2024 12:28,1/12/2024 12:28
16,16,799075047,Active,4/28/2033,Uruguay,draw.tiff,4/21/2024 14:24,4/21/2024 14:24
17,17,Q65418075,Active,4/16/2029,Monaco,coach.gif,8/8/2023 14:19,8/8/2023 14:19
18,18,F29902078,Active,9/29/2027,Belarus,often.tiff,4/15/2024 3:08,4/15/2024 3:08
19,19,117203168,Active,6/15/2026,Papua New Guinea,hair.png,4/19/2024 10:10,4/19/2024 10:10
20,20,C99890468,Active,7/24/2031,Libyan Arab Jamahiriya,rule.png,11/4/2023 13:59,11/4/2023 13:59
21,21,H50610546,Active,2/15/2026,Kyrgyz Republic,floor.bmp,6/8/2024 7:47,6/8/2024 7:47
22,22,960549489,Active,9/13/2033,Holy See (Vatican City State),woman.png,4/25/2024 20:18,4/25/2024 20:18
23,23,L01548831,Active,6/3/2030,Cameroon,toward.jpeg,10/29/2023 7:22,10/29/2023 7:22
24,24,C65021559,Active,6/29/2032,Macao,why.gif,1/8/2024 20:07,1/8/2024 20:07
25,25,M03875616,Active,2/7/2031,Niger,born.jpg,8/1/2023 23:37,8/1/2023 23:37
26,26,F57673191,Active,6/6/2030,Belarus,cup.bmp,3/5/2024 7:51,3/5/2024 7:51
27,27,291570486,Active,7/12/2034,Kyrgyz Republic,interesting.jpg,2/24/2024 6:32,2/24/2024 6:32
28,28,545529489,Active,5/2/2028,Vanuatu,worker.png,10/11/2023 7:45,10/11/2023 7:45
29,29,791362293,Active,4/26/2029,British Virgin Islands,mouth.tiff,5/10/2024 4:27,5/10/2024 4:27
30,30,467753843,Active,12/22/2026,Cook Islands,son.tiff,11/18/2023 18:12,11/18/2023 18:12
31,31,835012314,Active,8/11/2030,Benin,race.jpg,4/6/2024 23:47,4/6/2024 23:47
32,32,245662328,Active,1/5/2031,Kuwait,have.png,11/18/2023 3:42,11/18/2023 3:42
33,33,T95735234,Active,4/22/2028,Austria,player.jpg,6/29/2024 14:13,6/29/2024 14:13
34,34,Q95740927,Active,9/18/2025,Isle of Man,though.jpg,2/6/2024 18:20,2/6/2024 18:20
35,35,J24421815,Active,8/29/2026,Saint Kitts and Nevis,than.gif,4/11/2024 6:32,4/11/2024 6:32
36,36,Y12067682,Active,7/24/2031,Tonga,few.png,6/27/2024 15:19,6/27/2024 15:19
37,37,Z77862506,Active,4/27/2033,Bangladesh,method.tiff,11/2/2023 10:48,11/2/2023 10:48
38,38,320147147,Active,4/13/2029,Slovenia,bag.tiff,2/24/2024 20:01,2/24/2024 20:01
39,39,I50618886,Active,10/31/2032,Canada,sea.jpeg,3/16/2024 15:35,3/16/2024 15:35
40,40,174067331,Active,11/20/2025,Canada,matter.png,8/19/2023 6:17,8/19/2023 6:17
41,41,K05287437,Active,7/8/2031,Syrian Arab Republic,them.bmp,12/31/2023 12:49,12/31/2023 12:49
42,42,1638776,Active,8/21/2031,Guatemala,rise.bmp,8/11/2023 6:40,8/11/2023 6:40
43,43,B19977466,Active,1/28/2028,Pakistan,offer.jpeg,9/28/2023 14:35,9/28/2023 14:35
44,44,686292024,Active,12/25/2026,Fiji,international.gif,1/21/2024 12:31,1/21/2024 12:31
45,45,E81058927,Active,8/12/2025,Qatar,can.jpeg,1/26/2024 1:17,1/26/2024 1:17
46,46,J21948148,Active,12/19/2025,Faroe Islands,prove.bmp,10/22/2023 18:53,10/22/2023 18:53
47,47,845406236,Active,2/21/2026,Guinea,real.jpg,7/22/2023 20:17,7/22/2023 20:17
48,48,V47612584,Active,11/28/2033,Afghanistan,control.png,10/14/2023 12:22,10/14/2023 12:22
49,49,W61537945,Active,2/24/2031,Nauru,never.jpeg,12/29/2023 13:22,12/29/2023 13:22
50,50,814484742,Active,7/9/2027,Mali,science.gif,4/10/2024 18:41,4/10/2024 18:41
51,51,198249928,Active,7/28/2032,Somalia,value.bmp,12/18/2023 16:30,12/18/2023 16:30
52,52,46949570,Active,2/17/2029,Swaziland,table.gif,2/27/2024 10:09,2/27/2024 10:09
53,53,593090087,Active,12/23/2027,Cuba,once.gif,6/28/2024 12:56,6/28/2024 12:56
54,54,969234655,Active,12/1/2027,Guinea-Bissau,three.gif,8/2/2023 1:31,8/2/2023 1:31
55,55,H79457283,Active,1/27/2030,Chad,personal.jpg,6/10/2024 5:00,6/10/2024 5:00
56,56,H76293980,Active,2/3/2032,South Africa,technology.bmp,12/30/2023 7:27,12/30/2023 7:27
57,57,409319334,Active,7/17/2027,Finland,road.tiff,9/15/2023 4:47,9/15/2023 4:47
58,58,920964478,Active,10/18/2028,Montenegro,memory.bmp,8/31/2023 23:42,8/31/2023 23:42
59,59,104088152,Active,9/20/2027,Cook Islands,event.jpeg,8/21/2023 23:45,8/21/2023 23:45
60,60,97801287,Active,9/5/2031,French Polynesia,turn.jpeg,10/11/2023 4:47,10/11/2023 4:47
61,61,X20896388,Active,11/28/2033,Afghanistan,raise.gif,2/26/2024 4:44,2/26/2024 4:44
62,62,855028588,Active,6/14/2033,Cape Verde,computer.jpg,2/6/2024 17:28,2/6/2024 17:28
63,63,Y47370733,Active,10/6/2026,United States of America,church.jpeg,2/24/2024 3:34,2/24/2024 3:34
64,64,721765303,Active,4/13/2032,Honduras,seat.bmp,4/10/2024 17:36,4/10/2024 17:36
65,65,594600652,Active,12/20/2031,Liechtenstein,product.png,12/30/2023 9:29,12/30/2023 9:29
66,66,A90389734,Active,7/31/2032,Heard Island and McDonald Islands,people.gif,4/24/2024 19:09,4/24/2024 19:09
67,67,554091381,Active,3/19/2027,Kenya,president.gif,9/18/2023 20:09,9/18/2023 20:09
68,68,I92763439,Active,5/30/2032,Svalbard & Jan Mayen Islands,pay.jpeg,12/5/2023 20:04,12/5/2023 20:04
69,69,E55313837,Active,9/23/2029,Korea,ground.tiff,12/2/2023 0:58,12/2/2023 0:58
70,70,L38554932,Active,8/23/2032,Poland,would.jpeg,1/3/2024 2:21,1/3/2024 2:21
71,71,G39872447,Active,5/16/2031,France,maybe.jpeg,9/19/2023 15:55,9/19/2023 15:55
72,72,K15515812,Active,3/1/2028,Lebanon,age.tiff,5/7/2024 0:35,5/7/2024 0:35
73,73,X62168363,Active,11/27/2030,Macao,environment.bmp,2/25/2024 12:17,2/25/2024 12:17
74,74,V81450614,Active,12/30/2032,Korea,building.png,12/24/2023 18:43,12/24/2023 18:43
75,75,433340018,Active,9/17/2031,Grenada,win.tiff,8/14/2023 4:23,8/14/2023 4:23
76,76,273936456,Active,10/27/2032,Netherlands Antilles,already.tiff,7/19/2024 7:12,7/19/2024 7:12
77,77,D56800419,Active,2/12/2028,Azerbaijan,tree.bmp,3/28/2024 20:52,3/28/2024 20:52
78,78,I88088417,Active,1/9/2029,Colombia,identify.gif,4/1/2024 9:37,4/1/2024 9:37
79,79,F22520899,Active,10/14/2029,Congo,mean.jpeg,9/19/2023 18:42,9/19/2023 18:42
80,80,X60362269,Active,3/6/2034,Kiribati,anything.png,4/2/2024 17:18,4/2/2024 17:18
81,81,114457682,Active,4/23/2031,Western Sahara,order.gif,2/3/2024 5:11,2/3/2024 5:11
82,82,80304758,Active,2/5/2032,Tuvalu,tree.jpg,1/13/2024 8:15,1/13/2024 8:15
83,83,T50046257,Active,6/26/2031,Australia,box.jpeg,1/4/2024 17:01,1/4/2024 17:01
84,84,517227587,Active,12/15/2028,Georgia,tree.png,7/26/2023 2:54,7/26/2023 2:54
85,85,U26916669,Active,7/17/2030,Uruguay,these.jpg,9/10/2023 8:25,9/10/2023 8:25
86,86,160476406,Active,11/25/2026,Philippines,over.gif,12/26/2023 14:19,12/26/2023 14:19
87,87,104542251,Active,1/16/2034,Pakistan,sort.png,12/22/2023 12:21,12/22/2023 12:21
88,88,N57162899,Active,12/7/2028,Bermuda,about.bmp,1/15/2024 6:46,1/15/2024 6:46
89,89,V46306666,Active,6/7/2030,Falkland Islands (Malvinas),significant.png,6/14/2024 3:22,6/14/2024 3:22
90,90,I29427832,Active,11/14/2027,Belarus,others.jpg,5/6/2024 13:54,5/6/2024 13:54
91,91,405275495,Active,11/13/2031,Turkey,say.tiff,3/5/2024 1:13,3/5/2024 1:13
92,92,F37736028,Active,2/27/2026,Saint Kitts and Nevis,exist.jpg,10/31/2023 8:12,10/31/2023 8:12
93,93,850005369,Active,10/17/2027,Taiwan,reality.png,6/18/2024 8:55,6/18/2024 8:55
94,94,B66513698,Cancelled,10/29/2033,Ecuador,around.bmp,11/8/2023 2:14,11/8/2023 2:14
95,95,L59153154,Active,6/15/2026,Niue,moment.bmp,3/12/2024 22:56,3/12/2024 22:56
96,96,A50474164,Active,1/2/2032,Saint Lucia,fly.jpeg,9/25/2023 13:09,9/25/2023 13:09
97,97,411875044,Active,3/21/2029,Bulgaria,positive.bmp,12/8/2023 1:20,12/8/2023 1:20
98,98,862362869,Active,12/2/2029,Guernsey,begin.tiff,12/15/2023 15:48,12/15/2023 15:48
99,99,202241025,Active,7/16/2032,Israel,region.tiff,7/29/2023 10:10,7/29/2023 10:10
100,100,E17611715,Active,11/9/2028,Eritrea,long.png,9/10/2023 16:44,9/10/2023 16:44
101,101,T63287359,Active,12/19/2032,Norfolk Island,good.png,3/7/2024 0:24,3/7/2024 0:24
102,102,N64052031,Active,2/23/2028,Ecuador,its.gif,11/4/2023 5:43,11/4/2023 5:43
103,103,176665988,Active,4/1/2028,Marshall Islands,account.jpg,6/23/2024 3:16,6/23/2024 3:16
104,104,364104732,Active,5/11/2026,Georgia,maintain.tiff,4/3/2024 7:00,4/3/2024 7:00
105,105,R27854663,Active,12/2/2031,Palau,set.jpeg,5/21/2024 20:46,5/21/2024 20:46
106,106,A99486605,Active,4/29/2030,New Zealand,yard.tiff,11/28/2023 5:27,11/28/2023 5:27
107,107,646440530,Active,6/18/2030,Guam,picture.jpg,12/18/2023 6:52,12/18/2023 6:52
108,108,724750325,Active,1/21/2032,United States Virgin Islands,rest.jpeg,10/19/2023 15:55,10/19/2023 15:55
109,109,P87163036,Active,3/24/2034,Wallis and Futuna,market.jpeg,1/5/2024 16:03,1/5/2024 16:03
110,110,232370481,Active,4/7/2033,Dominican Republic,left.gif,12/2/2023 5:39,12/2/2023 5:39
111,111,986583840,Active,1/5/2027,Bahamas,health.jpeg,2/11/2024 19:11,2/11/2024 19:11
112,112,D95388792,Active,6/26/2027,Panama,after.tiff,1/26/2024 17:38,1/26/2024 17:38
113,113,865629335,Active,1/31/2028,Egypt,tend.bmp,10/14/2023 17:27,10/14/2023 17:27
114,114,95154867,Active,6/7/2026,Indonesia,church.jpg,4/4/2024 4:06,4/4/2024 4:06
115,115,F81211433,Active,8/29/2028,Djibouti,likely.gif,4/6/2024 19:01,4/6/2024 19:01
116,116,805231269,Active,5/29/2030,Malta,start.jpeg,4/21/2024 7:22,4/21/2024 7:22
117,117,564756110,Active,5/25/2034,Korea,money.jpg,1/31/2024 10:17,1/31/2024 10:17
118,118,P30995799,Active,7/5/2033,Puerto Rico,reason.tiff,5/16/2024 19:09,5/16/2024 19:09
119,119,S49479680,Active,11/2/2028,Italy,figure.bmp,10/31/2023 1:46,10/31/2023 1:46
120,120,T51796252,Active,2/2/2033,Kyrgyz Republic,behavior.jpg,1/6/2024 21:07,1/6/2024 21:07
121,121,624539309,Active,9/18/2028,Andorra,shake.jpg,9/10/2023 8:31,9/10/2023 8:31
122,122,C20946830,Active,1/10/2029,Croatia,take.bmp,11/17/2023 21:09,11/17/2023 21:09
123,123,312273917,Active,4/11/2031,Liberia,would.jpg,7/3/2024 3:34,7/3/2024 3:34
124,124,595002379,Active,12/26/2028,Nigeria,behind.bmp,7/19/2024 2:32,7/19/2024 2:32
125,125,N04190233,Active,1/19/2032,Holy See (Vatican City State),clear.jpg,8/15/2023 1:56,8/15/2023 1:56
126,126,217565437,Active,7/26/2030,Greenland,join.tiff,6/6/2024 4:17,6/6/2024 4:17
127,127,699733688,Active,4/6/2031,Aruba,always.jpeg,8/29/2023 13:03,8/29/2023 13:03
128,128,Z69067978,Active,11/25/2025,Burundi,house.bmp,4/4/2024 1:13,4/4/2024 1:13
129,129,O41260718,Active,12/19/2026,San Marino,several.tiff,9/10/2023 18:34,9/10/2023 18:34
130,130,C15204797,Active,5/25/2029,Bouvet Island (Bouvetoya),letter.bmp,7/2/2024 16:34,7/2/2024 16:34
131,131,Q61459464,Active,1/5/2028,Papua New Guinea,may.gif,7/16/2024 10:46,7/16/2024 10:46
132,132,I55051412,Active,4/25/2029,Cote d'Ivoire,international.jpg,10/9/2023 10:00,10/9/2023 10:00
133,133,202157072,Active,1/23/2029,Puerto Rico,people.gif,11/24/2023 10:03,11/24/2023 10:03
134,134,G64006710,Active,1/15/2033,South Georgia and the South Sandwich Islands,attack.bmp,11/1/2023 7:56,11/1/2023 7:56
135,135,219268140,Active,6/26/2026,Central African Republic,moment.jpg,8/1/2023 2:10,8/1/2023 2:10
136,136,215207866,Active,4/22/2026,Turks and Caicos Islands,quality.jpg,12/10/2023 9:22,12/10/2023 9:22
137,137,495822681,Active,11/8/2029,Chad,out.tiff,3/21/2024 23:41,3/21/2024 23:41
138,138,506712452,Active,4/5/2031,Moldova,during.jpeg,12/30/2023 14:07,12/30/2023 14:07
139,139,S19121554,Active,9/17/2029,Tuvalu,available.bmp,9/7/2023 22:12,9/7/2023 22:12
140,140,N76255159,Active,2/14/2027,Spain,today.bmp,6/20/2024 22:27,6/20/2024 22:27
141,141,W18485005,Active,2/25/2028,Poland,a.bmp,1/11/2024 19:22,1/11/2024 19:22
142,142,586230092,Active,12/29/2029,Lesotho,doctor.jpg,1/4/2024 3:31,1/4/2024 3:31
143,143,831172504,Active,2/24/2030,Turkmenistan,let.tiff,1/25/2024 23:03,1/25/2024 23:03
144,144,556657100,Active,5/9/2030,Congo,city.jpeg,11/28/2023 8:12,11/28/2023 8:12
145,145,E03533733,Active,7/2/2027,Samoa,page.jpeg,11/26/2023 11:13,11/26/2023 11:13
146,146,B43326935,Active,4/10/2029,Jamaica,create.bmp,11/8/2023 11:33,11/8/2023 11:33
147,147,95774627,Active,6/19/2032,Guinea-Bissau,soldier.jpg,5/15/2024 1:03,5/15/2024 1:03
148,148,468344008,Active,10/4/2033,Mauritania,apply.tiff,11/8/2023 8:46,11/8/2023 8:46
149,149,A18732963,Active,8/5/2026,Chad,significant.gif,3/10/2024 3:37,3/10/2024 3:37
150,150,G49375738,Active,9/12/2028,Zambia,offer.png,6/13/2024 2:11,6/13/2024 2:11
151,151,931695915,Active,11/17/2031,Antigua and Barbuda,thus.png,12/1/2023 19:49,12/1/2023 19:49
152,152,G16396959,Active,2/27/2032,Finland,far.jpg,4/25/2024 12:53,4/25/2024 12:53
153,153,441860174,Active,9/13/2029,Maldives,guess.gif,3/7/2024 14:21,3/7/2024 14:21
154,154,678988266,Active,1/22/2033,Saint Barthelemy,attention.tiff,1/22/2024 17:32,1/22/2024 17:32
155,155,S02384053,Active,8/4/2030,Paraguay,health.gif,11/9/2023 13:20,11/9/2023 13:20
156,156,964037500,Active,1/5/2033,Comoros,probably.bmp,5/13/2024 6:59,5/13/2024 6:59
157,157,K94857937,Active,2/26/2031,Tanzania,set.png,2/1/2024 2:50,2/1/2024 2:50
158,158,770622702,Active,11/14/2025,Isle of Man,maintain.bmp,5/25/2024 10:45,5/25/2024 10:45
159,159,78299510,Active,1/12/2032,Libyan Arab Jamahiriya,else.jpeg,7/16/2024 6:47,7/16/2024 6:47
160,160,274751906,Active,4/29/2026,Korea,compare.gif,11/28/2023 21:33,11/28/2023 21:33
161,161,429869891,Active,11/17/2025,Mauritania,us.gif,6/2/2024 17:16,6/2/2024 17:16
162,162,O73661066,Active,3/2/2032,Nauru,debate.png,10/17/2023 8:04,10/17/2023 8:04
163,163,C66440840,Active,2/7/2028,Korea,similar.jpg,9/11/2023 22:23,9/11/2023 22:23
164,164,S34721075,Active,4/15/2026,Cayman Islands,away.png,5/26/2024 12:17,5/26/2024 12:17
165,165,V48906980,Active,10/17/2031,Sao Tome and Principe,rule.bmp,1/29/2024 14:19,1/29/2024 14:19
166,166,L51994562,Active,7/23/2033,Madagascar,best.tiff,6/7/2024 4:33,6/7/2024 4:33
167,167,K86372037,Active,7/22/2033,Gabon,glass.jpeg,10/12/2023 17:24,10/12/2023 17:24
168,168,P43957716,Active,6/11/2034,Brazil,their.gif,6/13/2024 17:47,6/13/2024 17:47
169,169,542176853,Active,9/4/2032,Tajikistan,think.jpg,8/30/2023 8:55,8/30/2023 8:55
170,170,27865482,Active,12/23/2026,Congo,practice.tiff,11/20/2023 11:45,11/20/2023 11:45
171,171,415198373,Active,4/20/2032,Germany,conference.jpeg,5/5/2024 2:45,5/5/2024 2:45
172,172,964450672,Active,10/23/2027,United States Minor Outlying Islands,cost.png,4/19/2024 10:06,4/19/2024 10:06
173,173,R91792294,Active,2/1/2031,Czech Republic,network.bmp,7/19/2024 10:58,7/19/2024 10:58
174,174,717835751,Active,6/29/2027,Saudi Arabia,large.gif,11/25/2023 10:53,11/25/2023 10:53
175,175,G25220228,Active,5/27/2027,Sudan,physical.jpg,1/9/2024 0:27,1/9/2024 0:27
176,176,981361402,Active,5/21/2034,Taiwan,though.jpg,10/29/2023 21:36,10/29/2023 21:36
177,177,O62482980,Active,12/27/2026,Saint Barthelemy,economic.jpg,6/20/2024 0:09,6/20/2024 0:09
178,178,A73901518,Active,4/29/2027,Aruba,sort.gif,2/26/2024 0:10,2/26/2024 0:10
179,179,M21870661,Active,5/24/2032,Russian Federation,traditional.gif,10/9/2023 9:02,10/9/2023 9:02
180,180,879379604,Active,8/19/2025,Gibraltar,assume.jpg,9/19/2023 23:48,9/19/2023 23:48
181,181,423703100,Active,4/16/2027,South Georgia and the South Sandwich Islands,benefit.png,11/7/2023 17:06,11/7/2023 17:06
182,182,417087265,Active,11/3/2029,Cayman Islands,single.gif,2/2/2024 0:21,2/2/2024 0:21
183,183,458071959,Active,10/31/2030,Germany,west.gif,8/30/2023 3:22,8/30/2023 3:22
184,184,374267794,Active,4/24/2027,Reunion,purpose.tiff,6/3/2024 0:24,6/3/2024 0:24
185,185,828160289,Active,1/2/2026,Costa Rica,should.bmp,10/21/2023 11:58,10/21/2023 11:58
186,186,403003731,Active,12/29/2029,Zimbabwe,act.jpg,3/18/2024 23:19,3/18/2024 23:19
187,187,902474991,Active,5/30/2032,North Macedonia,shoulder.bmp,11/19/2023 21:27,11/19/2023 21:27
188,188,739249379,Cancelled,6/14/2031,Belarus,phone.jpg,6/21/2024 20:51,6/21/2024 20:51
189,189,414187540,Active,4/3/2026,Antigua and Barbuda,contain.gif,3/30/2024 8:45,3/30/2024 8:45
190,190,U48667524,Active,5/21/2026,Lebanon,just.gif,11/18/2023 19:05,11/18/2023 19:05
191,191,I08477395,Active,6/2/2026,Poland,figure.jpeg,8/3/2023 18:30,8/3/2023 18:30
192,192,863494565,Active,10/13/2029,Sudan,catch.png,3/14/2024 5:33,3/14/2024 5:33
193,193,Y97181719,Active,12/16/2031,Ecuador,lose.bmp,11/15/2023 17:23,11/15/2023 17:23
194,194,L49526312,Active,3/23/2028,Togo,world.jpeg,2/1/2024 17:38,2/1/2024 17:38
195,195,593574407,Active,5/1/2028,Korea,indicate.jpeg,10/3/2023 13:20,10/3/2023 13:20
196,196,360638944,Active,4/22/2034,Kiribati,bed.png,11/16/2023 12:17,11/16/2023 12:17
197,197,A01537648,Active,4/10/2026,Mauritania,list.png,6/3/2024 16:24,6/3/2024 16:24
198,198,R49945202,Active,10/29/2031,Micronesia,maybe.tiff,9/23/2023 12:22,9/23/2023 12:22
199,199,Q00244802,Active,4/18/2032,Maldives,world.bmp,11/25/2023 8:06,11/25/2023 8:06
200,200,M96055593,Active,12/12/2029,Chad,beyond.jpeg,4/12/2024 18:29,4/12/2024 18:29
201,201,651455638,Active,5/8/2029,Uruguay,building.png,10/3/2023 17:56,10/3/2023 17:56
202,202,K18948374,Active,1/2/2026,Belize,argue.png,6/3/2024 7:30,6/3/2024 7:30
203,203,J63065719,Active,12/3/2027,Sri Lanka,each.jpg,9/27/2023 3:24,9/27/2023 3:24
204,204,K55874239,Active,6/15/2030,Nepal,actually.gif,7/25/2023 12:26,7/25/2023 12:26
205,205,D44171949,Active,9/2/2029,Ghana,mission.png,4/21/2024 19:07,4/21/2024 19:07
206,206,903314146,Active,10/10/2028,United Arab Emirates,sort.jpg,2/23/2024 13:08,2/23/2024 13:08
207,207,656096754,Active,1/30/2030,San Marino,but.gif,8/16/2023 9:17,8/16/2023 9:17
208,208,J38646308,Active,12/18/2033,Belgium,past.tiff,12/17/2023 4:28,12/17/2023 4:28
209,209,H29851002,Active,1/17/2030,Burkina Faso,company.jpeg,8/7/2023 14:19,8/7/2023 14:19
210,210,U53772618,Active,12/16/2026,Hungary,open.jpeg,3/23/2024 6:39,3/23/2024 6:39
211,211,502364113,Active,11/2/2031,Comoros,major.gif,1/31/2024 1:08,1/31/2024 1:08
212,212,816695958,Active,6/1/2030,Benin,trouble.tiff,12/23/2023 14:48,12/23/2023 14:48
213,213,D31208783,Active,9/2/2030,Palau,involve.bmp,2/26/2024 16:30,2/26/2024 16:30
214,214,Z31619397,Active,11/27/2026,San Marino,recent.gif,8/21/2023 4:04,8/21/2023 4:04
215,215,713625841,Active,10/10/2026,Korea,just.jpg,7/7/2024 21:40,7/7/2024 21:40
216,216,E57545780,Active,12/27/2027,Luxembourg,option.png,3/13/2024 10:38,3/13/2024 10:38
217,217,326360539,Active,2/22/2026,Iraq,issue.gif,12/28/2023 0:37,12/28/2023 0:37
218,218,312036239,Active,6/26/2030,Costa Rica,knowledge.bmp,4/16/2024 23:21,4/16/2024 23:21
219,219,814675901,Active,12/22/2028,Sweden,create.tiff,1/6/2024 16:27,1/6/2024 16:27
220,220,739463134,Active,7/10/2026,Myanmar,such.jpg,9/9/2023 11:09,9/9/2023 11:09
221,221,999480950,Active,11/5/2026,Cook Islands,itself.jpg,5/22/2024 0:12,5/22/2024 0:12
222,222,407881953,Active,4/28/2031,Chile,service.bmp,6/6/2024 4:21,6/6/2024 4:21
223,223,F53586719,Active,1/18/2027,Kazakhstan,thus.bmp,2/11/2024 3:58,2/11/2024 3:58
224,224,741174190,Active,1/28/2027,Italy,start.jpeg,2/12/2024 22:30,2/12/2024 22:30
225,225,D94918158,Active,2/21/2032,Jamaica,increase.png,7/29/2023 4:16,7/29/2023 4:16
226,226,R40522769,Active,5/18/2026,Congo,particularly.bmp,11/22/2023 5:17,11/22/2023 5:17
227,227,U62341812,Active,5/25/2032,Gibraltar,especially.jpeg,7/10/2024 15:48,7/10/2024 15:48
228,228,309757871,Active,4/4/2034,British Virgin Islands,follow.tiff,8/21/2023 8:25,8/21/2023 8:25
229,229,Z50499873,Active,2/14/2033,Cyprus,how.gif,5/7/2024 16:19,5/7/2024 16:19
230,230,599774010,Active,3/1/2027,Tajikistan,wear.tiff,10/7/2023 1:11,10/7/2023 1:11
231,231,K23484197,Active,11/26/2026,Guadeloupe,check.tiff,8/17/2023 12:24,8/17/2023 12:24
232,232,765279130,Active,10/24/2028,British Virgin Islands,clearly.jpg,11/11/2023 4:51,11/11/2023 4:51
233,233,494496906,Active,8/29/2026,Andorra,claim.gif,6/12/2024 13:54,6/12/2024 13:54
234,234,932200576,Active,1/8/2034,Algeria,discussion.bmp,11/26/2023 18:59,11/26/2023 18:59
235,235,405862834,Active,6/26/2033,Ethiopia,boy.jpg,3/18/2024 1:52,3/18/2024 1:52
236,236,V89248918,Active,2/9/2029,Norway,interview.jpg,3/18/2024 7:06,3/18/2024 7:06
237,237,Y69385148,Active,10/6/2030,Puerto Rico,exist.jpeg,11/2/2023 8:24,11/2/2023 8:24
238,238,Y22918332,Active,1/27/2029,Bhutan,movie.jpg,7/5/2024 6:19,7/5/2024 6:19
239,239,165621033,Active,10/14/2028,Bahrain,pay.jpg,3/23/2024 22:33,3/23/2024 22:33
240,240,Q09629347,Active,3/2/2026,Ghana,response.tiff,3/16/2024 22:15,3/16/2024 22:15
241,241,703865433,Active,12/16/2027,Hungary,generation.gif,2/16/2024 1:34,2/16/2024 1:34
242,242,701624579,Active,1/6/2029,Pakistan,low.bmp,6/15/2024 12:37,6/15/2024 12:37
243,243,T63337900,Active,8/12/2025,Iceland,pull.bmp,3/25/2024 19:49,3/25/2024 19:49
244,244,M63896702,Active,12/29/2032,Gambia,report.gif,2/4/2024 8:37,2/4/2024 8:37
245,245,942849251,Active,3/2/2032,Solomon Islands,million.jpeg,1/22/2024 18:40,1/22/2024 18:40
246,246,F58764466,Active,10/16/2027,Bahrain,watch.tiff,12/13/2023 13:36,12/13/2023 13:36
247,247,F25095108,Active,7/29/2028,Equatorial Guinea,no.gif,12/11/2023 12:38,12/11/2023 12:38
248,248,981014554,Active,4/7/2031,Norway,he.png,2/5/2024 9:37,2/5/2024 9:37
249,249,806343600,Active,9/30/2030,Mozambique,television.gif,10/30/2023 13:23,10/30/2023 13:23
250,250,189391110,Active,9/5/2027,Liberia,change.gif,7/16/2024 7:29,7/16/2024 7:29
251,251,169622602,Active,11/21/2026,China,develop.jpeg,12/15/2023 19:26,12/15/2023 19:26
252,252,266743832,Active,7/6/2029,Swaziland,five.jpeg,7/9/2024 2:03,7/9/2024 2:03
253,253,M40123444,Active,5/10/2028,Saint Martin,let.gif,11/22/2023 16:05,11/22/2023 16:05
254,254,564498948,Active,5/15/2027,Grenada,serve.gif,8/26/2023 19:06,8/26/2023 19:06
255,255,17286759,Active,4/14/2027,Bulgaria,test.png,1/9/2024 15:56,1/9/2024 15:56
256,256,F79834027,Active,11/22/2031,Israel,purpose.gif,2/28/2024 19:06,2/28/2024 19:06
257,257,M57808217,Active,5/31/2026,Bouvet Island (Bouvetoya),citizen.gif,4/17/2024 1:24,4/17/2024 1:24
258,258,26295760,Active,7/6/2029,Isle of Man,foreign.jpeg,5/23/2024 13:08,5/23/2024 13:08
259,259,334067163,Active,2/10/2033,Sweden,senior.png,6/20/2024 9:19,6/20/2024 9:19
260,260,358466622,Active,3/19/2030,Somalia,nothing.tiff,3/23/2024 18:19,3/23/2024 18:19
261,261,598311040,Active,3/1/2028,Saint Martin,no.jpg,1/24/2024 13:41,1/24/2024 13:41
262,262,947579206,Active,9/16/2029,American Samoa,watch.gif,1/21/2024 21:32,1/21/2024 21:32
263,263,242896615,Active,10/14/2032,United States Virgin Islands,popular.gif,4/23/2024 18:02,4/23/2024 18:02
264,264,696049584,Active,10/25/2027,Morocco,common.tiff,9/15/2023 21:33,9/15/2023 21:33
265,265,477805835,Active,4/9/2032,Vanuatu,program.bmp,12/27/2023 17:31,12/27/2023 17:31
266,266,517470428,Active,11/9/2028,Togo,available.png,8/29/2023 11:04,8/29/2023 11:04
267,267,827641020,Active,11/29/2025,Cote d'Ivoire,under.gif,4/3/2024 7:33,4/3/2024 7:33
268,268,576528503,Active,5/21/2034,Mexico,student.jpeg,7/12/2024 9:05,7/12/2024 9:05
269,269,768754982,Active,5/6/2028,Ecuador,quickly.bmp,1/5/2024 23:24,1/5/2024 23:24
270,270,V81095954,Active,4/6/2028,Mozambique,your.png,4/27/2024 2:32,4/27/2024 2:32
271,271,343798969,Active,12/15/2028,Vanuatu,feeling.png,7/10/2024 4:44,7/10/2024 4:44
272,272,589496597,Active,4/11/2031,Argentina,leave.jpg,9/4/2023 22:46,9/4/2023 22:46
273,273,G62994043,Active,8/9/2027,Albania,might.jpeg,8/1/2023 4:06,8/1/2023 4:06
274,274,501282973,Active,6/11/2034,Cote d'Ivoire,imagine.jpg,3/4/2024 6:48,3/4/2024 6:48
275,275,739765823,Active,5/3/2026,Madagascar,finish.png,1/24/2024 4:58,1/24/2024 4:58
276,276,K90974548,Active,1/14/2033,Malta,technology.jpeg,7/27/2023 9:58,7/27/2023 9:58
277,277,865966434,Active,6/20/2029,Algeria,safe.jpeg,7/13/2024 21:05,7/13/2024 21:05
278,278,V06811597,Active,2/16/2032,Argentina,check.png,12/18/2023 16:02,12/18/2023 16:02
279,279,513349779,Active,10/11/2033,Thailand,kind.png,1/23/2024 23:33,1/23/2024 23:33
280,280,E86134729,Active,8/4/2026,Lithuania,teacher.tiff,8/8/2023 21:55,8/8/2023 21:55
281,281,F24007214,Active,3/1/2026,Somalia,put.gif,5/31/2024 2:02,5/31/2024 2:02
282,282,222738612,Cancelled,1/31/2031,Switzerland,manager.jpeg,8/26/2023 12:26,8/26/2023 12:26
283,283,S23797239,Active,3/9/2034,Montserrat,just.jpeg,1/4/2024 7:09,1/4/2024 7:09
284,284,14625128,Active,8/24/2030,Gabon,difference.tiff,10/25/2023 20:47,10/25/2023 20:47
285,285,T42585572,Active,9/17/2033,Belarus,physical.gif,6/2/2024 3:20,6/2/2024 3:20
286,286,758393822,Active,1/15/2034,Bulgaria,huge.jpeg,2/26/2024 1:19,2/26/2024 1:19
287,287,715297483,Active,11/15/2029,Congo,art.png,11/23/2023 8:32,11/23/2023 8:32
288,288,557783637,Active,3/28/2029,British Indian Ocean Territory (Chagos Archipelago),major.jpg,3/26/2024 22:46,3/26/2024 22:46
289,289,662698710,Active,10/19/2026,Falkland Islands (Malvinas),few.tiff,8/6/2023 23:47,8/6/2023 23:47
290,290,854303339,Active,8/10/2026,Palau,dream.gif,11/12/2023 7:49,11/12/2023 7:49
291,291,J98101219,Active,10/4/2033,Chad,effect.jpeg,9/19/2023 13:22,9/19/2023 13:22
292,292,N07692775,Active,7/13/2033,Ireland,six.tiff,1/3/2024 17:41,1/3/2024 17:41
293,293,G03589704,Active,7/28/2032,Pakistan,together.bmp,9/23/2023 7:26,9/23/2023 7:26
294,294,D08309102,Active,3/31/2031,Christmas Island,adult.gif,3/8/2024 16:21,3/8/2024 16:21
295,295,594737989,Active,5/13/2034,Slovakia (Slovak Republic),west.png,4/8/2024 15:53,4/8/2024 15:53
296,296,188259875,Active,12/21/2026,Uruguay,front.jpg,1/16/2024 6:42,1/16/2024 6:42
297,297,U29640249,Active,9/16/2032,Lao People's Democratic Republic,share.jpg,9/30/2023 9:44,9/30/2023 9:44
298,298,W39109097,Active,11/2/2025,Cook Islands,manager.tiff,1/12/2024 6:18,1/12/2024 6:18
299,299,Q20127332,Active,9/27/2027,Morocco,company.gif,6/14/2024 2:46,6/14/2024 2:46
300,300,E68208395,Active,7/17/2031,Eritrea,allow.png,10/15/2023 4:04,10/15/2023 4:04
301,301,U76373263,Active,1/5/2034,United Kingdom,police.png,5/24/2024 6:39,5/24/2024 6:39
302,302,U91490079,Active,3/12/2030,Korea,might.bmp,12/10/2023 21:40,12/10/2023 21:40
303,303,370042997,Active,5/6/2027,Fiji,rock.gif,11/4/2023 15:01,11/4/2023 15:01
304,304,3773495,Active,12/24/2028,Eritrea,cause.bmp,9/1/2023 9:39,9/1/2023 9:39
305,305,592099138,Active,6/6/2029,Korea,doctor.bmp,1/31/2024 17:51,1/31/2024 17:51
306,306,439151984,Active,11/2/2028,Maldives,usually.tiff,11/13/2023 0:55,11/13/2023 0:55
307,307,H29061005,Active,3/12/2027,Peru,see.gif,3/19/2024 19:29,3/19/2024 19:29
308,308,U04001301,Active,12/26/2033,Mauritania,time.png,7/21/2024 23:14,7/21/2024 23:14
309,309,366329418,Active,6/22/2034,Cape Verde,coach.jpeg,8/2/2023 14:48,8/2/2023 14:48
310,310,M61292116,Active,4/9/2033,Denmark,trial.png,10/29/2023 4:38,10/29/2023 4:38
311,311,D36034705,Active,9/13/2030,Falkland Islands (Malvinas),research.bmp,4/9/2024 10:56,4/9/2024 10:56
312,312,U87560071,Active,12/18/2029,Papua New Guinea,nor.tiff,7/1/2024 10:25,7/1/2024 10:25
313,313,H41647531,Active,8/17/2029,Nepal,enough.jpeg,12/18/2023 4:39,12/18/2023 4:39
314,314,L71239172,Active,2/5/2034,British Virgin Islands,out.bmp,1/17/2024 11:08,1/17/2024 11:08
315,315,E43397275,Active,6/6/2028,Albania,middle.jpeg,8/20/2023 0:34,8/20/2023 0:34
316,316,B54898101,Active,5/20/2029,Svalbard & Jan Mayen Islands,Republican.png,3/9/2024 20:17,3/9/2024 20:17
317,317,928508092,Active,11/20/2029,Equatorial Guinea,turn.png,11/26/2023 7:27,11/26/2023 7:27
318,318,U78575684,Active,12/14/2033,Chile,executive.bmp,9/18/2023 8:37,9/18/2023 8:37
319,319,128016053,Active,3/2/2028,Colombia,appear.gif,7/18/2024 23:59,7/18/2024 23:59
320,320,B81133942,Active,9/14/2033,Switzerland,spring.jpg,8/9/2023 8:47,8/9/2023 8:47
321,321,N44535796,Active,11/7/2032,Niue,instead.tiff,5/8/2024 0:51,5/8/2024 0:51
322,322,D44982145,Active,4/11/2029,Vanuatu,mean.gif,5/5/2024 14:13,5/5/2024 14:13
323,323,A26511392,Active,9/4/2033,Bouvet Island (Bouvetoya),operation.jpeg,1/11/2024 15:40,1/11/2024 15:40
324,324,A99084462,Active,7/12/2034,Burundi,election.jpeg,12/2/2023 14:03,12/2/2023 14:03
325,325,233206576,Active,7/16/2026,Lao People's Democratic Republic,arrive.jpg,6/15/2024 15:55,6/15/2024 15:55
326,326,278774449,Active,10/17/2029,Costa Rica,never.bmp,4/2/2024 11:16,4/2/2024 11:16
327,327,339277359,Active,10/16/2026,Slovakia (Slovak Republic),live.png,4/17/2024 16:47,4/17/2024 16:47
328,328,337481984,Active,9/20/2028,Syrian Arab Republic,several.tiff,10/21/2023 7:40,10/21/2023 7:40
329,329,V50862206,Active,8/5/2032,Bolivia,each.jpg,7/21/2024 21:46,7/21/2024 21:46
330,330,N91273469,Active,6/7/2032,Paraguay,state.jpg,9/1/2023 3:24,9/1/2023 3:24
331,331,K99905172,Active,9/24/2030,Saint Vincent and the Grenadines,system.jpeg,1/22/2024 13:20,1/22/2024 13:20
332,332,M30000861,Active,2/22/2030,Mayotte,page.bmp,7/8/2024 2:10,7/8/2024 2:10
333,333,C86511134,Active,5/4/2030,South Georgia and the South Sandwich Islands,must.png,12/21/2023 5:56,12/21/2023 5:56
334,334,A41840690,Active,2/19/2031,Samoa,chance.png,9/23/2023 3:20,9/23/2023 3:20
335,335,Z60010051,Active,8/11/2030,Morocco,skin.jpg,10/16/2023 14:24,10/16/2023 14:24
336,336,N96742006,Active,8/13/2025,Grenada,soldier.gif,8/15/2023 18:40,8/15/2023 18:40
337,337,484388325,Active,12/30/2031,French Southern Territories,either.bmp,4/13/2024 18:38,4/13/2024 18:38
338,338,493122104,Active,2/15/2026,United Kingdom,hair.gif,4/1/2024 2:25,4/1/2024 2:25
339,339,U74516778,Active,7/6/2028,Georgia,agreement.jpeg,10/25/2023 4:41,10/25/2023 4:41
340,340,N40206746,Active,12/30/2033,Slovenia,official.jpg,5/23/2024 13:51,5/23/2024 13:51
341,341,594532382,Active,1/6/2034,Heard Island and McDonald Islands,various.jpg,12/12/2023 7:45,12/12/2023 7:45
342,342,802372201,Active,2/16/2028,Chad,foreign.bmp,9/27/2023 1:20,9/27/2023 1:20
343,343,670485095,Active,2/22/2029,Iraq,investment.jpg,7/31/2023 11:32,7/31/2023 11:32
344,344,966164623,Active,10/20/2030,Zambia,sound.jpeg,3/7/2024 6:04,3/7/2024 6:04
345,345,29611957,Active,2/28/2028,Austria,thank.bmp,7/13/2024 3:50,7/13/2024 3:50
346,346,979773642,Active,6/25/2032,Cameroon,than.jpeg,5/17/2024 11:54,5/17/2024 11:54
347,347,767812583,Active,12/10/2026,Azerbaijan,kitchen.gif,4/24/2024 23:03,4/24/2024 23:03
348,348,494554090,Active,1/5/2026,Switzerland,win.gif,4/4/2024 11:56,4/4/2024 11:56
349,349,298924263,Active,7/12/2034,Myanmar,common.bmp,10/21/2023 19:10,10/21/2023 19:10
350,350,V56228704,Active,3/2/2028,Russian Federation,world.jpg,10/19/2023 21:43,10/19/2023 21:43
351,351,353355939,Active,11/27/2033,Barbados,represent.tiff,4/23/2024 3:11,4/23/2024 3:11
352,352,67468236,Active,2/25/2033,Japan,point.gif,12/20/2023 13:53,12/20/2023 13:53
353,353,S19781475,Active,11/27/2033,Switzerland,by.jpg,1/23/2024 23:46,1/23/2024 23:46
354,354,F30634501,Active,2/26/2031,Namibia,cold.bmp,5/28/2024 17:37,5/28/2024 17:37
355,355,848399511,Active,10/9/2031,Burundi,change.bmp,8/31/2023 9:37,8/31/2023 9:37
356,356,M34142394,Active,11/23/2027,Switzerland,size.jpeg,1/16/2024 23:04,1/16/2024 23:04
357,357,787636299,Active,9/18/2029,Spain,card.gif,7/23/2023 5:44,7/23/2023 5:44
358,358,679323324,Active,3/24/2031,Pitcairn Islands,American.jpeg,7/2/2024 12:53,7/2/2024 12:53
359,359,482975080,Active,9/19/2031,American Samoa,within.jpeg,3/1/2024 2:34,3/1/2024 2:34
360,360,537223419,Active,6/15/2033,Bangladesh,feel.tiff,12/27/2023 12:50,12/27/2023 12:50
361,361,E90908218,Active,9/21/2033,Cameroon,civil.png,9/5/2023 21:42,9/5/2023 21:42
362,362,130696549,Active,5/3/2027,Gibraltar,single.bmp,1/22/2024 23:14,1/22/2024 23:14
363,363,R84288577,Active,3/4/2034,Guyana,measure.gif,4/22/2024 14:13,4/22/2024 14:13
364,364,K54052052,Active,5/30/2032,Nauru,situation.tiff,10/9/2023 20:19,10/9/2023 20:19
365,365,Z07108748,Active,12/24/2033,Namibia,wear.tiff,8/18/2023 5:48,8/18/2023 5:48
366,366,385720034,Active,2/28/2028,Lesotho,interesting.bmp,4/24/2024 19:01,4/24/2024 19:01
367,367,942019114,Active,6/5/2032,Guatemala,activity.gif,12/13/2023 5:29,12/13/2023 5:29
368,368,206412598,Active,3/30/2033,Lithuania,claim.tiff,10/26/2023 4:26,10/26/2023 4:26
369,369,645413287,Active,6/27/2026,Cambodia,my.tiff,7/5/2024 21:19,7/5/2024 21:19
370,370,J90289311,Active,7/26/2031,Bolivia,much.bmp,10/7/2023 19:51,10/7/2023 19:51
371,371,409491780,Active,1/8/2034,Spain,lawyer.gif,11/1/2023 9:33,11/1/2023 9:33
372,372,783278880,Active,10/22/2029,Guyana,your.bmp,10/2/2023 11:43,10/2/2023 11:43
373,373,979098905,Active,6/27/2032,Saint Kitts and Nevis,middle.jpg,3/12/2024 13:37,3/12/2024 13:37
374,374,G18435337,Active,3/18/2029,Indonesia,time.jpg,11/2/2023 15:14,11/2/2023 15:14
375,375,L56798235,Active,9/5/2026,New Zealand,everything.jpg,6/15/2024 17:33,6/15/2024 17:33
376,376,Z44846349,Cancelled,11/13/2025,Ukraine,billion.jpg,7/4/2024 6:42,7/4/2024 6:42
377,377,352898680,Active,1/28/2032,Isle of Man,deep.tiff,1/12/2024 21:07,1/12/2024 21:07
378,378,K94055188,Active,2/13/2033,Mauritius,product.jpg,8/21/2023 13:49,8/21/2023 13:49
379,379,M05448414,Active,5/11/2033,Montserrat,second.gif,9/11/2023 5:09,9/11/2023 5:09
380,380,508887666,Active,7/3/2029,Romania,trip.gif,9/18/2023 10:53,9/18/2023 10:53
381,381,X56850562,Active,6/28/2027,Venezuela,four.jpg,2/28/2024 22:13,2/28/2024 22:13
382,382,A16261637,Active,10/2/2025,Aruba,already.tiff,2/4/2024 16:47,2/4/2024 16:47
383,383,H41169554,Active,6/22/2032,French Southern Territories,knowledge.tiff,1/12/2024 7:28,1/12/2024 7:28
384,384,E07252942,Active,1/23/2031,Ghana,stop.jpg,11/29/2023 13:44,11/29/2023 13:44
385,385,316734614,Active,5/29/2027,Djibouti,subject.gif,2/18/2024 22:17,2/18/2024 22:17
386,386,A19500448,Active,7/27/2027,New Caledonia,discover.tiff,7/19/2024 15:49,7/19/2024 15:49
387,387,X20876249,Active,6/13/2026,Turkey,though.png,12/1/2023 8:34,12/1/2023 8:34
388,388,859656957,Active,10/14/2027,Montserrat,ability.jpeg,11/4/2023 6:28,11/4/2023 6:28
389,389,917515980,Active,2/10/2032,United Kingdom,democratic.gif,5/24/2024 6:15,5/24/2024 6:15
390,390,U15511514,Active,7/22/2026,Slovakia (Slovak Republic),resource.gif,7/12/2024 16:34,7/12/2024 16:34
391,391,A00505981,Active,11/3/2025,Sri Lanka,pull.tiff,5/10/2024 0:07,5/10/2024 0:07
392,392,O16024587,Active,4/3/2027,Holy See (Vatican City State),off.tiff,3/29/2024 0:06,3/29/2024 0:06
393,393,B15570719,Active,12/1/2027,Solomon Islands,offer.jpg,6/27/2024 16:58,6/27/2024 16:58
394,394,K47563277,Active,10/22/2032,Peru,evening.gif,12/9/2023 1:43,12/9/2023 1:43
395,395,M14397113,Active,10/6/2026,Austria,news.jpeg,8/22/2023 22:15,8/22/2023 22:15
396,396,259231858,Active,5/30/2030,Switzerland,wait.jpg,6/14/2024 14:11,6/14/2024 14:11
397,397,Y79506133,Active,11/3/2031,New Caledonia,accept.bmp,1/19/2024 22:35,1/19/2024 22:35
398,398,X78814363,Active,6/29/2031,Bulgaria,deep.gif,6/14/2024 10:51,6/14/2024 10:51
399,399,291352222,Active,7/4/2031,Albania,air.jpeg,6/29/2024 15:06,6/29/2024 15:06
400,400,J51675390,Active,9/22/2032,Romania,off.gif,10/26/2023 3:09,10/26/2023 3:09
401,401,592579857,Active,1/10/2026,Kiribati,building.jpeg,11/20/2023 10:55,11/20/2023 10:55
402,402,U02038850,Active,6/23/2029,Iraq,staff.jpg,7/17/2024 2:16,7/17/2024 2:16
403,403,729641641,Active,10/11/2027,Bangladesh,plant.tiff,3/16/2024 3:22,3/16/2024 3:22
404,404,W76503505,Active,3/16/2027,Central African Republic,between.gif,1/23/2024 11:59,1/23/2024 11:59
405,405,85657762,Active,3/18/2034,Saint Lucia,main.png,6/3/2024 2:33,6/3/2024 2:33
406,406,630543273,Active,3/15/2034,Togo,available.tiff,12/16/2023 6:57,12/16/2023 6:57
407,407,E14304500,Active,3/17/2032,Puerto Rico,team.bmp,2/19/2024 20:51,2/19/2024 20:51
408,408,436053893,Active,10/17/2025,Gambia,single.bmp,11/20/2023 2:30,11/20/2023 2:30
409,409,I36709111,Active,12/20/2025,Argentina,structure.gif,5/11/2024 1:46,5/11/2024 1:46
410,410,33257529,Active,12/14/2025,South Africa,boy.jpeg,9/2/2023 2:59,9/2/2023 2:59
411,411,S88850337,Active,12/8/2033,Mayotte,experience.tiff,11/7/2023 19:11,11/7/2023 19:11
412,412,R06836149,Active,2/3/2029,Colombia,community.tiff,8/1/2023 14:51,8/1/2023 14:51
413,413,V55573253,Active,11/14/2028,Georgia,main.tiff,12/24/2023 22:59,12/24/2023 22:59
414,414,N51683652,Active,9/22/2032,Ethiopia,sport.tiff,10/16/2023 22:08,10/16/2023 22:08
415,415,356587499,Active,11/3/2025,Bulgaria,maintain.gif,1/22/2024 21:02,1/22/2024 21:02
416,416,500634410,Active,9/16/2033,Suriname,contain.png,4/4/2024 9:33,4/4/2024 9:33
417,417,909585441,Active,8/29/2031,New Caledonia,south.jpg,8/8/2023 4:09,8/8/2023 4:09
418,418,564411822,Active,5/7/2026,San Marino,paper.gif,5/25/2024 16:03,5/25/2024 16:03
419,419,A17368577,Active,5/1/2028,Turkmenistan,family.gif,10/19/2023 2:38,10/19/2023 2:38
420,420,798182100,Active,8/8/2032,French Southern Territories,peace.png,2/27/2024 3:09,2/27/2024 3:09
421,421,967388945,Active,8/12/2030,Colombia,course.png,7/14/2024 17:41,7/14/2024 17:41
422,422,810603289,Active,7/9/2029,Lebanon,fine.tiff,10/17/2023 23:40,10/17/2023 23:40
423,423,I25110900,Active,6/30/2034,French Polynesia,husband.jpeg,7/22/2023 19:51,7/22/2023 19:51
424,424,T57462869,Active,9/11/2025,Estonia,stuff.tiff,9/1/2023 15:36,9/1/2023 15:36
425,425,Q20169935,Active,7/3/2030,Gabon,environment.gif,5/24/2024 11:30,5/24/2024 11:30
426,426,927837927,Active,6/19/2033,Barbados,occur.jpg,7/25/2023 5:52,7/25/2023 5:52
427,427,N75631129,Active,1/22/2026,Barbados,fish.jpg,11/30/2023 22:05,11/30/2023 22:05
428,428,377928582,Active,5/25/2029,Pitcairn Islands,contain.gif,11/20/2023 11:55,11/20/2023 11:55
429,429,R10006445,Active,7/5/2032,Serbia,create.jpeg,3/15/2024 15:04,3/15/2024 15:04
430,430,V62524313,Active,3/2/2028,Algeria,three.jpg,2/28/2024 6:32,2/28/2024 6:32
431,431,P53997694,Active,10/11/2031,Netherlands Antilles,skin.bmp,10/1/2023 20:55,10/1/2023 20:55
432,432,S54023824,Active,1/18/2034,North Macedonia,field.tiff,11/29/2023 22:59,11/29/2023 22:59
433,433,20601120,Active,1/9/2027,France,pick.gif,2/17/2024 17:05,2/17/2024 17:05
434,434,12662296,Active,12/12/2027,Reunion,many.jpeg,6/25/2024 17:57,6/25/2024 17:57
435,435,C67517860,Active,10/7/2031,Micronesia,north.png,6/19/2024 10:16,6/19/2024 10:16
436,436,N43833200,Active,7/14/2034,Trinidad and Tobago,result.gif,8/25/2023 8:55,8/25/2023 8:55
437,437,434081820,Active,6/19/2033,Iceland,could.png,7/4/2024 3:57,7/4/2024 3:57
438,438,30491278,Active,9/19/2028,Gabon,chair.gif,12/17/2023 23:31,12/17/2023 23:31
439,439,561103560,Active,1/26/2033,Djibouti,time.jpeg,11/9/2023 4:30,11/9/2023 4:30
440,440,X39853420,Active,7/16/2034,Jordan,book.jpg,9/25/2023 23:01,9/25/2023 23:01
441,441,464117992,Active,11/7/2025,Saudi Arabia,trouble.jpg,12/1/2023 11:49,12/1/2023 11:49
442,442,352240279,Active,6/22/2032,Guadeloupe,believe.jpeg,3/19/2024 6:31,3/19/2024 6:31
443,443,J83441251,Active,10/30/2032,Cyprus,end.png,5/12/2024 8:12,5/12/2024 8:12
444,444,47347945,Active,1/18/2028,Bosnia and Herzegovina,technology.jpg,6/17/2024 18:43,6/17/2024 18:43
445,445,832414620,Active,7/27/2028,Slovenia,together.gif,11/20/2023 1:03,11/20/2023 1:03
446,446,281485098,Active,5/4/2026,Falkland Islands (Malvinas),record.png,9/21/2023 7:45,9/21/2023 7:45
447,447,W89659274,Active,5/16/2030,Antarctica (the territory South of 60 deg S),important.gif,12/16/2023 22:26,12/16/2023 22:26
448,448,828415261,Active,5/18/2029,Belarus,move.gif,6/21/2024 4:21,6/21/2024 4:21
449,449,305177679,Active,2/13/2028,Malta,through.tiff,9/15/2023 9:10,9/15/2023 9:10
450,450,897623050,Active,10/21/2033,Dominica,onto.png,4/15/2024 22:14,4/15/2024 22:14
451,451,J70329533,Active,4/26/2030,Peru,book.jpeg,1/14/2024 8:26,1/14/2024 8:26
452,452,475106227,Active,2/28/2033,Saint Helena,spring.jpg,2/1/2024 16:06,2/1/2024 16:06
453,453,632824980,Active,5/20/2034,Singapore,single.gif,3/18/2024 0:13,3/18/2024 0:13
454,454,O80937721,Active,7/13/2028,Cocos (Keeling) Islands,up.jpeg,8/5/2023 21:00,8/5/2023 21:00
455,455,899984036,Active,12/23/2031,Greece,book.jpeg,9/28/2023 4:58,9/28/2023 4:58
456,456,O67875910,Active,3/29/2029,Palestinian Territory,last.jpg,2/27/2024 11:31,2/27/2024 11:31
457,457,W26172710,Active,12/12/2028,Dominican Republic,clear.bmp,12/7/2023 7:58,12/7/2023 7:58
458,458,R19906799,Active,7/3/2033,Tuvalu,agent.jpeg,5/9/2024 14:44,5/9/2024 14:44
459,459,98786306,Active,6/17/2031,Vanuatu,realize.jpeg,1/31/2024 14:36,1/31/2024 14:36
460,460,W94453112,Active,5/11/2030,Christmas Island,as.tiff,11/8/2023 4:07,11/8/2023 4:07
461,461,K35306104,Active,12/18/2025,Tokelau,off.bmp,3/18/2024 1:54,3/18/2024 1:54
462,462,288675229,Active,9/19/2027,Isle of Man,cup.jpg,7/8/2024 13:20,7/8/2024 13:20
463,463,552899899,Active,4/16/2027,Saint Vincent and the Grenadines,that.bmp,10/11/2023 23:54,10/11/2023 23:54
464,464,O79656259,Active,1/2/2031,Sierra Leone,could.png,2/20/2024 22:28,2/20/2024 22:28
465,465,C70010647,Active,3/6/2028,Vietnam,data.tiff,4/9/2024 2:27,4/9/2024 2:27
466,466,L23521498,Active,8/28/2030,Serbia,young.tiff,5/9/2024 1:08,5/9/2024 1:08
467,467,324102439,Active,6/18/2034,Turkmenistan,ever.jpg,8/1/2023 10:19,8/1/2023 10:19
468,468,R78035813,Active,8/23/2025,Zimbabwe,plant.jpg,11/14/2023 3:14,11/14/2023 3:14
469,469,X81143484,Active,5/1/2031,Faroe Islands,short.tiff,10/1/2023 23:32,10/1/2023 23:32
470,470,266500410,Cancelled,1/14/2034,Timor-Leste,source.jpg,5/24/2024 5:42,5/24/2024 5:42
471,471,666655568,Active,2/27/2033,Wallis and Futuna,season.tiff,10/2/2023 23:22,10/2/2023 23:22
472,472,L39619580,Active,8/16/2033,Slovakia (Slovak Republic),network.gif,11/25/2023 21:55,11/25/2023 21:55
473,473,M33416258,Active,10/12/2029,Saint Martin,any.jpg,4/23/2024 6:14,4/23/2024 6:14
474,474,F30158127,Active,12/14/2032,Martinique,hotel.tiff,11/19/2023 17:56,11/19/2023 17:56
475,475,377896125,Active,11/10/2031,Ecuador,painting.tiff,8/11/2023 13:51,8/11/2023 13:51
476,476,U86783987,Active,5/22/2033,Fiji,degree.jpeg,2/16/2024 19:47,2/16/2024 19:47
477,477,F03928186,Active,1/29/2030,Korea,leg.jpg,8/21/2023 8:27,8/21/2023 8:27
478,478,W95893228,Active,1/28/2027,Sierra Leone,soon.gif,3/20/2024 10:33,3/20/2024 10:33
479,479,842001191,Active,7/4/2032,Ireland,wait.gif,5/8/2024 3:43,5/8/2024 3:43
480,480,786130171,Active,11/14/2028,Saint Martin,word.png,3/7/2024 10:52,3/7/2024 10:52
481,481,C11027583,Active,9/2/2032,Poland,party.bmp,6/26/2024 6:13,6/26/2024 6:13
482,482,M10456890,Active,12/18/2026,Vanuatu,instead.jpg,5/21/2024 21:41,5/21/2024 21:41
483,483,544495833,Active,8/18/2029,Saint Vincent and the Grenadines,smile.jpeg,6/16/2024 23:03,6/16/2024 23:03
484,484,X16212113,Active,4/3/2032,Kenya,matter.jpeg,8/21/2023 7:21,8/21/2023 7:21
485,485,Y85775885,Active,2/25/2032,Mexico,who.jpg,11/13/2023 1:25,11/13/2023 1:25
486,486,U25362269,Active,7/3/2027,Australia,city.jpeg,10/18/2023 14:47,10/18/2023 14:47
487,487,378249534,Active,7/15/2026,Israel,name.gif,1/13/2024 6:53,1/13/2024 6:53
488,488,X17227442,Active,4/20/2032,Isle of Man,street.jpeg,8/31/2023 17:21,8/31/2023 17:21
489,489,E69062869,Active,5/12/2031,Lebanon,she.bmp,10/25/2023 13:54,10/25/2023 13:54
490,490,555004507,Active,7/4/2028,Guatemala,choice.bmp,6/11/2024 18:04,6/11/2024 18:04
491,491,170423128,Active,8/19/2030,Spain,good.bmp,9/20/2023 14:07,9/20/2023 14:07
492,492,428024719,Active,8/21/2027,Netherlands,relate.tiff,6/28/2024 21:03,6/28/2024 21:03
493,493,724544004,Active,11/24/2025,Philippines,look.tiff,9/22/2023 2:01,9/22/2023 2:01
494,494,H94388829,Active,7/13/2033,San Marino,chance.gif,1/1/2024 0:06,1/1/2024 0:06
495,495,4308931,Active,2/27/2030,Russian Federation,represent.jpg,7/15/2024 2:23,7/15/2024 2:23
496,496,889229038,Active,6/19/2031,United States of America,kitchen.png,1/31/2024 10:01,1/31/2024 10:01
497,497,N43658805,Active,6/24/2034,Mali,into.png,4/21/2024 0:10,4/21/2024 0:10
498,498,687254690,Active,1/10/2033,Jamaica,view.gif,7/5/2024 14:14,7/5/2024 14:14
499,499,406240297,Active,10/6/2031,Croatia,prepare.png,1/13/2024 4:39,1/13/2024 4:39
500,500,376626737,Active,4/23/2032,Gambia,computer.bmp,12/29/2023 23:49,12/29/2023 23:49
501,501,G18864643,Active,1/31/2027,Equatorial Guinea,feeling.jpg,10/30/2023 3:00,10/30/2023 3:00
502,502,787704886,Active,7/15/2026,Central African Republic,mind.tiff,9/12/2023 9:45,9/12/2023 9:45
503,503,V56746587,Active,1/21/2031,Chad,nothing.bmp,3/20/2024 21:07,3/20/2024 21:07
504,504,O22463498,Active,10/31/2033,Spain,collection.gif,12/1/2023 15:26,12/1/2023 15:26
505,505,930620119,Active,2/14/2028,Ukraine,economic.jpeg,6/3/2024 15:40,6/3/2024 15:40
506,506,G27973927,Active,1/7/2028,Germany,along.jpeg,6/16/2024 10:42,6/16/2024 10:42
507,507,911463622,Active,2/13/2033,Nigeria,American.bmp,9/8/2023 5:19,9/8/2023 5:19
508,508,B29910699,Active,6/27/2033,Denmark,avoid.jpg,8/5/2023 23:04,8/5/2023 23:04
509,509,329818184,Active,10/4/2026,Uruguay,either.jpeg,11/15/2023 22:39,11/15/2023 22:39
510,510,892282041,Active,8/24/2029,United Arab Emirates,society.bmp,1/25/2024 16:55,1/25/2024 16:55
511,511,C52540172,Active,4/30/2027,Slovakia (Slovak Republic),rich.jpeg,10/20/2023 5:38,10/20/2023 5:38
512,512,90043149,Active,7/22/2033,Austria,skill.png,4/7/2024 4:29,4/7/2024 4:29
513,513,J72726270,Active,9/17/2025,Belgium,else.png,3/22/2024 21:18,3/22/2024 21:18
514,514,O16542003,Active,12/9/2032,Sierra Leone,inside.jpg,12/8/2023 22:31,12/8/2023 22:31
515,515,891674431,Active,8/6/2025,Eritrea,should.gif,9/7/2023 12:22,9/7/2023 12:22
516,516,J73794588,Active,12/23/2027,Vietnam,piece.jpeg,1/15/2024 2:57,1/15/2024 2:57
517,517,A04927186,Active,1/23/2033,Saint Vincent and the Grenadines,already.jpg,12/10/2023 7:06,12/10/2023 7:06
518,518,897322049,Active,7/4/2032,Northern Mariana Islands,stand.png,9/11/2023 17:08,9/11/2023 17:08
519,519,774564172,Active,12/14/2033,Kuwait,cup.bmp,3/28/2024 4:49,3/28/2024 4:49
520,520,X19360459,Active,4/15/2028,Congo,way.tiff,1/1/2024 19:46,1/1/2024 19:46
521,521,Z13849187,Active,9/16/2032,Malawi,issue.bmp,1/13/2024 6:05,1/13/2024 6:05
522,522,399484758,Active,1/21/2034,Benin,who.bmp,9/29/2023 5:53,9/29/2023 5:53
523,523,O93478330,Active,10/24/2029,American Samoa,might.gif,11/26/2023 21:06,11/26/2023 21:06
524,524,G45549497,Active,8/26/2031,Cuba,necessary.bmp,1/17/2024 23:34,1/17/2024 23:34
525,525,21667067,Active,4/7/2032,Lao People's Democratic Republic,evening.tiff,10/11/2023 20:34,10/11/2023 20:34
526,526,D02287671,Active,6/30/2027,Korea,real.bmp,8/9/2023 10:15,8/9/2023 10:15
527,527,I81970891,Active,12/14/2026,Myanmar,choice.jpg,2/9/2024 0:20,2/9/2024 0:20
528,528,783464547,Active,2/28/2028,Germany,only.jpg,7/11/2024 21:33,7/11/2024 21:33
529,529,366899418,Active,5/3/2027,Liechtenstein,after.png,2/2/2024 1:09,2/2/2024 1:09
530,530,217668180,Active,9/6/2031,Barbados,huge.jpeg,4/7/2024 21:04,4/7/2024 21:04
531,531,B18929651,Active,10/5/2028,Iceland,significant.tiff,3/11/2024 20:41,3/11/2024 20:41
532,532,835759909,Active,8/30/2028,Zimbabwe,theory.tiff,7/16/2024 20:03,7/16/2024 20:03
533,533,866710841,Active,10/15/2029,Pakistan,toward.bmp,10/15/2023 3:47,10/15/2023 3:47
534,534,A04058991,Active,10/28/2033,Liberia,red.jpg,2/27/2024 1:57,2/27/2024 1:57
535,535,A57171345,Active,3/21/2033,Gibraltar,former.png,4/3/2024 20:06,4/3/2024 20:06
536,536,477934197,Active,7/14/2032,Kazakhstan,thing.jpg,3/19/2024 5:19,3/19/2024 5:19
537,537,I94714578,Active,11/7/2027,Bermuda,adult.png,9/27/2023 5:29,9/27/2023 5:29
538,538,239329354,Active,7/23/2033,Zambia,card.jpeg,5/14/2024 23:50,5/14/2024 23:50
539,539,O74383949,Active,11/11/2030,Thailand,course.png,11/2/2023 22:12,11/2/2023 22:12
540,540,A00314590,Active,12/9/2029,Mali,stand.jpeg,10/8/2023 21:17,10/8/2023 21:17
541,541,O59029235,Active,3/26/2028,Tajikistan,who.gif,7/11/2024 14:14,7/11/2024 14:14
542,542,629095668,Active,12/20/2026,Dominican Republic,another.bmp,4/12/2024 18:46,4/12/2024 18:46
543,543,A39301994,Active,11/2/2029,Macao,yeah.bmp,11/14/2023 11:13,11/14/2023 11:13
544,544,T71573605,Active,5/1/2032,Tonga,character.jpeg,7/15/2024 21:14,7/15/2024 21:14
545,545,51330358,Active,9/25/2026,North Macedonia,spend.gif,12/18/2023 0:29,12/18/2023 0:29
546,546,694453072,Active,6/24/2026,Colombia,rather.tiff,4/16/2024 18:21,4/16/2024 18:21
547,547,B89180831,Active,8/19/2027,Gabon,owner.bmp,4/10/2024 13:04,4/10/2024 13:04
548,548,141568628,Active,9/6/2031,Liechtenstein,develop.jpg,7/7/2024 18:02,7/7/2024 18:02
549,549,439586264,Active,10/9/2033,New Caledonia,choice.png,4/19/2024 18:44,4/19/2024 18:44
550,550,25660900,Active,7/19/2028,Belize,tend.bmp,7/22/2023 18:31,7/22/2023 18:31
551,551,848499046,Active,12/18/2025,India,late.png,5/6/2024 11:41,5/6/2024 11:41
552,552,133409494,Active,11/21/2031,Algeria,century.png,1/23/2024 5:00,1/23/2024 5:00
553,553,I73578072,Active,8/14/2031,Trinidad and Tobago,key.tiff,6/14/2024 4:27,6/14/2024 4:27
554,554,U84297591,Active,9/7/2025,Turkmenistan,news.png,1/18/2024 3:56,1/18/2024 3:56
555,555,H81679266,Active,1/1/2026,Eritrea,single.png,11/19/2023 13:28,11/19/2023 13:28
556,556,G66457110,Active,11/4/2029,Uruguay,few.tiff,9/9/2023 9:17,9/9/2023 9:17
557,557,787723809,Active,9/18/2028,Spain,drug.jpg,11/19/2023 11:20,11/19/2023 11:20
558,558,883491289,Active,6/5/2030,Congo,identify.jpg,9/1/2023 19:11,9/1/2023 19:11
559,559,602018070,Active,12/26/2032,Qatar,heart.png,8/25/2023 22:22,8/25/2023 22:22
560,560,858190801,Active,4/12/2029,Saint Pierre and Miquelon,attack.jpg,4/13/2024 5:36,4/13/2024 5:36
561,561,J22612314,Active,8/16/2028,France,those.png,6/21/2024 16:56,6/21/2024 16:56
562,562,181800454,Active,9/9/2028,Cyprus,notice.gif,4/12/2024 7:43,4/12/2024 7:43
563,563,84539219,Active,8/16/2025,Netherlands,early.jpeg,9/24/2023 18:33,9/24/2023 18:33
564,564,X18982922,Cancelled,1/7/2027,Bahamas,feeling.jpeg,4/26/2024 1:25,4/26/2024 1:25
565,565,205710859,Active,10/14/2029,Guinea-Bissau,Republican.png,7/7/2024 23:43,7/7/2024 23:43
566,566,585664141,Active,1/24/2027,Andorra,some.tiff,8/29/2023 17:29,8/29/2023 17:29
567,567,641834295,Active,7/23/2027,Montenegro,catch.jpg,5/10/2024 3:36,5/10/2024 3:36
568,568,Z06335612,Active,12/8/2027,Guadeloupe,marriage.jpeg,2/1/2024 21:53,2/1/2024 21:53
569,569,76618760,Active,7/31/2028,Eritrea,color.tiff,10/16/2023 19:37,10/16/2023 19:37
570,570,Y26648760,Active,6/21/2027,Chile,eye.tiff,7/13/2024 15:22,7/13/2024 15:22
571,571,K80745775,Active,7/18/2030,Greenland,sister.gif,9/25/2023 0:31,9/25/2023 0:31
572,572,623217326,Active,5/31/2032,British Virgin Islands,pay.bmp,1/11/2024 20:22,1/11/2024 20:22
573,573,434780283,Active,7/8/2030,Hungary,for.jpeg,3/28/2024 18:49,3/28/2024 18:49
574,574,C44096821,Active,11/12/2031,Uzbekistan,occur.tiff,10/30/2023 1:54,10/30/2023 1:54
575,575,399219850,Active,4/15/2033,Argentina,loss.bmp,7/5/2024 16:31,7/5/2024 16:31
576,576,C45557465,Active,6/11/2030,Barbados,leader.gif,2/7/2024 20:51,2/7/2024 20:51
577,577,998860348,Active,7/21/2026,Lesotho,only.bmp,7/17/2024 5:50,7/17/2024 5:50
578,578,I50442165,Active,6/11/2028,Reunion,share.png,7/15/2024 15:37,7/15/2024 15:37
579,579,888316868,Active,8/27/2030,Guinea-Bissau,kitchen.tiff,2/28/2024 13:47,2/28/2024 13:47
580,580,I44942849,Active,4/26/2027,Namibia,anyone.gif,9/15/2023 15:11,9/15/2023 15:11
581,581,247291350,Active,8/28/2031,Canada,up.bmp,11/26/2023 21:39,11/26/2023 21:39
582,582,617225823,Active,7/22/2032,Antigua and Barbuda,hold.jpg,7/17/2024 9:18,7/17/2024 9:18
583,583,273170637,Active,8/3/2029,Belgium,onto.bmp,2/7/2024 14:01,2/7/2024 14:01
584,584,N32213963,Active,1/7/2032,Belgium,notice.tiff,4/2/2024 4:16,4/2/2024 4:16
585,585,T66613458,Active,6/19/2031,United Kingdom,successful.bmp,5/2/2024 19:44,5/2/2024 19:44
586,586,645844272,Active,12/23/2031,Mauritania,property.jpeg,11/4/2023 1:34,11/4/2023 1:34
587,587,260581394,Active,10/18/2030,Israel,fear.bmp,12/5/2023 19:15,12/5/2023 19:15
588,588,F34062553,Active,9/21/2027,Poland,our.png,4/5/2024 15:31,4/5/2024 15:31
589,589,892368777,Active,6/18/2032,Monaco,catch.tiff,6/6/2024 23:33,6/6/2024 23:33
590,590,R29806882,Active,8/13/2033,Serbia,reflect.jpg,3/22/2024 17:30,3/22/2024 17:30
591,591,623094701,Active,4/18/2031,Bahrain,can.jpg,3/6/2024 2:09,3/6/2024 2:09
592,592,B46655454,Active,10/11/2028,Guernsey,none.jpeg,6/16/2024 23:18,6/16/2024 23:18
593,593,U22190276,Active,9/23/2026,Angola,stand.jpg,4/15/2024 10:35,4/15/2024 10:35
594,594,H91533542,Active,7/1/2032,Senegal,article.gif,4/16/2024 15:29,4/16/2024 15:29
595,595,T12252112,Active,11/29/2025,Morocco,themselves.png,9/2/2023 19:36,9/2/2023 19:36
596,596,369343208,Active,9/30/2030,Nepal,able.jpeg,5/21/2024 16:35,5/21/2024 16:35
597,597,O93713665,Active,1/27/2034,Djibouti,red.gif,6/29/2024 16:49,6/29/2024 16:49
598,598,599114527,Active,4/3/2030,Micronesia,process.jpeg,8/11/2023 18:28,8/11/2023 18:28
599,599,358210495,Active,12/25/2028,Samoa,teacher.png,2/26/2024 1:48,2/26/2024 1:48
600,600,N04180337,Active,9/5/2030,Seychelles,time.bmp,2/8/2024 15:09,2/8/2024 15:09
601,601,803858318,Active,8/16/2029,United Kingdom,third.jpg,12/8/2023 3:13,12/8/2023 3:13
602,602,B60360948,Active,10/26/2026,Ukraine,seat.gif,3/5/2024 12:56,3/5/2024 12:56
603,603,J21912326,Active,2/4/2028,Liechtenstein,quality.jpg,10/8/2023 12:24,10/8/2023 12:24
604,604,324342466,Active,1/1/2029,Israel,deal.jpg,10/5/2023 13:18,10/5/2023 13:18
605,605,N45856214,Active,10/1/2032,Korea,cost.png,8/26/2023 20:34,8/26/2023 20:34
606,606,191535579,Active,6/5/2033,Greenland,treatment.gif,7/18/2024 19:19,7/18/2024 19:19
607,607,R90044468,Active,2/22/2030,Sri Lanka,attack.gif,1/17/2024 14:02,1/17/2024 14:02
608,608,K41413287,Active,2/22/2034,Switzerland,across.png,1/10/2024 20:24,1/10/2024 20:24
609,609,R06225508,Active,11/28/2028,Ethiopia,yet.tiff,6/28/2024 15:49,6/28/2024 15:49
610,610,G77361745,Active,4/1/2027,Equatorial Guinea,lose.gif,9/29/2023 4:13,9/29/2023 4:13
611,611,E62880196,Active,5/7/2029,Niue,child.jpg,6/9/2024 13:21,6/9/2024 13:21
612,612,497640091,Active,8/6/2033,Cyprus,financial.tiff,4/7/2024 19:18,4/7/2024 19:18
613,613,M27572681,Active,5/12/2034,Cambodia,cost.bmp,7/23/2023 1:23,7/23/2023 1:23
614,614,F34516627,Active,2/28/2030,Samoa,character.tiff,9/17/2023 5:18,9/17/2023 5:18
615,615,J80812521,Active,7/31/2027,Serbia,get.jpg,1/28/2024 6:35,1/28/2024 6:35
616,616,228425605,Active,2/21/2028,Syrian Arab Republic,lay.gif,3/18/2024 11:01,3/18/2024 11:01
617,617,595107159,Active,8/18/2032,Turkmenistan,traditional.jpeg,7/28/2023 8:52,7/28/2023 8:52
618,618,311456997,Active,3/18/2028,Saint Kitts and Nevis,woman.bmp,12/24/2023 7:53,12/24/2023 7:53
619,619,G45211859,Active,12/4/2033,Saint Lucia,or.tiff,9/19/2023 20:57,9/19/2023 20:57
620,620,285423704,Active,5/24/2028,Ecuador,follow.bmp,7/8/2024 9:54,7/8/2024 9:54
621,621,X90720410,Active,2/8/2031,Morocco,as.tiff,11/14/2023 14:07,11/14/2023 14:07
622,622,B29458779,Active,6/26/2029,Kenya,generation.jpeg,4/18/2024 15:14,4/18/2024 15:14
623,623,876536305,Active,7/23/2027,Tuvalu,sea.gif,3/3/2024 4:00,3/3/2024 4:00
624,624,865109352,Active,3/25/2027,Wallis and Futuna,feel.tiff,2/24/2024 20:21,2/24/2024 20:21
625,625,N25301332,Active,3/8/2026,Bosnia and Herzegovina,put.tiff,1/20/2024 18:33,1/20/2024 18:33
626,626,403065421,Active,6/8/2034,Mali,member.bmp,12/13/2023 1:16,12/13/2023 1:16
627,627,H24500324,Active,2/6/2034,Ethiopia,determine.png,4/1/2024 20:20,4/1/2024 20:20
628,628,462222338,Active,8/7/2032,Tuvalu,age.jpg,8/19/2023 19:46,8/19/2023 19:46
629,629,705204826,Active,8/13/2027,Bulgaria,sea.bmp,2/22/2024 7:27,2/22/2024 7:27
630,630,452500838,Active,2/16/2028,Western Sahara,cold.jpeg,12/9/2023 9:19,12/9/2023 9:19
631,631,255507462,Active,4/8/2027,Pakistan,serve.gif,7/17/2024 19:22,7/17/2024 19:22
632,632,794987574,Active,9/26/2031,Angola,around.bmp,10/1/2023 13:17,10/1/2023 13:17
633,633,H99625713,Active,7/21/2028,Germany,southern.jpeg,2/26/2024 16:30,2/26/2024 16:30
634,634,451043892,Active,6/16/2032,Belarus,society.jpg,12/2/2023 6:06,12/2/2023 6:06
635,635,D69757506,Active,7/9/2027,Canada,police.gif,10/17/2023 21:52,10/17/2023 21:52
636,636,39662352,Active,2/27/2027,Haiti,exist.bmp,8/8/2023 22:34,8/8/2023 22:34
637,637,530875534,Active,4/10/2030,Ethiopia,husband.png,4/17/2024 11:00,4/17/2024 11:00
638,638,726239206,Active,6/2/2026,Holy See (Vatican City State),with.gif,7/15/2024 22:14,7/15/2024 22:14
639,639,641491173,Active,6/24/2029,Saint Barthelemy,certain.png,10/26/2023 11:39,10/26/2023 11:39
640,640,B65459106,Active,10/19/2025,Romania,put.jpg,10/15/2023 3:32,10/15/2023 3:32
641,641,B42009601,Active,3/8/2031,Northern Mariana Islands,will.bmp,7/29/2023 7:10,7/29/2023 7:10
642,642,V28237717,Active,2/12/2030,Colombia,two.bmp,9/16/2023 13:19,9/16/2023 13:19
643,643,799717371,Active,5/8/2030,Brunei Darussalam,child.bmp,10/8/2023 1:35,10/8/2023 1:35
644,644,785900646,Active,3/17/2029,Georgia,probably.jpeg,6/22/2024 15:15,6/22/2024 15:15
645,645,990007968,Active,3/16/2033,Pakistan,kind.bmp,6/20/2024 9:10,6/20/2024 9:10
646,646,252165720,Active,8/30/2029,India,so.jpeg,7/7/2024 13:36,7/7/2024 13:36
647,647,G09670297,Active,6/22/2033,Switzerland,develop.gif,1/17/2024 4:49,1/17/2024 4:49
648,648,647960986,Active,8/2/2032,Taiwan,chair.jpeg,3/15/2024 6:31,3/15/2024 6:31
649,649,B62314755,Active,3/26/2026,Greece,door.jpg,8/27/2023 17:06,8/27/2023 17:06
650,650,753170195,Active,5/19/2029,Heard Island and McDonald Islands,different.bmp,7/10/2024 22:53,7/10/2024 22:53
651,651,I59741347,Active,12/17/2033,Christmas Island,boy.png,10/23/2023 19:21,10/23/2023 19:21
652,652,944884866,Active,6/1/2028,Qatar,act.gif,1/26/2024 5:47,1/26/2024 5:47
653,653,R99816098,Active,8/24/2032,Tunisia,world.png,7/26/2023 22:23,7/26/2023 22:23
654,654,D55626198,Active,10/29/2028,Afghanistan,every.gif,6/13/2024 2:33,6/13/2024 2:33
655,655,681088238,Active,6/15/2028,Bangladesh,surface.tiff,1/14/2024 23:48,1/14/2024 23:48
656,656,C22615819,Active,2/24/2031,San Marino,later.png,6/27/2024 23:25,6/27/2024 23:25
657,657,131322026,Active,10/12/2030,Saint Pierre and Miquelon,challenge.bmp,2/19/2024 13:10,2/19/2024 13:10
658,658,642390138,Cancelled,12/3/2029,Togo,need.tiff,6/15/2024 9:43,6/15/2024 9:43
659,659,347905881,Active,7/1/2032,Ecuador,open.tiff,12/18/2023 11:45,12/18/2023 11:45
660,660,A82824630,Active,6/16/2034,Turkey,last.tiff,9/17/2023 18:02,9/17/2023 18:02
661,661,R28570557,Active,8/10/2032,Bouvet Island (Bouvetoya),this.tiff,10/15/2023 12:54,10/15/2023 12:54
662,662,658069006,Active,5/5/2031,Cape Verde,big.tiff,7/19/2024 10:54,7/19/2024 10:54
663,663,R91355410,Active,6/5/2031,Afghanistan,contain.bmp,11/20/2023 1:37,11/20/2023 1:37
664,664,285779760,Active,12/13/2027,Togo,person.gif,11/8/2023 7:22,11/8/2023 7:22
665,665,934505777,Active,11/27/2029,Guatemala,foreign.gif,8/30/2023 7:21,8/30/2023 7:21
666,666,S49246934,Active,4/12/2032,Haiti,knowledge.jpg,4/17/2024 2:08,4/17/2024 2:08
667,667,67682173,Active,7/8/2032,Ukraine,grow.png,6/3/2024 16:35,6/3/2024 16:35
668,668,T46609800,Active,1/22/2027,Jersey,just.gif,11/28/2023 8:55,11/28/2023 8:55
669,669,G16310456,Active,10/24/2033,Egypt,travel.gif,3/17/2024 13:51,3/17/2024 13:51
670,670,805680652,Active,9/28/2025,Bhutan,husband.tiff,8/20/2023 22:59,8/20/2023 22:59
671,671,U01143352,Active,12/5/2026,Jordan,human.png,7/4/2024 10:06,7/4/2024 10:06
672,672,698129067,Active,10/25/2025,Mexico,learn.png,5/19/2024 5:09,5/19/2024 5:09
673,673,832909932,Active,11/26/2028,Sao Tome and Principe,form.tiff,11/16/2023 17:42,11/16/2023 17:42
674,674,348412953,Active,9/26/2029,Tunisia,shake.tiff,4/20/2024 2:45,4/20/2024 2:45
675,675,380419375,Active,11/19/2031,Anguilla,result.png,7/26/2023 8:33,7/26/2023 8:33
676,676,J40960286,Active,4/23/2032,France,enter.tiff,2/20/2024 23:37,2/20/2024 23:37
677,677,421494765,Active,10/20/2030,Norway,own.gif,9/22/2023 21:10,9/22/2023 21:10
678,678,498692663,Active,8/5/2026,Gabon,behavior.jpeg,8/11/2023 23:18,8/11/2023 23:18
679,679,978925256,Active,8/1/2029,South Africa,goal.jpeg,1/26/2024 11:48,1/26/2024 11:48
680,680,A72765496,Active,5/6/2031,Svalbard & Jan Mayen Islands,skill.tiff,5/22/2024 4:46,5/22/2024 4:46
681,681,31411487,Active,1/7/2028,Norway,pattern.png,2/17/2024 19:51,2/17/2024 19:51
682,682,E11244713,Active,9/9/2033,Israel,toward.tiff,12/24/2023 13:46,12/24/2023 13:46
683,683,Q62455323,Active,9/25/2029,Georgia,thus.png,10/14/2023 23:04,10/14/2023 23:04
684,684,862089261,Active,6/1/2030,Portugal,you.jpg,12/8/2023 15:31,12/8/2023 15:31
685,685,Z66439423,Active,11/29/2027,Bouvet Island (Bouvetoya),evidence.gif,3/18/2024 19:08,3/18/2024 19:08
686,686,U47785775,Active,3/24/2030,Namibia,state.tiff,1/19/2024 10:17,1/19/2024 10:17
687,687,404013705,Active,11/27/2026,Jordan,activity.gif,8/8/2023 23:40,8/8/2023 23:40
688,688,C65427162,Active,6/24/2031,Belarus,particular.tiff,3/28/2024 1:53,3/28/2024 1:53
689,689,337483539,Active,12/14/2030,Togo,cold.png,3/29/2024 20:38,3/29/2024 20:38
690,690,916066684,Active,8/22/2030,Netherlands Antilles,five.bmp,12/17/2023 9:12,12/17/2023 9:12
691,691,T86318669,Active,3/4/2032,Zambia,defense.png,3/6/2024 16:15,3/6/2024 16:15
692,692,T88925523,Active,12/24/2025,Mauritius,example.jpeg,3/10/2024 15:13,3/10/2024 15:13
693,693,C74580922,Active,5/19/2032,Saint Barthelemy,nearly.jpg,2/15/2024 17:28,2/15/2024 17:28
694,694,255090264,Active,9/16/2025,Chile,act.bmp,6/10/2024 19:39,6/10/2024 19:39
695,695,84244413,Active,4/9/2030,Guernsey,catch.gif,3/17/2024 14:33,3/17/2024 14:33
696,696,V69940590,Active,9/13/2026,Rwanda,positive.png,11/29/2023 3:43,11/29/2023 3:43
697,697,24818688,Active,9/11/2027,Cayman Islands,between.jpg,8/18/2023 9:18,8/18/2023 9:18
698,698,274789439,Active,8/6/2032,Algeria,billion.tiff,8/29/2023 0:10,8/29/2023 0:10
699,699,620856206,Active,4/1/2027,Oman,beautiful.jpeg,2/6/2024 6:52,2/6/2024 6:52
700,700,U84105449,Active,10/7/2031,Faroe Islands,receive.tiff,2/3/2024 20:50,2/3/2024 20:50
701,701,624864845,Active,7/16/2029,Libyan Arab Jamahiriya,bad.jpeg,9/3/2023 15:36,9/3/2023 15:36
702,702,C33492905,Active,4/29/2030,Palau,subject.png,1/25/2024 9:48,1/25/2024 9:48
703,703,424159369,Active,10/18/2027,Kuwait,far.png,7/13/2024 3:51,7/13/2024 3:51
704,704,L07651627,Active,6/28/2029,Cook Islands,hand.jpg,2/27/2024 22:04,2/27/2024 22:04
705,705,226277721,Active,5/5/2026,Korea,middle.jpg,9/21/2023 6:51,9/21/2023 6:51
706,706,747702261,Active,1/14/2033,United Arab Emirates,lay.tiff,1/19/2024 1:59,1/19/2024 1:59
707,707,T10934828,Active,12/29/2029,Guinea-Bissau,laugh.tiff,5/4/2024 17:59,5/4/2024 17:59
708,708,Q80777626,Active,11/18/2026,Bahamas,our.bmp,5/19/2024 15:33,5/19/2024 15:33
709,709,32882164,Active,4/8/2033,Bhutan,information.gif,1/29/2024 18:08,1/29/2024 18:08
710,710,M89619466,Active,2/1/2030,French Guiana,card.jpg,11/9/2023 8:37,11/9/2023 8:37
711,711,F49874581,Active,6/21/2026,Montserrat,rate.jpg,9/1/2023 18:45,9/1/2023 18:45
712,712,U75503857,Active,8/7/2026,Turks and Caicos Islands,high.bmp,1/4/2024 4:48,1/4/2024 4:48
713,713,728346130,Active,12/29/2028,Moldova,they.jpeg,8/6/2023 20:20,8/6/2023 20:20
714,714,50714850,Active,7/23/2032,Norfolk Island,evidence.bmp,5/2/2024 17:20,5/2/2024 17:20
715,715,T57792687,Active,7/11/2027,Marshall Islands,discover.png,10/30/2023 1:10,10/30/2023 1:10
716,716,K14908802,Active,7/6/2032,Marshall Islands,professor.jpeg,10/23/2023 5:06,10/23/2023 5:06
717,717,F25845862,Active,4/7/2029,Greenland,anyone.tiff,4/20/2024 11:48,4/20/2024 11:48
718,718,C35809704,Active,6/24/2027,Indonesia,eye.gif,12/9/2023 0:49,12/9/2023 0:49
719,719,496226644,Active,7/17/2032,Panama,safe.gif,5/28/2024 9:23,5/28/2024 9:23
720,720,J32170947,Active,7/3/2027,Chad,treatment.gif,4/26/2024 22:26,4/26/2024 22:26
721,721,A90751172,Active,8/21/2032,Myanmar,data.gif,5/31/2024 19:58,5/31/2024 19:58
722,722,E14487113,Active,8/12/2028,Cape Verde,really.gif,5/16/2024 16:54,5/16/2024 16:54
723,723,554430341,Active,5/25/2032,Cocos (Keeling) Islands,this.jpg,4/23/2024 20:08,4/23/2024 20:08
724,724,S65727228,Active,2/5/2034,Guernsey,suddenly.tiff,7/23/2023 6:59,7/23/2023 6:59
725,725,A86709645,Active,11/2/2029,Barbados,above.gif,5/5/2024 4:39,5/5/2024 4:39
726,726,P03781551,Active,12/20/2028,British Indian Ocean Territory (Chagos Archipelago),do.png,4/12/2024 16:49,4/12/2024 16:49
727,727,W56366000,Active,1/11/2034,Netherlands,necessary.jpg,1/15/2024 3:15,1/15/2024 3:15
728,728,X72840568,Active,4/16/2030,Dominica,religious.png,3/17/2024 12:24,3/17/2024 12:24
729,729,F91270414,Active,3/25/2027,Puerto Rico,realize.png,5/28/2024 2:57,5/28/2024 2:57
730,730,F45387604,Active,3/11/2027,Seychelles,think.tiff,2/17/2024 7:24,2/17/2024 7:24
731,731,Q27673312,Active,11/6/2025,Senegal,her.jpg,8/5/2023 14:48,8/5/2023 14:48
732,732,S27691268,Active,3/20/2028,Burkina Faso,pull.gif,4/3/2024 20:29,4/3/2024 20:29
733,733,687823782,Active,8/3/2027,Aruba,these.gif,12/10/2023 10:48,12/10/2023 10:48
734,734,241439379,Active,8/24/2026,Lesotho,kid.jpeg,3/4/2024 20:06,3/4/2024 20:06
735,735,770873621,Active,10/29/2033,Bermuda,person.jpg,3/14/2024 16:12,3/14/2024 16:12
736,736,887920302,Active,1/27/2034,Cuba,police.tiff,8/20/2023 16:40,8/20/2023 16:40
737,737,14731073,Active,10/18/2029,Belgium,lead.tiff,11/7/2023 1:45,11/7/2023 1:45
738,738,52833082,Active,7/27/2030,Switzerland,particular.tiff,8/8/2023 21:45,8/8/2023 21:45
739,739,T50037896,Active,10/7/2025,Korea,weight.tiff,10/12/2023 11:32,10/12/2023 11:32
740,740,866215681,Active,9/28/2028,Central African Republic,anyone.jpg,10/30/2023 14:11,10/30/2023 14:11
741,741,F48652744,Active,6/8/2033,Guyana,in.png,6/24/2024 2:56,6/24/2024 2:56
742,742,56269662,Active,7/19/2030,Kuwait,cause.jpeg,5/20/2024 6:58,5/20/2024 6:58
743,743,794786171,Active,1/29/2029,Sao Tome and Principe,machine.png,5/3/2024 17:45,5/3/2024 17:45
744,744,M93879377,Active,11/15/2028,Tajikistan,across.png,12/26/2023 18:32,12/26/2023 18:32
745,745,342090816,Active,5/11/2026,Austria,son.bmp,7/9/2024 19:25,7/9/2024 19:25
746,746,D62236113,Active,8/19/2029,Swaziland,try.jpg,4/14/2024 16:41,4/14/2024 16:41
747,747,F95764072,Active,1/25/2030,Palestinian Territory,woman.bmp,6/1/2024 23:09,6/1/2024 23:09
748,748,438367768,Active,6/26/2027,Kiribati,worker.jpg,9/10/2023 3:14,9/10/2023 3:14
749,749,219047934,Active,3/25/2034,British Virgin Islands,agreement.bmp,7/2/2024 2:00,7/2/2024 2:00
750,750,785381753,Active,6/7/2033,Slovakia (Slovak Republic),as.gif,11/21/2023 12:50,11/21/2023 12:50
751,751,G40511240,Active,9/2/2030,Thailand,back.jpeg,6/30/2024 12:44,6/30/2024 12:44
752,752,T30700200,Cancelled,10/10/2028,Saint Helena,like.bmp,10/30/2023 1:58,10/30/2023 1:58
753,753,A85232168,Active,6/22/2026,Guadeloupe,political.tiff,2/17/2024 14:19,2/17/2024 14:19
754,754,835558728,Active,12/9/2028,Senegal,such.gif,9/11/2023 8:16,9/11/2023 8:16
755,755,M50631992,Active,5/22/2026,Equatorial Guinea,thing.png,6/8/2024 1:35,6/8/2024 1:35
756,756,B28909261,Active,10/3/2026,Tokelau,office.gif,6/20/2024 0:35,6/20/2024 0:35
757,757,V46625096,Active,10/7/2032,Belarus,sell.png,9/17/2023 12:02,9/17/2023 12:02
758,758,170161666,Active,9/24/2030,Iceland,ground.jpg,3/11/2024 14:35,3/11/2024 14:35
759,759,P14862508,Active,4/8/2029,British Virgin Islands,lot.gif,5/29/2024 3:10,5/29/2024 3:10
760,760,653773804,Active,7/1/2029,Zambia,including.bmp,8/4/2023 22:34,8/4/2023 22:34
761,761,M54103285,Active,3/10/2028,Panama,deep.gif,1/8/2024 17:27,1/8/2024 17:27
762,762,X77532241,Active,5/22/2027,Greenland,address.gif,4/2/2024 20:16,4/2/2024 20:16
763,763,97736566,Active,3/25/2029,Tajikistan,name.tiff,4/23/2024 2:07,4/23/2024 2:07
764,764,921794823,Active,11/11/2027,Gibraltar,within.bmp,11/17/2023 15:13,11/17/2023 15:13
765,765,793092573,Active,3/20/2026,Nauru,including.tiff,9/2/2023 7:53,9/2/2023 7:53
766,766,121529716,Active,5/10/2028,Mongolia,crime.jpeg,8/5/2023 22:52,8/5/2023 22:52
767,767,165313428,Active,6/19/2031,Norfolk Island,forget.bmp,2/4/2024 1:06,2/4/2024 1:06
768,768,943555599,Active,3/5/2029,San Marino,line.gif,3/17/2024 11:22,3/17/2024 11:22
769,769,609361469,Active,8/27/2027,New Caledonia,we.jpeg,11/7/2023 21:13,11/7/2023 21:13
770,770,G52385467,Active,5/28/2027,Zimbabwe,move.bmp,5/7/2024 13:37,5/7/2024 13:37
771,771,457954596,Active,11/14/2026,Argentina,miss.jpeg,10/9/2023 2:15,10/9/2023 2:15
772,772,Z81503575,Active,8/21/2033,Israel,other.jpg,3/27/2024 13:01,3/27/2024 13:01
773,773,D52789114,Active,2/4/2026,Moldova,cover.tiff,9/30/2023 13:20,9/30/2023 13:20
774,774,503278672,Active,8/5/2025,Australia,able.tiff,10/1/2023 5:20,10/1/2023 5:20
775,775,E61100091,Active,11/26/2031,China,gun.png,9/14/2023 4:45,9/14/2023 4:45
776,776,554851844,Active,4/6/2032,Serbia,conference.png,11/9/2023 5:30,11/9/2023 5:30
777,777,M23647987,Active,6/12/2031,Russian Federation,this.bmp,6/18/2024 2:30,6/18/2024 2:30
778,778,J65197949,Active,6/5/2027,Vanuatu,area.jpeg,3/29/2024 18:18,3/29/2024 18:18
779,779,K80131559,Active,9/15/2028,Mongolia,will.jpeg,10/7/2023 8:39,10/7/2023 8:39
780,780,T77489064,Active,8/14/2032,Isle of Man,eye.bmp,6/5/2024 15:40,6/5/2024 15:40
781,781,Y95714669,Active,10/26/2026,Saint Pierre and Miquelon,care.jpg,7/27/2023 15:42,7/27/2023 15:42
782,782,350370259,Active,1/10/2034,Namibia,strong.png,5/24/2024 2:20,5/24/2024 2:20
783,783,730270162,Active,10/3/2033,Dominican Republic,heart.bmp,8/10/2023 3:43,8/10/2023 3:43
784,784,M65212943,Active,8/29/2032,Albania,science.png,1/18/2024 22:09,1/18/2024 22:09
785,785,Y71590692,Active,1/14/2033,Andorra,color.tiff,2/22/2024 20:01,2/22/2024 20:01
786,786,183424430,Active,4/17/2033,Greenland,contain.gif,10/15/2023 20:38,10/15/2023 20:38
787,787,G92942393,Active,2/23/2034,Gibraltar,everybody.gif,6/25/2024 21:55,6/25/2024 21:55
788,788,K82336946,Active,3/17/2030,Sri Lanka,agree.bmp,10/6/2023 4:57,10/6/2023 4:57
789,789,111017006,Active,2/12/2032,Mauritius,land.tiff,1/18/2024 20:31,1/18/2024 20:31
790,790,O43927864,Active,7/19/2033,Bouvet Island (Bouvetoya),east.jpg,5/22/2024 16:27,5/22/2024 16:27
791,791,X42002197,Active,10/14/2026,Vanuatu,develop.gif,11/23/2023 23:55,11/23/2023 23:55
792,792,L61723834,Active,2/8/2034,Equatorial Guinea,need.jpeg,9/6/2023 13:03,9/6/2023 13:03
793,793,P30015233,Active,12/26/2030,Northern Mariana Islands,as.tiff,4/11/2024 2:26,4/11/2024 2:26
794,794,G16849499,Active,12/19/2029,Tunisia,bad.tiff,8/25/2023 10:05,8/25/2023 10:05
795,795,36564219,Active,10/26/2027,Niger,fill.gif,1/8/2024 11:12,1/8/2024 11:12
796,796,S57134299,Active,6/6/2032,Saint Vincent and the Grenadines,attorney.tiff,10/23/2023 1:47,10/23/2023 1:47
797,797,203391720,Active,8/22/2026,Nicaragua,now.png,3/4/2024 18:34,3/4/2024 18:34
798,798,K16448660,Active,11/11/2026,Cape Verde,program.gif,2/15/2024 23:21,2/15/2024 23:21
799,799,375148149,Active,9/5/2032,Peru,idea.bmp,12/28/2023 2:05,12/28/2023 2:05
800,800,477579759,Active,11/28/2030,Bulgaria,instead.tiff,2/3/2024 23:45,2/3/2024 23:45
801,801,911395562,Active,11/16/2030,Angola,son.tiff,9/29/2023 22:14,9/29/2023 22:14
802,802,101740772,Active,10/14/2033,Sweden,guess.png,9/24/2023 2:22,9/24/2023 2:22
803,803,91686030,Active,7/4/2026,Lebanon,son.tiff,11/21/2023 1:29,11/21/2023 1:29
804,804,Z29182223,Active,2/3/2031,Tonga,moment.jpeg,1/15/2024 16:06,1/15/2024 16:06
805,805,862372157,Active,10/14/2027,Comoros,need.png,1/21/2024 8:45,1/21/2024 8:45
806,806,87709751,Active,8/24/2032,Turks and Caicos Islands,news.tiff,3/19/2024 20:26,3/19/2024 20:26
807,807,180153617,Active,4/1/2028,Heard Island and McDonald Islands,bit.bmp,1/11/2024 13:34,1/11/2024 13:34
808,808,5209506,Active,6/29/2027,Iran,together.tiff,10/4/2023 8:24,10/4/2023 8:24
809,809,K05277863,Active,12/31/2027,Saint Barthelemy,system.jpeg,6/27/2024 5:00,6/27/2024 5:00
810,810,29645673,Active,12/31/2030,Bosnia and Herzegovina,reduce.jpeg,4/30/2024 11:06,4/30/2024 11:06
811,811,930306780,Active,2/24/2033,Zambia,state.jpg,1/17/2024 13:11,1/17/2024 13:11
812,812,11587169,Active,8/9/2028,Malta,red.bmp,2/2/2024 8:05,2/2/2024 8:05
813,813,162343197,Active,9/11/2026,Mexico,degree.jpeg,4/26/2024 5:16,4/26/2024 5:16
814,814,B57121339,Active,5/7/2034,Czech Republic,on.bmp,12/15/2023 0:08,12/15/2023 0:08
815,815,129339280,Active,5/18/2032,Cuba,fact.jpg,8/21/2023 16:59,8/21/2023 16:59
816,816,P97021602,Active,4/22/2032,France,interesting.jpeg,3/31/2024 14:31,3/31/2024 14:31
817,817,888346173,Active,7/13/2026,Saint Pierre and Miquelon,home.gif,10/31/2023 22:23,10/31/2023 22:23
818,818,644094992,Active,3/18/2032,Martinique,energy.jpg,2/16/2024 10:49,2/16/2024 10:49
819,819,131430931,Active,3/12/2034,Finland,know.jpg,1/21/2024 9:04,1/21/2024 9:04
820,820,F62494364,Active,3/27/2029,New Caledonia,number.tiff,7/2/2024 3:40,7/2/2024 3:40
821,821,L23135546,Active,8/23/2028,Montenegro,town.png,5/7/2024 22:06,5/7/2024 22:06
822,822,266153461,Active,10/23/2025,Serbia,necessary.jpg,1/24/2024 3:50,1/24/2024 3:50
823,823,Q42883951,Active,11/4/2026,Ukraine,event.bmp,12/18/2023 23:43,12/18/2023 23:43
824,824,476692378,Active,5/7/2032,Venezuela,outside.bmp,12/17/2023 19:49,12/17/2023 19:49
825,825,334905143,Active,5/18/2034,San Marino,age.bmp,9/18/2023 10:10,9/18/2023 10:10
826,826,256624291,Active,8/16/2033,Cyprus,go.jpeg,3/7/2024 19:32,3/7/2024 19:32
827,827,854150911,Active,3/28/2030,Cameroon,ever.jpeg,10/23/2023 22:01,10/23/2023 22:01
828,828,L70516130,Active,4/9/2027,South Georgia and the South Sandwich Islands,prove.jpeg,12/26/2023 2:11,12/26/2023 2:11
829,829,546245095,Active,1/10/2029,Bahamas,now.tiff,8/7/2023 3:36,8/7/2023 3:36
830,830,X13826625,Active,7/2/2031,Denmark,third.png,7/26/2023 10:40,7/26/2023 10:40
831,831,A30068393,Active,1/17/2031,Zambia,study.bmp,9/4/2023 18:01,9/4/2023 18:01
832,832,624010878,Active,6/26/2028,South Africa,paper.bmp,11/28/2023 22:15,11/28/2023 22:15
833,833,101086851,Active,3/16/2028,Thailand,explain.jpg,11/6/2023 20:17,11/6/2023 20:17
834,834,H78793893,Active,7/11/2027,Korea,power.png,9/19/2023 7:06,9/19/2023 7:06
835,835,915744223,Active,3/8/2027,New Caledonia,summer.png,2/3/2024 15:43,2/3/2024 15:43
836,836,9555376,Active,1/7/2034,Falkland Islands (Malvinas),mouth.jpg,2/21/2024 3:35,2/21/2024 3:35
837,837,O96637664,Active,12/26/2030,Sierra Leone,Democrat.bmp,12/30/2023 4:30,12/30/2023 4:30
838,838,I19388404,Active,1/5/2033,Cote d'Ivoire,bring.jpeg,1/12/2024 20:55,1/12/2024 20:55
839,839,O25170799,Active,8/21/2026,Kiribati,set.png,5/3/2024 2:35,5/3/2024 2:35
840,840,669958612,Active,10/24/2030,Tunisia,report.bmp,8/13/2023 9:53,8/13/2023 9:53
841,841,I19863060,Active,6/22/2026,Samoa,impact.jpeg,9/21/2023 9:32,9/21/2023 9:32
842,842,630586841,Active,7/2/2031,Barbados,thought.jpeg,7/26/2023 20:49,7/26/2023 20:49
843,843,Y56564118,Active,4/30/2032,Kyrgyz Republic,fire.tiff,5/1/2024 23:13,5/1/2024 23:13
844,844,685266338,Active,8/24/2032,Togo,wind.jpeg,6/18/2024 8:12,6/18/2024 8:12
845,845,495098011,Active,7/12/2032,Kiribati,large.tiff,4/25/2024 8:30,4/25/2024 8:30
846,846,H93745310,Cancelled,10/28/2029,Kuwait,question.jpeg,12/22/2023 2:21,12/22/2023 2:21
847,847,114119007,Active,2/27/2033,Burkina Faso,present.bmp,9/19/2023 22:51,9/19/2023 22:51
848,848,583399116,Active,1/3/2027,Uruguay,similar.bmp,7/31/2023 6:35,7/31/2023 6:35
849,849,225684025,Active,9/18/2032,Swaziland,community.gif,8/14/2023 18:12,8/14/2023 18:12
850,850,R47281841,Active,12/3/2031,Sierra Leone,walk.jpg,2/29/2024 6:50,2/29/2024 6:50
851,851,G17741107,Active,11/8/2032,Bangladesh,quickly.png,11/13/2023 15:31,11/13/2023 15:31
852,852,212597911,Active,9/5/2030,Liechtenstein,kitchen.png,10/6/2023 6:18,10/6/2023 6:18
853,853,484874371,Active,2/16/2034,Guatemala,about.bmp,11/8/2023 7:42,11/8/2023 7:42
854,854,X91539286,Active,3/16/2028,Holy See (Vatican City State),but.png,10/3/2023 4:47,10/3/2023 4:47
855,855,T55299677,Active,10/14/2025,Albania,plant.bmp,3/17/2024 9:23,3/17/2024 9:23
856,856,406738149,Active,8/27/2031,Turks and Caicos Islands,try.jpeg,7/25/2023 17:14,7/25/2023 17:14
857,857,826205527,Active,12/12/2029,Myanmar,training.png,3/11/2024 21:01,3/11/2024 21:01
858,858,U76126524,Active,11/15/2032,Timor-Leste,example.tiff,5/26/2024 18:39,5/26/2024 18:39
859,859,358132180,Active,3/13/2031,Mexico,bill.png,11/16/2023 12:14,11/16/2023 12:14
860,860,681961550,Active,1/3/2033,Bahamas,side.bmp,11/2/2023 20:35,11/2/2023 20:35
861,861,Y95624776,Active,10/1/2027,Svalbard & Jan Mayen Islands,relate.bmp,6/12/2024 13:23,6/12/2024 13:23
862,862,548565346,Active,12/20/2032,Tokelau,hold.jpg,5/27/2024 2:54,5/27/2024 2:54
863,863,210899199,Active,11/11/2026,Botswana,scene.bmp,6/7/2024 10:23,6/7/2024 10:23
864,864,807262532,Active,10/16/2028,Papua New Guinea,him.png,2/26/2024 18:22,2/26/2024 18:22
865,865,869649145,Active,3/4/2033,Cameroon,nothing.bmp,11/29/2023 13:35,11/29/2023 13:35
866,866,459488132,Active,11/6/2031,Uganda,they.gif,12/27/2023 8:36,12/27/2023 8:36
867,867,Y42064727,Active,9/20/2025,Sierra Leone,job.jpeg,9/12/2023 23:59,9/12/2023 23:59
868,868,223990488,Active,1/18/2026,Heard Island and McDonald Islands,voice.bmp,1/20/2024 15:59,1/20/2024 15:59
869,869,L13691240,Active,12/9/2032,Saint Barthelemy,culture.gif,9/20/2023 22:39,9/20/2023 22:39
870,870,685819213,Active,7/15/2030,Azerbaijan,say.jpeg,7/7/2024 11:31,7/7/2024 11:31
871,871,X99684167,Active,9/22/2025,Nicaragua,responsibility.png,11/27/2023 7:14,11/27/2023 7:14
872,872,E81609187,Active,11/8/2025,Brunei Darussalam,three.png,8/8/2023 16:52,8/8/2023 16:52
873,873,804340037,Active,4/2/2029,Samoa,director.png,1/8/2024 18:26,1/8/2024 18:26
874,874,T32499212,Active,2/2/2026,Netherlands,perhaps.tiff,7/18/2024 18:53,7/18/2024 18:53
875,875,836791064,Active,2/25/2030,Tajikistan,then.bmp,5/20/2024 21:40,5/20/2024 21:40
876,876,375746845,Active,1/14/2031,Uganda,eight.png,3/24/2024 4:02,3/24/2024 4:02
877,877,M22084919,Active,6/15/2031,Ukraine,information.jpg,6/1/2024 17:07,6/1/2024 17:07
878,878,157301122,Active,12/8/2031,Hungary,stand.tiff,3/24/2024 8:07,3/24/2024 8:07
879,879,28534245,Active,2/7/2031,Honduras,bed.gif,11/15/2023 17:19,11/15/2023 17:19
880,880,491672585,Active,10/28/2026,Yemen,argue.bmp,7/21/2024 7:33,7/21/2024 7:33
881,881,765932149,Active,7/8/2028,Vanuatu,oil.gif,10/4/2023 19:26,10/4/2023 19:26
882,882,J88566848,Active,2/5/2032,India,surface.bmp,8/30/2023 1:55,8/30/2023 1:55
883,883,U53762162,Active,10/13/2027,Congo,example.gif,4/16/2024 13:52,4/16/2024 13:52
884,884,550574763,Active,6/29/2032,Peru,chair.png,5/14/2024 0:53,5/14/2024 0:53
885,885,Q71600266,Active,9/19/2026,Ethiopia,thought.png,5/7/2024 19:15,5/7/2024 19:15
886,886,H38552002,Active,8/11/2027,Lebanon,see.jpeg,7/5/2024 7:08,7/5/2024 7:08
887,887,H29560438,Active,2/21/2028,Montenegro,campaign.gif,7/16/2024 8:39,7/16/2024 8:39
888,888,945648763,Active,10/10/2030,Malta,population.jpeg,7/11/2024 5:18,7/11/2024 5:18
889,889,Q15364238,Active,1/22/2029,Grenada,be.png,1/4/2024 1:23,1/4/2024 1:23
890,890,D98325882,Active,3/19/2034,Isle of Man,month.jpg,10/30/2023 23:19,10/30/2023 23:19
891,891,942481206,Active,1/20/2027,Estonia,first.png,7/28/2023 21:48,7/28/2023 21:48
892,892,120918620,Active,10/27/2031,Belarus,career.bmp,11/26/2023 11:27,11/26/2023 11:27
893,893,155849283,Active,8/21/2026,Congo,price.tiff,2/21/2024 4:29,2/21/2024 4:29
894,894,J26896133,Active,5/28/2026,Sweden,lead.tiff,8/6/2023 2:20,8/6/2023 2:20
895,895,C19996097,Active,7/3/2034,Panama,alone.jpg,12/10/2023 11:30,12/10/2023 11:30
896,896,621584602,Active,4/4/2033,Belgium,wear.jpeg,6/23/2024 19:57,6/23/2024 19:57
897,897,W26916014,Active,12/24/2026,Somalia,ball.tiff,8/19/2023 14:28,8/19/2023 14:28
898,898,W49229773,Active,4/1/2029,Colombia,old.png,7/14/2024 3:38,7/14/2024 3:38
899,899,775279739,Active,5/24/2026,Cambodia,play.jpg,11/17/2023 7:27,11/17/2023 7:27
900,900,968405255,Active,6/7/2026,Monaco,bank.gif,8/31/2023 11:59,8/31/2023 11:59
901,901,641582622,Active,2/3/2033,Japan,consider.gif,7/5/2024 5:24,7/5/2024 5:24
902,902,743832561,Active,10/5/2033,Jamaica,world.png,6/13/2024 15:29,6/13/2024 15:29
903,903,730775430,Active,1/14/2034,Japan,point.jpg,2/28/2024 8:31,2/28/2024 8:31
904,904,62473183,Active,5/29/2031,Tanzania,situation.gif,7/15/2024 9:08,7/15/2024 9:08
905,905,I09218344,Active,6/8/2027,Rwanda,clearly.tiff,2/29/2024 18:05,2/29/2024 18:05
906,906,G71725028,Active,10/31/2029,Jamaica,political.gif,3/28/2024 8:48,3/28/2024 8:48
907,907,994364905,Active,5/21/2032,Guatemala,least.gif,8/25/2023 23:07,8/25/2023 23:07
908,908,C55981017,Active,6/10/2030,Slovenia,hear.jpeg,4/4/2024 19:16,4/4/2024 19:16
909,909,703744694,Active,1/27/2029,Russian Federation,security.jpeg,6/17/2024 18:39,6/17/2024 18:39
910,910,E37368797,Active,10/22/2026,Venezuela,across.jpeg,10/21/2023 18:01,10/21/2023 18:01
911,911,V15290640,Active,1/24/2031,Guam,art.jpg,9/30/2023 12:09,9/30/2023 12:09
912,912,P88158539,Active,5/17/2028,Tanzania,realize.bmp,5/13/2024 8:26,5/13/2024 8:26
913,913,533747506,Active,9/6/2026,Djibouti,wall.tiff,3/29/2024 0:13,3/29/2024 0:13
914,914,S70832073,Active,2/6/2026,Micronesia,crime.bmp,1/16/2024 14:03,1/16/2024 14:03
915,915,Q93318192,Active,2/16/2028,Azerbaijan,series.jpg,5/11/2024 19:24,5/11/2024 19:24
916,916,L84893281,Active,3/18/2027,Japan,prove.tiff,1/20/2024 8:12,1/20/2024 8:12
917,917,333944531,Active,4/19/2033,Sierra Leone,from.jpg,4/15/2024 23:55,4/15/2024 23:55
918,918,P79767195,Active,7/9/2026,Somalia,nor.gif,8/26/2023 20:31,8/26/2023 20:31
919,919,872154377,Active,3/8/2029,Poland,name.tiff,6/12/2024 22:58,6/12/2024 22:58
920,920,Z77119145,Active,4/14/2032,Japan,someone.tiff,6/20/2024 10:15,6/20/2024 10:15
921,921,812157994,Active,6/6/2028,Philippines,arm.tiff,6/11/2024 19:17,6/11/2024 19:17
922,922,U67907254,Active,4/27/2031,Gabon,deal.tiff,10/10/2023 9:30,10/10/2023 9:30
923,923,875626322,Active,9/18/2031,Brazil,exactly.jpg,8/1/2023 2:17,8/1/2023 2:17
924,924,195512253,Active,11/16/2025,Christmas Island,suffer.bmp,10/11/2023 11:10,10/11/2023 11:10
925,925,471016948,Active,9/13/2026,Sri Lanka,member.jpg,3/27/2024 6:08,3/27/2024 6:08
926,926,717460105,Active,9/13/2031,Jersey,level.bmp,3/10/2024 7:29,3/10/2024 7:29
927,927,X21526080,Active,12/31/2031,Equatorial Guinea,condition.jpg,1/8/2024 8:32,1/8/2024 8:32
928,928,496874796,Active,3/13/2026,Holy See (Vatican City State),put.gif,2/16/2024 1:43,2/16/2024 1:43
929,929,676397643,Active,11/13/2027,Kiribati,send.png,1/10/2024 23:02,1/10/2024 23:02
930,930,300573412,Active,2/9/2028,Liberia,kitchen.tiff,9/7/2023 15:19,9/7/2023 15:19
931,931,B27899533,Active,7/3/2033,Guinea,nor.jpeg,7/20/2024 12:07,7/20/2024 12:07
932,932,108238418,Active,10/23/2025,Sri Lanka,figure.tiff,4/30/2024 15:37,4/30/2024 15:37
933,933,W86972980,Active,7/1/2028,Georgia,camera.jpg,3/16/2024 1:50,3/16/2024 1:50
934,934,W51541005,Active,10/22/2028,Togo,speech.png,11/10/2023 6:24,11/10/2023 6:24
935,935,K01206197,Active,11/6/2028,India,size.gif,8/22/2023 21:40,8/22/2023 21:40
936,936,K81352856,Active,5/25/2033,Croatia,wind.gif,2/29/2024 22:03,2/29/2024 22:03
937,937,A45288608,Active,7/26/2026,Norway,share.gif,5/24/2024 17:36,5/24/2024 17:36
938,938,985811764,Active,4/19/2028,Taiwan,series.png,10/5/2023 12:50,10/5/2023 12:50
939,939,49123944,Active,6/20/2031,Guinea-Bissau,later.bmp,9/19/2023 16:47,9/19/2023 16:47
940,940,S27057267,Cancelled,1/23/2028,Burkina Faso,over.gif,1/4/2024 20:51,1/4/2024 20:51
941,941,F56332992,Active,4/19/2030,Benin,tree.tiff,8/2/2023 22:23,8/2/2023 22:23
942,942,747629021,Active,2/4/2030,Saint Helena,present.gif,6/25/2024 8:53,6/25/2024 8:53
943,943,915040338,Active,10/22/2029,Sudan,most.jpeg,4/7/2024 10:44,4/7/2024 10:44
944,944,D31971998,Active,3/27/2033,Vanuatu,energy.tiff,8/8/2023 8:29,8/8/2023 8:29
945,945,195922295,Active,3/12/2033,Georgia,community.bmp,2/11/2024 14:43,2/11/2024 14:43
946,946,524863062,Active,2/26/2026,Belgium,accept.tiff,1/25/2024 11:44,1/25/2024 11:44
947,947,526011331,Active,7/11/2030,Qatar,course.tiff,11/17/2023 16:51,11/17/2023 16:51
948,948,K88581439,Active,9/8/2026,Hungary,method.bmp,4/5/2024 4:32,4/5/2024 4:32
949,949,639805140,Active,12/20/2028,Togo,measure.jpg,3/13/2024 22:27,3/13/2024 22:27
950,950,735693644,Active,5/31/2032,India,cup.gif,4/13/2024 23:35,4/13/2024 23:35
951,951,W09535428,Active,9/7/2032,Denmark,soldier.png,6/18/2024 23:43,6/18/2024 23:43
952,952,962633956,Active,6/11/2030,Kyrgyz Republic,child.tiff,6/17/2024 6:29,6/17/2024 6:29
953,953,T16489145,Active,10/14/2031,Guam,heavy.png,9/3/2023 15:28,9/3/2023 15:28
954,954,T27378875,Active,4/4/2030,Cayman Islands,few.jpg,5/1/2024 13:33,5/1/2024 13:33
955,955,726445718,Active,11/24/2031,Timor-Leste,still.tiff,12/23/2023 8:15,12/23/2023 8:15
956,956,182471107,Active,4/28/2026,Sudan,protect.png,11/8/2023 5:14,11/8/2023 5:14
957,957,178037711,Active,8/10/2031,Samoa,answer.tiff,7/31/2023 17:25,7/31/2023 17:25
958,958,F21997839,Active,11/18/2033,Honduras,pull.bmp,7/18/2024 11:34,7/18/2024 11:34
959,959,822993517,Active,2/10/2026,Jersey,indeed.png,3/8/2024 16:52,3/8/2024 16:52
960,960,141315398,Active,4/25/2030,Bolivia,none.jpeg,2/7/2024 4:23,2/7/2024 4:23
961,961,568040620,Active,7/3/2033,Jamaica,tax.png,7/11/2024 12:51,7/11/2024 12:51
962,962,X49276534,Active,11/14/2026,Mongolia,despite.png,8/12/2023 3:09,8/12/2023 3:09
963,963,86379960,Active,1/28/2030,Turks and Caicos Islands,population.jpg,7/18/2024 13:54,7/18/2024 13:54
964,964,K65513313,Active,3/11/2030,Heard Island and McDonald Islands,training.jpg,7/17/2024 9:04,7/17/2024 9:04
965,965,763954090,Active,5/29/2026,Sweden,factor.png,2/9/2024 8:17,2/9/2024 8:17
966,966,713328756,Active,1/17/2030,Ukraine,cultural.jpg,7/14/2024 8:28,7/14/2024 8:28
967,967,B41351939,Active,4/30/2031,Kyrgyz Republic,difference.png,9/22/2023 20:00,9/22/2023 20:00
968,968,A77070212,Active,7/3/2033,Uganda,knowledge.bmp,11/19/2023 13:54,11/19/2023 13:54
969,969,P43571519,Active,11/11/2029,Burkina Faso,war.gif,9/6/2023 8:56,9/6/2023 8:56
970,970,A05369077,Active,7/31/2031,Bulgaria,man.bmp,5/26/2024 7:33,5/26/2024 7:33
971,971,J94422823,Active,12/18/2030,Cayman Islands,find.gif,7/18/2024 6:38,7/18/2024 6:38
972,972,97723612,Active,8/4/2025,Papua New Guinea,someone.bmp,6/5/2024 10:30,6/5/2024 10:30
973,973,887559096,Active,1/23/2028,Poland,city.jpg,3/3/2024 17:59,3/3/2024 17:59
974,974,197797067,Active,4/26/2032,Guinea,mother.jpeg,6/6/2024 23:54,6/6/2024 23:54
975,975,P21111893,Active,5/21/2032,Timor-Leste,raise.png,11/6/2023 12:58,11/6/2023 12:58
976,976,U20782421,Active,9/30/2032,Pakistan,week.tiff,1/2/2024 17:12,1/2/2024 17:12
977,977,551075798,Active,10/31/2033,France,chance.jpeg,7/5/2024 10:05,7/5/2024 10:05
978,978,U77620710,Active,7/3/2029,Ghana,save.tiff,5/7/2024 5:10,5/7/2024 5:10
979,979,U28666493,Active,5/1/2031,Mauritania,great.jpeg,5/29/2024 22:45,5/29/2024 22:45
980,980,702966139,Active,2/10/2028,Canada,our.jpeg,12/9/2023 20:00,12/9/2023 20:00
981,981,903326905,Active,9/27/2033,Svalbard & Jan Mayen Islands,reveal.png,3/23/2024 23:20,3/23/2024 23:20
982,982,557163588,Active,4/8/2026,Seychelles,set.jpg,3/31/2024 11:30,3/31/2024 11:30
983,983,R58824035,Active,9/23/2028,Samoa,among.bmp,8/1/2023 2:06,8/1/2023 2:06
984,984,X04687878,Active,10/10/2030,Czech Republic,project.tiff,9/6/2023 13:17,9/6/2023 13:17
985,985,I01763992,Active,2/2/2034,Falkland Islands (Malvinas),second.jpeg,8/27/2023 3:38,8/27/2023 3:38
986,986,F64981793,Active,6/18/2034,Saint Pierre and Miquelon,thank.jpeg,11/15/2023 4:23,11/15/2023 4:23
987,987,Y31212987,Active,7/25/2027,Finland,event.png,1/28/2024 11:37,1/28/2024 11:37
988,988,403126810,Active,5/3/2030,Micronesia,try.png,12/1/2023 10:07,12/1/2023 10:07
989,989,E28280468,Active,5/7/2033,Bouvet Island (Bouvetoya),financial.jpeg,9/3/2023 9:04,9/3/2023 9:04
990,990,808194391,Active,11/2/2029,San Marino,since.tiff,11/15/2023 16:17,11/15/2023 16:17
991,991,453696946,Active,6/3/2027,Uruguay,trouble.png,11/17/2023 1:19,11/17/2023 1:19
992,992,584925363,Active,5/31/2030,Pitcairn Islands,deal.gif,10/7/2023 0:01,10/7/2023 0:01
993,993,R72051359,Active,7/20/2028,Gabon,budget.gif,9/12/2023 16:47,9/12/2023 16:47
994,994,823831982,Active,7/31/2026,San Marino,wrong.png,10/31/2023 11:40,10/31/2023 11:40
995,995,301919996,Active,8/5/2032,Barbados,include.png,6/10/2024 12:17,6/10/2024 12:17
996,996,83560848,Active,8/20/2030,Greece,though.bmp,4/26/2024 1:25,4/26/2024 1:25
997,997,972373913,Active,7/25/2033,Jersey,camera.png,8/27/2023 20:57,8/27/2023 20:57
998,998,292909495,Active,6/28/2031,Albania,at.bmp,3/17/2024 23:09,3/17/2024 23:09
999,999,Z94820374,Active,12/15/2033,Japan,billion.bmp,5/1/2024 9:52,5/1/2024 9:52
1000,1000,324432432,Active,7/2/2034,Tuvalu,everyone.jpeg,10/4/2023 4:29,10/4/2023 4:29
