1,959,877,1,1,1,0,Confirmed,0,0,0,2024-03-07 12:24:00,2024-03-07 12:24:00
2,235,698,2,2,2,1,Canceled,1,1,0,2024-03-08 12:24:00,2024-03-08 12:24:00
3,925,995,3,3,3,0,Pending,1,1,0,2024-03-09 12:24:00,2024-03-09 12:24:00
4,560,214,4,4,4,1,Pending,1,1,0,2024-03-10 12:24:00,2024-03-10 12:24:00
5,21,80,5,5,5,0,Canceled,0,0,0,2024-03-11 12:24:00,2024-03-11 12:24:00
6,217,988,6,6,6,1,Canceled,1,1,0,2024-03-12 12:24:00,2024-03-12 12:24:00
7,422,419,7,7,7,1,Canceled,1,1,0,2024-03-13 12:24:00,2024-03-13 12:24:00
8,10,364,8,8,8,1,Canceled,0,0,0,2024-03-14 12:24:00,2024-03-14 12:24:00
9,431,195,9,9,9,1,Confirmed,0,0,0,2024-03-15 12:24:00,2024-03-15 12:24:00
10,673,820,10,10,10,0,Canceled,0,0,0,2024-03-16 12:24:00,2024-03-16 12:24:00
11,706,193,11,11,11,1,Canceled,1,0,0,2024-03-17 12:24:00,2024-03-17 12:24:00
12,302,420,12,12,12,0,Confirmed,1,0,0,2024-03-18 12:24:00,2024-03-18 12:24:00
13,463,675,13,13,13,1,Confirmed,0,0,0,2024-03-19 12:24:00,2024-03-19 12:24:00
14,873,626,14,14,14,1,Pending,1,0,0,2024-03-20 12:24:00,2024-03-20 12:24:00
15,914,76,15,15,15,0,Canceled,0,1,0,2024-03-21 12:24:00,2024-03-21 12:24:00
16,87,15,16,16,16,1,Confirmed,1,1,0,2024-03-22 12:24:00,2024-03-22 12:24:00
17,878,607,17,17,17,0,Confirmed,1,0,0,2024-03-23 12:24:00,2024-03-23 12:24:00
18,577,482,18,18,18,0,Canceled,0,0,0,2024-03-24 12:24:00,2024-03-24 12:24:00
19,856,300,19,19,19,1,Pending,0,0,0,2024-03-25 12:24:00,2024-03-25 12:24:00
20,305,389,20,20,20,1,Pending,1,1,0,2024-03-26 12:24:00,2024-03-26 12:24:00
21,973,580,21,21,21,1,Pending,0,0,0,2024-03-27 12:24:00,2024-03-27 12:24:00
22,222,684,22,22,22,1,Confirmed,0,1,0,2024-03-28 12:24:00,2024-03-28 12:24:00
23,578,308,23,23,23,0,Pending,0,0,0,2024-03-29 12:24:00,2024-03-29 12:24:00
24,100,454,24,24,24,0,Confirmed,1,0,0,2024-03-30 12:24:00,2024-03-30 12:24:00
25,474,689,25,25,25,0,Canceled,0,1,0,2024-03-31 12:24:00,2024-03-31 12:24:00
26,660,775,26,26,26,1,Confirmed,0,0,0,2024-04-01 12:24:00,2024-04-01 12:24:00
27,92,642,27,27,27,0,Canceled,0,1,0,2024-04-02 12:24:00,2024-04-02 12:24:00
28,187,259,28,28,28,0,Confirmed,1,0,0,2024-04-03 12:24:00,2024-04-03 12:24:00
29,362,345,29,29,29,0,Canceled,0,1,0,2024-04-04 12:24:00,2024-04-04 12:24:00
30,43,463,30,30,30,0,Pending,0,1,0,2024-04-05 12:24:00,2024-04-05 12:24:00
31,257,353,31,31,31,0,Canceled,1,1,0,2024-04-06 12:24:00,2024-04-06 12:24:00
32,337,483,32,32,32,1,Pending,1,1,0,2024-04-07 12:24:00,2024-04-07 12:24:00
33,318,179,33,33,33,0,Pending,0,1,0,2024-04-08 12:24:00,2024-04-08 12:24:00
34,575,340,34,34,34,0,Canceled,1,0,0,2024-04-09 12:24:00,2024-04-09 12:24:00
35,280,552,35,35,35,1,Pending,1,1,0,2024-04-10 12:24:00,2024-04-10 12:24:00
36,451,69,36,36,36,1,Confirmed,1,1,0,2024-04-11 12:24:00,2024-04-11 12:24:00
37,902,597,37,37,37,1,Pending,0,1,0,2024-04-12 12:24:00,2024-04-12 12:24:00
38,198,748,38,38,38,0,Confirmed,0,1,0,2024-04-13 12:24:00,2024-04-13 12:24:00
39,325,537,39,39,39,1,Pending,1,1,0,2024-04-14 12:24:00,2024-04-14 12:24:00
40,413,412,40,40,40,0,Canceled,0,1,0,2024-04-15 12:24:00,2024-04-15 12:24:00
41,471,608,41,41,41,0,Canceled,0,1,0,2024-04-16 12:24:00,2024-04-16 12:24:00
42,781,35,42,42,42,0,Canceled,1,0,0,2024-04-17 12:24:00,2024-04-17 12:24:00
43,554,476,43,43,43,0,Pending,0,0,0,2024-04-18 12:24:00,2024-04-18 12:24:00
44,778,13,44,44,44,0,Canceled,1,1,0,2024-04-19 12:24:00,2024-04-19 12:24:00
45,686,248,45,45,45,0,Canceled,0,1,0,2024-04-20 12:24:00,2024-04-20 12:24:00
46,624,794,46,46,46,1,Confirmed,1,0,0,2024-04-21 12:24:00,2024-04-21 12:24:00
47,831,427,47,47,47,0,Canceled,1,0,0,2024-04-22 12:24:00,2024-04-22 12:24:00
48,851,735,48,48,48,0,Pending,0,1,0,2024-04-23 12:24:00,2024-04-23 12:24:00
49,801,139,49,49,49,0,Pending,0,1,0,2024-04-24 12:24:00,2024-04-24 12:24:00
50,549,517,50,50,50,1,Canceled,0,0,0,2024-04-25 12:24:00,2024-04-25 12:24:00
51,823,963,51,51,51,1,Pending,0,1,0,2024-04-26 12:24:00,2024-04-26 12:24:00
52,481,145,52,52,52,1,Canceled,0,1,0,2024-04-27 12:24:00,2024-04-27 12:24:00
53,359,625,53,53,53,0,Canceled,1,1,0,2024-04-28 12:24:00,2024-04-28 12:24:00
54,1,397,54,54,54,1,Canceled,0,0,0,2024-04-29 12:24:00,2024-04-29 12:24:00
55,659,334,55,55,55,1,Canceled,0,0,0,2024-04-30 12:24:00,2024-04-30 12:24:00
56,669,683,56,56,56,0,Canceled,1,1,0,2024-05-01 12:24:00,2024-05-01 12:24:00
57,569,898,57,57,57,1,Canceled,1,1,0,2024-05-02 12:24:00,2024-05-02 12:24:00
58,581,802,58,58,58,0,Pending,0,1,0,2024-05-03 12:24:00,2024-05-03 12:24:00
59,158,114,59,59,59,0,Confirmed,0,1,0,2024-05-04 12:24:00,2024-05-04 12:24:00
60,93,748,60,60,60,1,Canceled,0,1,0,2024-05-05 12:24:00,2024-05-05 12:24:00
61,529,550,61,61,61,1,Pending,0,0,0,2024-05-06 12:24:00,2024-05-06 12:24:00
62,896,778,62,62,62,0,Canceled,0,0,0,2024-05-07 12:24:00,2024-05-07 12:24:00
63,999,885,63,63,63,1,Confirmed,0,1,0,2024-05-08 12:24:00,2024-05-08 12:24:00
64,221,837,64,64,64,1,Pending,0,1,0,2024-05-09 12:24:00,2024-05-09 12:24:00
65,667,154,65,65,65,1,Confirmed,0,0,0,2024-05-10 12:24:00,2024-05-10 12:24:00
66,949,533,66,66,66,0,Canceled,1,0,0,2024-05-11 12:24:00,2024-05-11 12:24:00
67,524,324,67,67,67,0,Confirmed,0,0,0,2024-05-12 12:24:00,2024-05-12 12:24:00
68,478,372,68,68,68,1,Confirmed,0,1,0,2024-05-13 12:24:00,2024-05-13 12:24:00
69,449,318,69,69,69,1,Canceled,1,1,0,2024-05-14 12:24:00,2024-05-14 12:24:00
70,389,850,70,70,70,1,Canceled,1,0,0,2024-05-15 12:24:00,2024-05-15 12:24:00
71,609,683,71,71,71,1,Pending,1,0,0,2024-05-16 12:24:00,2024-05-16 12:24:00
72,279,18,72,72,72,1,Confirmed,1,1,0,2024-05-17 12:24:00,2024-05-17 12:24:00
73,304,983,73,73,73,0,Canceled,0,1,0,2024-05-18 12:24:00,2024-05-18 12:24:00
74,415,481,74,74,74,0,Confirmed,0,0,0,2024-05-19 12:24:00,2024-05-19 12:24:00
75,525,77,75,75,75,1,Confirmed,0,1,0,2024-05-20 12:24:00,2024-05-20 12:24:00
76,968,375,76,76,76,0,Confirmed,1,1,0,2024-05-21 12:24:00,2024-05-21 12:24:00
77,560,363,77,77,77,0,Canceled,0,0,0,2024-05-22 12:24:00,2024-05-22 12:24:00
78,751,580,78,78,78,1,Canceled,1,1,0,2024-05-23 12:24:00,2024-05-23 12:24:00
79,731,754,79,79,79,1,Pending,0,1,0,2024-05-24 12:24:00,2024-05-24 12:24:00
80,790,278,80,80,80,0,Confirmed,1,1,0,2024-05-25 12:24:00,2024-05-25 12:24:00
81,595,802,81,81,81,1,Pending,0,0,0,2024-05-26 12:24:00,2024-05-26 12:24:00
82,874,267,82,82,82,0,Confirmed,1,0,0,2024-05-27 12:24:00,2024-05-27 12:24:00
83,290,896,83,83,83,0,Pending,1,1,0,2024-05-28 12:24:00,2024-05-28 12:24:00
84,966,111,84,84,84,1,Confirmed,0,1,0,2024-05-29 12:24:00,2024-05-29 12:24:00
85,330,42,85,85,85,1,Confirmed,1,0,0,2024-05-30 12:24:00,2024-05-30 12:24:00
86,993,671,86,86,86,0,Confirmed,1,1,0,2024-05-31 12:24:00,2024-05-31 12:24:00
87,921,903,87,87,87,0,Confirmed,1,0,0,2024-06-01 12:24:00,2024-06-01 12:24:00
88,924,113,88,88,88,0,Confirmed,1,1,0,2024-06-02 12:24:00,2024-06-02 12:24:00
89,119,36,89,89,89,0,Confirmed,1,1,0,2024-06-03 12:24:00,2024-06-03 12:24:00
90,841,863,90,90,90,0,Canceled,1,1,0,2024-06-04 12:24:00,2024-06-04 12:24:00
91,478,150,91,91,91,1,Canceled,1,0,0,2024-06-05 12:24:00,2024-06-05 12:24:00
92,333,771,92,92,92,1,Pending,0,0,0,2024-06-06 12:24:00,2024-06-06 12:24:00
93,537,110,93,93,93,0,Canceled,1,1,0,2024-06-07 12:24:00,2024-06-07 12:24:00
94,753,194,94,94,94,1,Confirmed,0,1,0,2024-06-08 12:24:00,2024-06-08 12:24:00
95,138,606,95,95,95,0,Confirmed,1,1,0,2024-06-09 12:24:00,2024-06-09 12:24:00
96,466,16,96,96,96,0,Pending,1,0,0,2024-06-10 12:24:00,2024-06-10 12:24:00
97,736,770,97,97,97,1,Canceled,1,0,0,2024-06-11 12:24:00,2024-06-11 12:24:00
98,810,730,98,98,98,1,Canceled,1,1,0,2024-06-12 12:24:00,2024-06-12 12:24:00
99,460,92,99,99,99,0,Pending,0,0,0,2024-06-13 12:24:00,2024-06-13 12:24:00
100,711,176,100,100,100,1,Confirmed,1,0,0,2024-06-14 12:24:00,2024-06-14 12:24:00
101,533,47,101,101,101,1,Pending,1,0,0,2024-06-15 12:24:00,2024-06-15 12:24:00
102,730,34,102,102,102,0,Pending,1,1,0,2024-06-16 12:24:00,2024-06-16 12:24:00
103,676,614,103,103,103,0,Canceled,1,0,0,2024-06-17 12:24:00,2024-06-17 12:24:00
104,864,224,104,104,104,1,Pending,0,1,0,2024-06-18 12:24:00,2024-06-18 12:24:00
105,545,111,105,105,105,0,Pending,1,1,0,2024-06-19 12:24:00,2024-06-19 12:24:00
106,710,552,106,106,106,1,Canceled,0,1,0,2024-06-20 12:24:00,2024-06-20 12:24:00
107,754,494,107,107,107,0,Pending,0,1,0,2024-06-21 12:24:00,2024-06-21 12:24:00
108,111,924,108,108,108,0,Pending,0,1,0,2024-06-22 12:24:00,2024-06-22 12:24:00
109,86,15,109,109,109,1,Pending,1,1,0,2024-06-23 12:24:00,2024-06-23 12:24:00
110,200,912,110,110,110,1,Confirmed,0,1,0,2024-06-24 12:24:00,2024-06-24 12:24:00
111,646,163,111,111,111,1,Confirmed,1,1,0,2024-06-25 12:24:00,2024-06-25 12:24:00
112,850,262,112,112,112,1,Canceled,1,0,0,2024-06-26 12:24:00,2024-06-26 12:24:00
113,29,720,113,113,113,1,Confirmed,0,0,0,2024-06-27 12:24:00,2024-06-27 12:24:00
114,783,115,114,114,114,0,Pending,0,0,0,2024-06-28 12:24:00,2024-06-28 12:24:00
115,290,831,115,115,115,1,Canceled,0,0,0,2024-06-29 12:24:00,2024-06-29 12:24:00
116,702,922,116,116,116,1,Canceled,0,1,0,2024-06-30 12:24:00,2024-06-30 12:24:00
117,982,852,117,117,117,0,Canceled,0,1,0,2024-07-01 12:24:00,2024-07-01 12:24:00
118,403,141,118,118,118,1,Canceled,1,0,0,2024-07-02 12:24:00,2024-07-02 12:24:00
119,703,887,119,119,119,1,Canceled,0,0,0,2024-07-03 12:24:00,2024-07-03 12:24:00
120,929,997,120,120,120,0,Confirmed,0,1,0,2024-07-04 12:24:00,2024-07-04 12:24:00
121,690,900,121,121,121,0,Canceled,1,1,0,2024-07-05 12:24:00,2024-07-05 12:24:00
122,51,68,122,122,122,1,Pending,0,0,0,2024-07-06 12:24:00,2024-07-06 12:24:00
123,12,241,123,123,123,1,Confirmed,0,1,0,2024-07-07 12:24:00,2024-07-07 12:24:00
124,312,389,124,124,124,0,Pending,1,0,0,2024-07-08 12:24:00,2024-07-08 12:24:00
125,258,549,125,125,125,1,Canceled,1,0,0,2024-07-09 12:24:00,2024-07-09 12:24:00
126,733,583,126,126,126,0,Confirmed,1,1,0,2024-07-10 12:24:00,2024-07-10 12:24:00
127,476,302,127,127,127,1,Confirmed,0,1,0,2024-07-11 12:24:00,2024-07-11 12:24:00
128,859,987,128,128,128,1,Canceled,0,1,0,2024-07-12 12:24:00,2024-07-12 12:24:00
129,578,712,129,129,129,1,Canceled,0,1,0,2024-07-13 12:24:00,2024-07-13 12:24:00
130,162,17,130,130,130,1,Confirmed,0,0,0,2024-07-14 12:24:00,2024-07-14 12:24:00
131,944,865,131,131,131,0,Pending,0,0,0,2024-07-15 12:24:00,2024-07-15 12:24:00
132,680,764,132,132,132,1,Canceled,0,1,0,2024-07-16 12:24:00,2024-07-16 12:24:00
133,465,194,133,133,133,1,Pending,0,1,0,2024-07-17 12:24:00,2024-07-17 12:24:00
134,767,430,134,134,134,1,Canceled,0,1,0,2024-07-18 12:24:00,2024-07-18 12:24:00
135,320,198,135,135,135,0,Pending,0,0,0,2024-07-19 12:24:00,2024-07-19 12:24:00
136,912,812,136,136,136,0,Canceled,1,0,0,2024-07-20 12:24:00,2024-07-20 12:24:00
137,141,983,137,137,137,0,Pending,0,0,0,2024-07-21 12:24:00,2024-07-21 12:24:00
138,510,381,138,138,138,1,Pending,1,0,0,2024-07-22 12:24:00,2024-07-22 12:24:00
139,311,80,139,139,139,1,Canceled,0,0,0,2024-07-23 12:24:00,2024-07-23 12:24:00
140,93,316,140,140,140,0,Canceled,1,0,0,2024-07-24 12:24:00,2024-07-24 12:24:00
141,207,823,141,141,141,0,Confirmed,0,0,0,2024-07-25 12:24:00,2024-07-25 12:24:00
142,389,774,142,142,142,0,Confirmed,0,1,0,2024-07-26 12:24:00,2024-07-26 12:24:00
143,889,403,143,143,143,1,Canceled,0,0,0,2024-07-27 12:24:00,2024-07-27 12:24:00
144,136,167,144,144,144,1,Pending,1,1,0,2024-07-28 12:24:00,2024-07-28 12:24:00
145,164,18,145,145,145,1,Confirmed,1,0,0,2024-07-29 12:24:00,2024-07-29 12:24:00
146,210,297,146,146,146,0,Confirmed,0,1,0,2024-07-30 12:24:00,2024-07-30 12:24:00
147,66,694,147,147,147,0,Confirmed,1,0,0,2024-07-31 12:24:00,2024-07-31 12:24:00
148,476,588,148,148,148,1,Confirmed,1,1,0,2024-08-01 12:24:00,2024-08-01 12:24:00
149,189,239,149,149,149,0,Confirmed,0,1,0,2024-08-02 12:24:00,2024-08-02 12:24:00
150,250,826,150,150,150,1,Confirmed,1,0,0,2024-08-03 12:24:00,2024-08-03 12:24:00
151,661,730,151,151,151,0,Canceled,1,1,0,2024-08-04 12:24:00,2024-08-04 12:24:00
152,907,298,152,152,152,0,Confirmed,1,0,0,2024-08-05 12:24:00,2024-08-05 12:24:00
153,362,34,153,153,153,1,Canceled,0,1,0,2024-08-06 12:24:00,2024-08-06 12:24:00
154,110,379,154,154,154,0,Pending,0,1,0,2024-08-07 12:24:00,2024-08-07 12:24:00
155,162,329,155,155,155,1,Confirmed,1,0,0,2024-08-08 12:24:00,2024-08-08 12:24:00
156,249,396,156,156,156,0,Pending,0,1,0,2024-08-09 12:24:00,2024-08-09 12:24:00
157,553,983,157,157,157,1,Canceled,1,1,0,2024-08-10 12:24:00,2024-08-10 12:24:00
158,673,870,158,158,158,0,Confirmed,0,0,0,2024-08-11 12:24:00,2024-08-11 12:24:00
159,703,48,159,159,159,0,Pending,1,0,0,2024-08-12 12:24:00,2024-08-12 12:24:00
160,256,104,160,160,160,1,Canceled,0,0,0,2024-08-13 12:24:00,2024-08-13 12:24:00
161,631,864,161,161,161,1,Pending,0,0,0,2024-08-14 12:24:00,2024-08-14 12:24:00
162,95,446,162,162,162,1,Canceled,0,0,0,2024-08-15 12:24:00,2024-08-15 12:24:00
163,801,937,163,163,163,0,Canceled,0,0,0,2024-08-16 12:24:00,2024-08-16 12:24:00
164,58,450,164,164,164,0,Confirmed,1,0,0,2024-08-17 12:24:00,2024-08-17 12:24:00
165,612,875,165,165,165,1,Pending,1,1,0,2024-08-18 12:24:00,2024-08-18 12:24:00
166,770,978,166,166,166,1,Pending,1,1,0,2024-08-19 12:24:00,2024-08-19 12:24:00
167,31,634,167,167,167,1,Pending,0,0,0,2024-08-20 12:24:00,2024-08-20 12:24:00
168,431,630,168,168,168,0,Canceled,1,0,0,2024-08-21 12:24:00,2024-08-21 12:24:00
169,638,335,169,169,169,1,Canceled,0,0,0,2024-08-22 12:24:00,2024-08-22 12:24:00
170,287,990,170,170,170,1,Confirmed,1,0,0,2024-08-23 12:24:00,2024-08-23 12:24:00
171,687,97,171,171,171,0,Pending,0,1,0,2024-08-24 12:24:00,2024-08-24 12:24:00
172,720,180,172,172,172,0,Canceled,1,0,0,2024-08-25 12:24:00,2024-08-25 12:24:00
173,443,954,173,173,173,1,Pending,0,0,0,2024-08-26 12:24:00,2024-08-26 12:24:00
174,211,332,174,174,174,0,Canceled,0,1,0,2024-08-27 12:24:00,2024-08-27 12:24:00
175,722,944,175,175,175,0,Pending,1,0,0,2024-08-28 12:24:00,2024-08-28 12:24:00
176,588,53,176,176,176,1,Pending,1,0,0,2024-08-29 12:24:00,2024-08-29 12:24:00
177,74,684,177,177,177,0,Pending,0,0,0,2024-08-30 12:24:00,2024-08-30 12:24:00
178,839,738,178,178,178,0,Confirmed,0,0,0,2024-08-31 12:24:00,2024-08-31 12:24:00
179,251,355,179,179,179,1,Confirmed,0,0,0,2024-09-01 12:24:00,2024-09-01 12:24:00
180,92,860,180,180,180,0,Pending,0,1,0,2024-09-02 12:24:00,2024-09-02 12:24:00
181,607,831,181,181,181,1,Confirmed,1,1,0,2024-09-03 12:24:00,2024-09-03 12:24:00
182,220,930,182,182,182,0,Confirmed,1,1,0,2024-09-04 12:24:00,2024-09-04 12:24:00
183,635,57,183,183,183,0,Pending,0,1,0,2024-09-05 12:24:00,2024-09-05 12:24:00
184,88,898,184,184,184,0,Canceled,1,1,0,2024-09-06 12:24:00,2024-09-06 12:24:00
185,579,829,185,185,185,1,Canceled,0,1,0,2024-09-07 12:24:00,2024-09-07 12:24:00
186,598,134,186,186,186,0,Pending,1,0,0,2024-09-08 12:24:00,2024-09-08 12:24:00
187,275,440,187,187,187,0,Confirmed,1,1,0,2024-09-09 12:24:00,2024-09-09 12:24:00
188,38,713,188,188,188,1,Pending,0,1,0,2024-09-10 12:24:00,2024-09-10 12:24:00
189,519,619,189,189,189,1,Confirmed,1,1,0,2024-09-11 12:24:00,2024-09-11 12:24:00
190,68,931,190,190,190,0,Pending,1,1,0,2024-09-12 12:24:00,2024-09-12 12:24:00
191,105,679,191,191,191,0,Pending,0,1,0,2024-09-13 12:24:00,2024-09-13 12:24:00
192,194,102,192,192,192,1,Pending,1,0,0,2024-09-14 12:24:00,2024-09-14 12:24:00
193,142,94,193,193,193,0,Confirmed,1,1,0,2024-09-15 12:24:00,2024-09-15 12:24:00
194,101,957,194,194,194,0,Canceled,1,1,0,2024-09-16 12:24:00,2024-09-16 12:24:00
195,477,840,195,195,195,0,Canceled,0,1,0,2024-09-17 12:24:00,2024-09-17 12:24:00
196,71,201,196,196,196,1,Canceled,0,1,0,2024-09-18 12:24:00,2024-09-18 12:24:00
197,941,440,197,197,197,1,Canceled,1,1,0,2024-09-19 12:24:00,2024-09-19 12:24:00
198,109,919,198,198,198,1,Confirmed,1,0,0,2024-09-20 12:24:00,2024-09-20 12:24:00
199,847,505,199,199,199,0,Pending,1,1,0,2024-09-21 12:24:00,2024-09-21 12:24:00
200,988,284,200,200,200,1,Canceled,0,0,0,2024-09-22 12:24:00,2024-09-22 12:24:00
201,170,70,201,201,201,0,Canceled,0,0,0,2024-09-23 12:24:00,2024-09-23 12:24:00
202,610,614,202,202,202,0,Canceled,1,0,0,2024-09-24 12:24:00,2024-09-24 12:24:00
203,504,311,203,203,203,1,Confirmed,1,0,0,2024-09-25 12:24:00,2024-09-25 12:24:00
204,152,224,204,204,204,0,Pending,1,1,0,2024-09-26 12:24:00,2024-09-26 12:24:00
205,552,635,205,205,205,1,Canceled,0,1,0,2024-09-27 12:24:00,2024-09-27 12:24:00
206,141,481,206,206,206,0,Confirmed,1,0,0,2024-09-28 12:24:00,2024-09-28 12:24:00
207,367,639,207,207,207,1,Confirmed,1,1,0,2024-09-29 12:24:00,2024-09-29 12:24:00
208,121,27,208,208,208,1,Canceled,0,1,0,2024-09-30 12:24:00,2024-09-30 12:24:00
209,997,991,209,209,209,0,Pending,1,0,0,2024-10-01 12:24:00,2024-10-01 12:24:00
210,961,594,210,210,210,0,Pending,1,0,0,2024-10-02 12:24:00,2024-10-02 12:24:00
211,560,808,211,211,211,1,Confirmed,0,1,0,2024-10-03 12:24:00,2024-10-03 12:24:00
212,895,301,212,212,212,0,Pending,1,0,0,2024-10-04 12:24:00,2024-10-04 12:24:00
213,307,942,213,213,213,1,Pending,1,0,0,2024-10-05 12:24:00,2024-10-05 12:24:00
214,291,458,214,214,214,0,Confirmed,0,0,0,2024-10-06 12:24:00,2024-10-06 12:24:00
215,856,439,215,215,215,0,Confirmed,1,0,0,2024-10-07 12:24:00,2024-10-07 12:24:00
216,336,86,216,216,216,0,Canceled,1,1,0,2024-10-08 12:24:00,2024-10-08 12:24:00
217,811,513,217,217,217,0,Confirmed,1,1,0,2024-10-09 12:24:00,2024-10-09 12:24:00
218,141,662,218,218,218,1,Pending,0,0,0,2024-10-10 12:24:00,2024-10-10 12:24:00
219,678,190,219,219,219,0,Canceled,0,1,0,2024-10-11 12:24:00,2024-10-11 12:24:00
220,228,176,220,220,220,0,Confirmed,1,0,0,2024-10-12 12:24:00,2024-10-12 12:24:00
221,214,498,221,221,221,1,Pending,0,0,0,2024-10-13 12:24:00,2024-10-13 12:24:00
222,586,814,222,222,222,0,Canceled,1,1,0,2024-10-14 12:24:00,2024-10-14 12:24:00
223,708,226,223,223,223,0,Pending,1,1,0,2024-10-15 12:24:00,2024-10-15 12:24:00
224,531,274,224,224,224,0,Confirmed,1,0,0,2024-10-16 12:24:00,2024-10-16 12:24:00
225,621,768,225,225,225,1,Pending,1,0,0,2024-10-17 12:24:00,2024-10-17 12:24:00
226,195,937,226,226,226,0,Canceled,1,0,0,2024-10-18 12:24:00,2024-10-18 12:24:00
227,25,514,227,227,227,0,Pending,0,0,0,2024-10-19 12:24:00,2024-10-19 12:24:00
228,448,447,228,228,228,0,Pending,1,0,0,2024-10-20 12:24:00,2024-10-20 12:24:00
229,518,729,229,229,229,0,Confirmed,1,1,0,2024-10-21 12:24:00,2024-10-21 12:24:00
230,654,609,230,230,230,0,Pending,1,0,0,2024-10-22 12:24:00,2024-10-22 12:24:00
231,337,996,231,231,231,1,Confirmed,1,1,0,2024-10-23 12:24:00,2024-10-23 12:24:00
232,865,105,232,232,232,0,Canceled,1,0,0,2024-10-24 12:24:00,2024-10-24 12:24:00
233,502,802,233,233,233,1,Canceled,1,1,0,2024-10-25 12:24:00,2024-10-25 12:24:00
234,222,49,234,234,234,1,Confirmed,1,0,0,2024-10-26 12:24:00,2024-10-26 12:24:00
235,975,664,235,235,235,0,Canceled,1,1,0,2024-10-27 12:24:00,2024-10-27 12:24:00
236,253,188,236,236,236,1,Confirmed,0,0,0,2024-10-28 12:24:00,2024-10-28 12:24:00
237,767,607,237,237,237,0,Confirmed,0,0,0,2024-10-29 12:24:00,2024-10-29 12:24:00
238,237,791,238,238,238,1,Canceled,1,0,0,2024-10-30 12:24:00,2024-10-30 12:24:00
239,185,923,239,239,239,0,Confirmed,1,1,0,2024-10-31 12:24:00,2024-10-31 12:24:00
240,433,526,240,240,240,0,Confirmed,1,0,0,2024-11-01 12:24:00,2024-11-01 12:24:00
241,818,577,241,241,241,0,Confirmed,0,1,0,2024-11-02 12:24:00,2024-11-02 12:24:00
242,873,309,242,242,242,0,Canceled,1,1,0,2024-11-03 12:24:00,2024-11-03 12:24:00
243,400,952,243,243,243,1,Pending,0,0,0,2024-11-04 12:24:00,2024-11-04 12:24:00
244,843,37,244,244,244,0,Canceled,1,0,0,2024-11-05 12:24:00,2024-11-05 12:24:00
245,469,984,245,245,245,1,Pending,1,1,0,2024-11-06 12:24:00,2024-11-06 12:24:00
246,123,546,246,246,246,1,Confirmed,0,1,0,2024-11-07 12:24:00,2024-11-07 12:24:00
247,920,82,247,247,247,1,Confirmed,1,1,0,2024-11-08 12:24:00,2024-11-08 12:24:00
248,342,314,248,248,248,1,Canceled,0,1,0,2024-11-09 12:24:00,2024-11-09 12:24:00
249,421,36,249,249,249,1,Canceled,0,1,0,2024-11-10 12:24:00,2024-11-10 12:24:00
250,396,993,250,250,250,0,Pending,0,0,0,2024-11-11 12:24:00,2024-11-11 12:24:00
251,494,724,251,251,251,0,Confirmed,0,1,0,2024-11-12 12:24:00,2024-11-12 12:24:00
252,297,500,252,252,252,1,Pending,1,1,0,2024-11-13 12:24:00,2024-11-13 12:24:00
253,365,11,253,253,253,1,Confirmed,1,1,0,2024-11-14 12:24:00,2024-11-14 12:24:00
254,730,243,254,254,254,1,Canceled,1,1,0,2024-11-15 12:24:00,2024-11-15 12:24:00
255,940,576,255,255,255,1,Pending,1,0,0,2024-11-16 12:24:00,2024-11-16 12:24:00
256,790,594,256,256,256,0,Pending,1,0,0,2024-11-17 12:24:00,2024-11-17 12:24:00
257,546,27,257,257,257,1,Pending,0,0,0,2024-11-18 12:24:00,2024-11-18 12:24:00
258,762,787,258,258,258,1,Confirmed,0,1,0,2024-11-19 12:24:00,2024-11-19 12:24:00
259,737,915,259,259,259,1,Confirmed,0,1,0,2024-11-20 12:24:00,2024-11-20 12:24:00
260,465,113,260,260,260,0,Canceled,0,0,0,2024-11-21 12:24:00,2024-11-21 12:24:00
261,207,282,261,261,261,0,Canceled,1,1,0,2024-11-22 12:24:00,2024-11-22 12:24:00
262,782,338,262,262,262,1,Pending,0,1,0,2024-11-23 12:24:00,2024-11-23 12:24:00
263,195,111,263,263,263,1,Confirmed,0,1,0,2024-11-24 12:24:00,2024-11-24 12:24:00
264,166,288,264,264,264,1,Pending,1,1,0,2024-11-25 12:24:00,2024-11-25 12:24:00
265,746,519,265,265,265,0,Confirmed,1,1,0,2024-11-26 12:24:00,2024-11-26 12:24:00
266,842,415,266,266,266,0,Confirmed,1,0,0,2024-11-27 12:24:00,2024-11-27 12:24:00
267,543,536,267,267,267,0,Canceled,0,0,0,2024-11-28 12:24:00,2024-11-28 12:24:00
268,190,921,268,268,268,1,Canceled,1,0,0,2024-11-29 12:24:00,2024-11-29 12:24:00
269,589,574,269,269,269,1,Canceled,1,0,0,2024-11-30 12:24:00,2024-11-30 12:24:00
270,646,925,270,270,270,1,Canceled,0,1,0,2024-12-01 12:24:00,2024-12-01 12:24:00
271,209,606,271,271,271,1,Canceled,0,1,0,2024-12-02 12:24:00,2024-12-02 12:24:00
272,651,971,272,272,272,0,Pending,1,1,0,2024-12-03 12:24:00,2024-12-03 12:24:00
273,89,143,273,273,273,0,Pending,0,0,0,2024-12-04 12:24:00,2024-12-04 12:24:00
274,127,493,274,274,274,0,Canceled,0,0,0,2024-12-05 12:24:00,2024-12-05 12:24:00
275,402,349,275,275,275,0,Canceled,1,1,0,2024-12-06 12:24:00,2024-12-06 12:24:00
276,390,999,276,276,276,1,Pending,1,1,0,2024-12-07 12:24:00,2024-12-07 12:24:00
277,774,703,277,277,277,0,Canceled,1,1,0,2024-12-08 12:24:00,2024-12-08 12:24:00
278,230,372,278,278,278,0,Pending,0,0,0,2024-12-09 12:24:00,2024-12-09 12:24:00
279,150,545,279,279,279,0,Pending,1,1,0,2024-12-10 12:24:00,2024-12-10 12:24:00
280,81,440,280,280,280,0,Confirmed,0,1,0,2024-12-11 12:24:00,2024-12-11 12:24:00
281,490,265,281,281,281,0,Canceled,1,0,0,2024-12-12 12:24:00,2024-12-12 12:24:00
282,986,128,282,282,282,1,Confirmed,1,0,0,2024-12-13 12:24:00,2024-12-13 12:24:00
283,578,645,283,283,283,0,Canceled,0,0,0,2024-12-14 12:24:00,2024-12-14 12:24:00
284,67,21,284,284,284,1,Pending,1,1,0,2024-12-15 12:24:00,2024-12-15 12:24:00
285,66,936,285,285,285,0,Canceled,0,1,0,2024-12-16 12:24:00,2024-12-16 12:24:00
286,358,19,286,286,286,0,Confirmed,0,0,0,2024-12-17 12:24:00,2024-12-17 12:24:00
287,784,665,287,287,287,0,Pending,1,1,0,2024-12-18 12:24:00,2024-12-18 12:24:00
288,173,637,288,288,288,1,Confirmed,0,1,0,2024-12-19 12:24:00,2024-12-19 12:24:00
289,167,538,289,289,289,0,Confirmed,0,0,0,2024-12-20 12:24:00,2024-12-20 12:24:00
290,439,748,290,290,290,0,Confirmed,1,0,0,2024-12-21 12:24:00,2024-12-21 12:24:00
291,576,907,291,291,291,1,Pending,1,1,0,2024-12-22 12:24:00,2024-12-22 12:24:00
292,54,617,292,292,292,1,Confirmed,0,0,0,2024-12-23 12:24:00,2024-12-23 12:24:00
293,651,790,293,293,293,0,Confirmed,0,0,0,2024-12-24 12:24:00,2024-12-24 12:24:00
294,357,758,294,294,294,1,Canceled,1,1,0,2024-12-25 12:24:00,2024-12-25 12:24:00
295,750,818,295,295,295,0,Canceled,0,0,0,2024-12-26 12:24:00,2024-12-26 12:24:00
296,472,358,296,296,296,0,Pending,1,1,0,2024-12-27 12:24:00,2024-12-27 12:24:00
297,593,310,297,297,297,1,Pending,0,1,0,2024-12-28 12:24:00,2024-12-28 12:24:00
298,907,243,298,298,298,1,Confirmed,0,1,0,2024-12-29 12:24:00,2024-12-29 12:24:00
299,333,250,299,299,299,0,Canceled,1,1,0,2024-12-30 12:24:00,2024-12-30 12:24:00
300,348,277,300,300,300,1,Confirmed,1,0,0,2024-12-31 12:24:00,2024-12-31 12:24:00
301,297,288,301,301,301,1,Pending,1,0,0,2025-01-01 12:24:00,2025-01-01 12:24:00
302,864,702,302,302,302,1,Pending,1,0,0,2025-01-02 12:24:00,2025-01-02 12:24:00
303,272,519,303,303,303,1,Pending,0,0,0,2025-01-03 12:24:00,2025-01-03 12:24:00
304,769,435,304,304,304,1,Pending,1,1,0,2025-01-04 12:24:00,2025-01-04 12:24:00
305,823,763,305,305,305,1,Canceled,0,1,0,2025-01-05 12:24:00,2025-01-05 12:24:00
306,301,217,306,306,306,0,Canceled,0,0,0,2025-01-06 12:24:00,2025-01-06 12:24:00
307,947,995,307,307,307,0,Pending,1,1,0,2025-01-07 12:24:00,2025-01-07 12:24:00
308,332,776,308,308,308,0,Canceled,0,0,0,2025-01-08 12:24:00,2025-01-08 12:24:00
309,72,846,309,309,309,0,Pending,0,0,0,2025-01-09 12:24:00,2025-01-09 12:24:00
310,855,441,310,310,310,0,Canceled,1,1,0,2025-01-10 12:24:00,2025-01-10 12:24:00
311,245,180,311,311,311,0,Confirmed,0,1,0,2025-01-11 12:24:00,2025-01-11 12:24:00
312,573,782,312,312,312,1,Canceled,0,1,0,2025-01-12 12:24:00,2025-01-12 12:24:00
313,344,509,313,313,313,1,Pending,1,0,0,2025-01-13 12:24:00,2025-01-13 12:24:00
314,399,867,314,314,314,0,Canceled,0,1,0,2025-01-14 12:24:00,2025-01-14 12:24:00
315,862,499,315,315,315,0,Canceled,0,0,0,2025-01-15 12:24:00,2025-01-15 12:24:00
316,476,337,316,316,316,0,Canceled,0,0,0,2025-01-16 12:24:00,2025-01-16 12:24:00
317,195,476,317,317,317,0,Confirmed,0,0,0,2025-01-17 12:24:00,2025-01-17 12:24:00
318,177,678,318,318,318,1,Confirmed,1,0,0,2025-01-18 12:24:00,2025-01-18 12:24:00
319,933,772,319,319,319,1,Canceled,1,0,0,2025-01-19 12:24:00,2025-01-19 12:24:00
320,583,523,320,320,320,1,Confirmed,1,0,0,2025-01-20 12:24:00,2025-01-20 12:24:00
321,911,584,321,321,321,1,Canceled,0,0,0,2025-01-21 12:24:00,2025-01-21 12:24:00
322,651,454,322,322,322,0,Canceled,0,0,0,2025-01-22 12:24:00,2025-01-22 12:24:00
323,83,411,323,323,323,1,Canceled,1,1,0,2025-01-23 12:24:00,2025-01-23 12:24:00
324,294,681,324,324,324,1,Canceled,0,1,0,2025-01-24 12:24:00,2025-01-24 12:24:00
325,230,617,325,325,325,0,Pending,1,1,0,2025-01-25 12:24:00,2025-01-25 12:24:00
326,399,522,326,326,326,0,Canceled,0,1,0,2025-01-26 12:24:00,2025-01-26 12:24:00
327,714,45,327,327,327,0,Pending,0,0,0,2025-01-27 12:24:00,2025-01-27 12:24:00
328,869,911,328,328,328,0,Pending,0,1,0,2025-01-28 12:24:00,2025-01-28 12:24:00
329,763,719,329,329,329,1,Canceled,0,1,0,2025-01-29 12:24:00,2025-01-29 12:24:00
330,237,483,330,330,330,0,Confirmed,0,1,0,2025-01-30 12:24:00,2025-01-30 12:24:00
331,907,963,331,331,331,1,Confirmed,0,1,0,2025-01-31 12:24:00,2025-01-31 12:24:00
332,651,692,332,332,332,0,Confirmed,0,0,0,2025-02-01 12:24:00,2025-02-01 12:24:00
333,93,328,333,333,333,1,Confirmed,0,1,0,2025-02-02 12:24:00,2025-02-02 12:24:00
334,817,667,334,334,334,1,Canceled,1,1,0,2025-02-03 12:24:00,2025-02-03 12:24:00
335,335,277,335,335,335,1,Confirmed,0,0,0,2025-02-04 12:24:00,2025-02-04 12:24:00
336,24,227,336,336,336,1,Canceled,0,1,0,2025-02-05 12:24:00,2025-02-05 12:24:00
337,841,279,337,337,337,1,Canceled,0,1,0,2025-02-06 12:24:00,2025-02-06 12:24:00
338,289,124,338,338,338,1,Pending,1,1,0,2025-02-07 12:24:00,2025-02-07 12:24:00
339,614,345,339,339,339,0,Pending,0,1,0,2025-02-08 12:24:00,2025-02-08 12:24:00
340,778,72,340,340,340,1,Confirmed,1,0,0,2025-02-09 12:24:00,2025-02-09 12:24:00
341,590,917,341,341,341,0,Canceled,0,1,0,2025-02-10 12:24:00,2025-02-10 12:24:00
342,44,980,342,342,342,0,Canceled,1,1,0,2025-02-11 12:24:00,2025-02-11 12:24:00
343,277,656,343,343,343,0,Pending,1,0,0,2025-02-12 12:24:00,2025-02-12 12:24:00
344,701,962,344,344,344,0,Pending,0,0,0,2025-02-13 12:24:00,2025-02-13 12:24:00
345,138,487,345,345,345,0,Pending,0,0,0,2025-02-14 12:24:00,2025-02-14 12:24:00
346,499,267,346,346,346,0,Confirmed,1,0,0,2025-02-15 12:24:00,2025-02-15 12:24:00
347,401,805,347,347,347,0,Canceled,0,1,0,2025-02-16 12:24:00,2025-02-16 12:24:00
348,569,601,348,348,348,1,Canceled,0,1,0,2025-02-17 12:24:00,2025-02-17 12:24:00
349,109,900,349,349,349,1,Canceled,1,1,0,2025-02-18 12:24:00,2025-02-18 12:24:00
350,806,909,350,350,350,1,Canceled,1,1,0,2025-02-19 12:24:00,2025-02-19 12:24:00
351,515,333,351,351,351,0,Confirmed,0,0,0,2025-02-20 12:24:00,2025-02-20 12:24:00
352,229,883,352,352,352,0,Confirmed,0,0,0,2025-02-21 12:24:00,2025-02-21 12:24:00
353,372,953,353,353,353,0,Canceled,1,1,0,2025-02-22 12:24:00,2025-02-22 12:24:00
354,286,274,354,354,354,0,Canceled,1,0,0,2025-02-23 12:24:00,2025-02-23 12:24:00
355,35,329,355,355,355,1,Confirmed,1,1,0,2025-02-24 12:24:00,2025-02-24 12:24:00
356,722,697,356,356,356,0,Confirmed,0,1,0,2025-02-25 12:24:00,2025-02-25 12:24:00
357,590,59,357,357,357,0,Pending,0,1,0,2025-02-26 12:24:00,2025-02-26 12:24:00
358,437,875,358,358,358,0,Canceled,1,0,0,2025-02-27 12:24:00,2025-02-27 12:24:00
359,290,784,359,359,359,1,Confirmed,1,1,0,2025-02-28 12:24:00,2025-02-28 12:24:00
360,692,712,360,360,360,1,Pending,1,1,0,2025-03-01 12:24:00,2025-03-01 12:24:00
361,487,11,361,361,361,1,Confirmed,0,0,0,2025-03-02 12:24:00,2025-03-02 12:24:00
362,175,735,362,362,362,1,Pending,1,1,0,2025-03-03 12:24:00,2025-03-03 12:24:00
363,399,343,363,363,363,0,Confirmed,0,1,0,2025-03-04 12:24:00,2025-03-04 12:24:00
364,111,427,364,364,364,1,Confirmed,1,0,0,2025-03-05 12:24:00,2025-03-05 12:24:00
365,856,877,365,365,365,1,Confirmed,0,1,0,2025-03-06 12:24:00,2025-03-06 12:24:00
366,921,45,366,366,366,0,Canceled,0,1,0,2025-03-07 12:24:00,2025-03-07 12:24:00
367,913,233,367,367,367,0,Pending,1,0,0,2025-03-08 12:24:00,2025-03-08 12:24:00
368,873,882,368,368,368,1,Canceled,0,0,0,2025-03-09 12:24:00,2025-03-09 12:24:00
369,822,808,369,369,369,0,Pending,1,0,0,2025-03-10 12:24:00,2025-03-10 12:24:00
370,700,772,370,370,370,0,Pending,1,1,0,2025-03-11 12:24:00,2025-03-11 12:24:00
371,432,502,371,371,371,1,Canceled,1,0,0,2025-03-12 12:24:00,2025-03-12 12:24:00
372,244,436,372,372,372,0,Pending,1,1,0,2025-03-13 12:24:00,2025-03-13 12:24:00
373,448,93,373,373,373,0,Canceled,0,1,0,2025-03-14 12:24:00,2025-03-14 12:24:00
374,646,62,374,374,374,1,Pending,0,1,0,2025-03-15 12:24:00,2025-03-15 12:24:00
375,236,14,375,375,375,1,Pending,1,0,0,2025-03-16 12:24:00,2025-03-16 12:24:00
376,778,211,376,376,376,0,Confirmed,0,0,0,2025-03-17 12:24:00,2025-03-17 12:24:00
377,149,610,377,377,377,0,Pending,0,0,0,2025-03-18 12:24:00,2025-03-18 12:24:00
378,676,107,378,378,378,0,Confirmed,1,1,0,2025-03-19 12:24:00,2025-03-19 12:24:00
379,376,234,379,379,379,1,Canceled,1,0,0,2025-03-20 12:24:00,2025-03-20 12:24:00
380,810,127,380,380,380,0,Canceled,1,0,0,2025-03-21 12:24:00,2025-03-21 12:24:00
381,712,100,381,381,381,1,Pending,0,0,0,2025-03-22 12:24:00,2025-03-22 12:24:00
382,354,420,382,382,382,1,Canceled,1,0,0,2025-03-23 12:24:00,2025-03-23 12:24:00
383,914,63,383,383,383,1,Canceled,0,0,0,2025-03-24 12:24:00,2025-03-24 12:24:00
384,70,525,384,384,384,1,Pending,1,0,0,2025-03-25 12:24:00,2025-03-25 12:24:00
385,17,733,385,385,385,1,Pending,1,1,0,2025-03-26 12:24:00,2025-03-26 12:24:00
386,362,878,386,386,386,1,Canceled,0,1,0,2025-03-27 12:24:00,2025-03-27 12:24:00
387,414,500,387,387,387,0,Pending,0,1,0,2025-03-28 12:24:00,2025-03-28 12:24:00
388,922,177,388,388,388,1,Confirmed,1,1,0,2025-03-29 12:24:00,2025-03-29 12:24:00
389,286,863,389,389,389,0,Confirmed,1,0,0,2025-03-30 12:24:00,2025-03-30 12:24:00
390,440,241,390,390,390,0,Canceled,1,0,0,2025-03-31 12:24:00,2025-03-31 12:24:00
391,575,335,391,391,391,0,Canceled,1,0,0,2025-04-01 12:24:00,2025-04-01 12:24:00
392,57,396,392,392,392,0,Pending,0,1,0,2025-04-02 12:24:00,2025-04-02 12:24:00
393,456,52,393,393,393,1,Confirmed,0,1,0,2025-04-03 12:24:00,2025-04-03 12:24:00
394,325,256,394,394,394,1,Confirmed,0,1,0,2025-04-04 12:24:00,2025-04-04 12:24:00
395,755,251,395,395,395,0,Pending,1,0,0,2025-04-05 12:24:00,2025-04-05 12:24:00
396,276,455,396,396,396,1,Pending,0,0,0,2025-04-06 12:24:00,2025-04-06 12:24:00
397,774,532,397,397,397,0,Confirmed,0,1,0,2025-04-07 12:24:00,2025-04-07 12:24:00
398,531,220,398,398,398,1,Confirmed,1,0,0,2025-04-08 12:24:00,2025-04-08 12:24:00
399,856,744,399,399,399,0,Confirmed,1,1,0,2025-04-09 12:24:00,2025-04-09 12:24:00
400,946,122,400,400,400,1,Canceled,1,0,0,2025-04-10 12:24:00,2025-04-10 12:24:00
401,51,744,401,401,401,0,Canceled,1,0,0,2025-04-11 12:24:00,2025-04-11 12:24:00
402,802,245,402,402,402,0,Pending,0,0,0,2025-04-12 12:24:00,2025-04-12 12:24:00
403,812,826,403,403,403,1,Pending,1,1,0,2025-04-13 12:24:00,2025-04-13 12:24:00
404,590,378,404,404,404,1,Confirmed,1,0,0,2025-04-14 12:24:00,2025-04-14 12:24:00
405,410,643,405,405,405,0,Pending,0,1,0,2025-04-15 12:24:00,2025-04-15 12:24:00
406,994,690,406,406,406,1,Confirmed,1,0,0,2025-04-16 12:24:00,2025-04-16 12:24:00
407,572,656,407,407,407,1,Confirmed,0,0,0,2025-04-17 12:24:00,2025-04-17 12:24:00
408,457,625,408,408,408,0,Pending,1,1,0,2025-04-18 12:24:00,2025-04-18 12:24:00
409,875,949,409,409,409,1,Pending,0,1,0,2025-04-19 12:24:00,2025-04-19 12:24:00
410,705,692,410,410,410,1,Confirmed,0,0,0,2025-04-20 12:24:00,2025-04-20 12:24:00
411,491,929,411,411,411,1,Canceled,0,0,0,2025-04-21 12:24:00,2025-04-21 12:24:00
412,203,804,412,412,412,1,Confirmed,0,0,0,2025-04-22 12:24:00,2025-04-22 12:24:00
413,924,535,413,413,413,1,Pending,0,1,0,2025-04-23 12:24:00,2025-04-23 12:24:00
414,314,110,414,414,414,1,Pending,1,1,0,2025-04-24 12:24:00,2025-04-24 12:24:00
415,922,784,415,415,415,0,Canceled,0,1,0,2025-04-25 12:24:00,2025-04-25 12:24:00
416,827,895,416,416,416,1,Confirmed,0,0,0,2025-04-26 12:24:00,2025-04-26 12:24:00
417,196,795,417,417,417,1,Canceled,1,0,0,2025-04-27 12:24:00,2025-04-27 12:24:00
418,113,217,418,418,418,0,Confirmed,1,1,0,2025-04-28 12:24:00,2025-04-28 12:24:00
419,466,161,419,419,419,1,Confirmed,1,0,0,2025-04-29 12:24:00,2025-04-29 12:24:00
420,780,605,420,420,420,0,Pending,0,1,0,2025-04-30 12:24:00,2025-04-30 12:24:00
421,445,70,421,421,421,0,Confirmed,0,0,0,2025-05-01 12:24:00,2025-05-01 12:24:00
422,481,89,422,422,422,1,Pending,1,0,0,2025-05-02 12:24:00,2025-05-02 12:24:00
423,568,743,423,423,423,1,Pending,1,1,0,2025-05-03 12:24:00,2025-05-03 12:24:00
424,233,185,424,424,424,0,Confirmed,1,0,0,2025-05-04 12:24:00,2025-05-04 12:24:00
425,292,513,425,425,425,1,Pending,1,1,0,2025-05-05 12:24:00,2025-05-05 12:24:00
426,431,377,426,426,426,0,Confirmed,1,0,0,2025-05-06 12:24:00,2025-05-06 12:24:00
427,948,257,427,427,427,0,Pending,0,0,0,2025-05-07 12:24:00,2025-05-07 12:24:00
428,606,77,428,428,428,0,Canceled,1,1,0,2025-05-08 12:24:00,2025-05-08 12:24:00
429,161,280,429,429,429,1,Canceled,0,0,0,2025-05-09 12:24:00,2025-05-09 12:24:00
430,984,934,430,430,430,0,Confirmed,1,0,0,2025-05-10 12:24:00,2025-05-10 12:24:00
431,576,423,431,431,431,0,Confirmed,1,0,0,2025-05-11 12:24:00,2025-05-11 12:24:00
432,917,137,432,432,432,1,Confirmed,1,0,0,2025-05-12 12:24:00,2025-05-12 12:24:00
433,223,580,433,433,433,1,Pending,0,1,0,2025-05-13 12:24:00,2025-05-13 12:24:00
434,241,379,434,434,434,0,Pending,0,1,0,2025-05-14 12:24:00,2025-05-14 12:24:00
435,670,128,435,435,435,1,Canceled,1,1,0,2025-05-15 12:24:00,2025-05-15 12:24:00
436,470,298,436,436,436,0,Canceled,1,0,0,2025-05-16 12:24:00,2025-05-16 12:24:00
437,110,398,437,437,437,1,Pending,1,0,0,2025-05-17 12:24:00,2025-05-17 12:24:00
438,595,891,438,438,438,0,Canceled,0,0,0,2025-05-18 12:24:00,2025-05-18 12:24:00
439,41,410,439,439,439,0,Canceled,0,0,0,2025-05-19 12:24:00,2025-05-19 12:24:00
440,473,622,440,440,440,1,Pending,1,0,0,2025-05-20 12:24:00,2025-05-20 12:24:00
441,827,743,441,441,441,1,Pending,1,1,0,2025-05-21 12:24:00,2025-05-21 12:24:00
442,547,383,442,442,442,1,Pending,1,1,0,2025-05-22 12:24:00,2025-05-22 12:24:00
443,108,958,443,443,443,0,Confirmed,1,1,0,2025-05-23 12:24:00,2025-05-23 12:24:00
444,511,917,444,444,444,0,Confirmed,1,0,0,2025-05-24 12:24:00,2025-05-24 12:24:00
445,141,96,445,445,445,1,Confirmed,1,1,0,2025-05-25 12:24:00,2025-05-25 12:24:00
446,874,3,446,446,446,1,Pending,0,0,0,2025-05-26 12:24:00,2025-05-26 12:24:00
447,284,166,447,447,447,1,Canceled,0,1,0,2025-05-27 12:24:00,2025-05-27 12:24:00
448,352,663,448,448,448,1,Canceled,0,1,0,2025-05-28 12:24:00,2025-05-28 12:24:00
449,892,882,449,449,449,1,Canceled,1,1,0,2025-05-29 12:24:00,2025-05-29 12:24:00
450,545,650,450,450,450,1,Canceled,1,0,0,2025-05-30 12:24:00,2025-05-30 12:24:00
451,997,268,451,451,451,0,Confirmed,1,0,0,2025-05-31 12:24:00,2025-05-31 12:24:00
452,122,941,452,452,452,0,Pending,1,0,0,2025-06-01 12:24:00,2025-06-01 12:24:00
453,957,889,453,453,453,1,Confirmed,1,0,0,2025-06-02 12:24:00,2025-06-02 12:24:00
454,26,380,454,454,454,1,Canceled,0,1,0,2025-06-03 12:24:00,2025-06-03 12:24:00
455,222,406,455,455,455,1,Confirmed,0,1,0,2025-06-04 12:24:00,2025-06-04 12:24:00
456,385,336,456,456,456,0,Canceled,0,0,0,2025-06-05 12:24:00,2025-06-05 12:24:00
457,890,158,457,457,457,0,Canceled,0,1,0,2025-06-06 12:24:00,2025-06-06 12:24:00
458,189,731,458,458,458,1,Canceled,0,0,0,2025-06-07 12:24:00,2025-06-07 12:24:00
459,736,381,459,459,459,0,Confirmed,0,0,0,2025-06-08 12:24:00,2025-06-08 12:24:00
460,90,295,460,460,460,0,Confirmed,0,0,0,2025-06-09 12:24:00,2025-06-09 12:24:00
461,516,209,461,461,461,1,Canceled,1,0,0,2025-06-10 12:24:00,2025-06-10 12:24:00
462,603,244,462,462,462,0,Pending,1,1,0,2025-06-11 12:24:00,2025-06-11 12:24:00
463,659,770,463,463,463,1,Canceled,0,1,0,2025-06-12 12:24:00,2025-06-12 12:24:00
464,938,769,464,464,464,1,Pending,0,0,0,2025-06-13 12:24:00,2025-06-13 12:24:00
465,255,241,465,465,465,1,Canceled,1,1,0,2025-06-14 12:24:00,2025-06-14 12:24:00
466,959,954,466,466,466,1,Pending,0,1,0,2025-06-15 12:24:00,2025-06-15 12:24:00
467,670,700,467,467,467,0,Confirmed,0,0,0,2025-06-16 12:24:00,2025-06-16 12:24:00
468,796,789,468,468,468,0,Pending,1,1,0,2025-06-17 12:24:00,2025-06-17 12:24:00
469,728,111,469,469,469,0,Pending,0,0,0,2025-06-18 12:24:00,2025-06-18 12:24:00
470,114,466,470,470,470,1,Pending,0,0,0,2025-06-19 12:24:00,2025-06-19 12:24:00
471,540,965,471,471,471,1,Confirmed,1,1,0,2025-06-20 12:24:00,2025-06-20 12:24:00
472,812,262,472,472,472,1,Confirmed,0,0,0,2025-06-21 12:24:00,2025-06-21 12:24:00
473,424,197,473,473,473,1,Pending,1,1,0,2025-06-22 12:24:00,2025-06-22 12:24:00
474,816,589,474,474,474,0,Confirmed,0,0,0,2025-06-23 12:24:00,2025-06-23 12:24:00
475,384,509,475,475,475,0,Pending,0,1,0,2025-06-24 12:24:00,2025-06-24 12:24:00
476,29,676,476,476,476,1,Confirmed,0,1,0,2025-06-25 12:24:00,2025-06-25 12:24:00
477,673,236,477,477,477,1,Canceled,1,1,0,2025-06-26 12:24:00,2025-06-26 12:24:00
478,564,168,478,478,478,1,Pending,1,1,0,2025-06-27 12:24:00,2025-06-27 12:24:00
479,288,621,479,479,479,1,Canceled,0,1,0,2025-06-28 12:24:00,2025-06-28 12:24:00
480,850,284,480,480,480,1,Confirmed,1,0,0,2025-06-29 12:24:00,2025-06-29 12:24:00
481,220,425,481,481,481,1,Pending,0,0,0,2025-06-30 12:24:00,2025-06-30 12:24:00
482,970,433,482,482,482,0,Pending,0,1,0,2025-07-01 12:24:00,2025-07-01 12:24:00
483,165,63,483,483,483,1,Confirmed,0,1,0,2025-07-02 12:24:00,2025-07-02 12:24:00
484,529,46,484,484,484,0,Confirmed,0,0,0,2025-07-03 12:24:00,2025-07-03 12:24:00
485,365,620,485,485,485,0,Pending,1,1,0,2025-07-04 12:24:00,2025-07-04 12:24:00
486,139,365,486,486,486,1,Canceled,1,0,0,2025-07-05 12:24:00,2025-07-05 12:24:00
487,845,536,487,487,487,1,Pending,0,1,0,2025-07-06 12:24:00,2025-07-06 12:24:00
488,176,348,488,488,488,1,Confirmed,0,0,0,2025-07-07 12:24:00,2025-07-07 12:24:00
489,193,669,489,489,489,0,Confirmed,1,0,0,2025-07-08 12:24:00,2025-07-08 12:24:00
490,684,618,490,490,490,1,Canceled,1,0,0,2025-07-09 12:24:00,2025-07-09 12:24:00
491,400,87,491,491,491,0,Pending,0,1,0,2025-07-10 12:24:00,2025-07-10 12:24:00
492,649,487,492,492,492,0,Pending,1,1,0,2025-07-11 12:24:00,2025-07-11 12:24:00
493,926,618,493,493,493,0,Confirmed,0,1,0,2025-07-12 12:24:00,2025-07-12 12:24:00
494,257,657,494,494,494,0,Confirmed,1,0,0,2025-07-13 12:24:00,2025-07-13 12:24:00
495,490,637,495,495,495,0,Canceled,1,0,0,2025-07-14 12:24:00,2025-07-14 12:24:00
496,274,180,496,496,496,1,Pending,0,1,0,2025-07-15 12:24:00,2025-07-15 12:24:00
497,967,461,497,497,497,0,Canceled,0,1,0,2025-07-16 12:24:00,2025-07-16 12:24:00
498,471,159,498,498,498,1,Canceled,0,1,0,2025-07-17 12:24:00,2025-07-17 12:24:00
499,900,875,499,499,499,0,Canceled,1,0,0,2025-07-18 12:24:00,2025-07-18 12:24:00
500,926,714,500,500,500,1,Canceled,1,1,0,2025-07-19 12:24:00,2025-07-19 12:24:00
501,560,908,501,501,501,0,Canceled,1,1,0,2025-07-20 12:24:00,2025-07-20 12:24:00
502,269,389,502,502,502,1,Canceled,0,1,0,2025-07-21 12:24:00,2025-07-21 12:24:00
503,892,523,503,503,503,1,Confirmed,1,0,0,2025-07-22 12:24:00,2025-07-22 12:24:00
504,216,9,504,504,504,0,Canceled,1,1,0,2025-07-23 12:24:00,2025-07-23 12:24:00
505,126,362,505,505,505,0,Pending,0,0,0,2025-07-24 12:24:00,2025-07-24 12:24:00
506,971,513,506,506,506,1,Confirmed,0,1,0,2025-07-25 12:24:00,2025-07-25 12:24:00
507,128,323,507,507,507,1,Canceled,0,1,0,2025-07-26 12:24:00,2025-07-26 12:24:00
508,852,916,508,508,508,1,Confirmed,0,0,0,2025-07-27 12:24:00,2025-07-27 12:24:00
509,777,664,509,509,509,0,Canceled,1,0,0,2025-07-28 12:24:00,2025-07-28 12:24:00
510,695,43,510,510,510,1,Canceled,0,0,0,2025-07-29 12:24:00,2025-07-29 12:24:00
511,499,633,511,511,511,1,Canceled,1,0,0,2025-07-30 12:24:00,2025-07-30 12:24:00
512,963,538,512,512,512,1,Pending,0,1,0,2025-07-31 12:24:00,2025-07-31 12:24:00
513,405,925,513,513,513,1,Confirmed,1,0,0,2025-08-01 12:24:00,2025-08-01 12:24:00
514,37,84,514,514,514,1,Pending,0,0,0,2025-08-02 12:24:00,2025-08-02 12:24:00
515,607,411,515,515,515,1,Confirmed,1,1,0,2025-08-03 12:24:00,2025-08-03 12:24:00
516,387,810,516,516,516,1,Pending,1,1,0,2025-08-04 12:24:00,2025-08-04 12:24:00
517,310,812,517,517,517,0,Confirmed,0,1,0,2025-08-05 12:24:00,2025-08-05 12:24:00
518,600,915,518,518,518,0,Pending,1,1,0,2025-08-06 12:24:00,2025-08-06 12:24:00
519,714,180,519,519,519,1,Confirmed,0,1,0,2025-08-07 12:24:00,2025-08-07 12:24:00
520,963,859,520,520,520,1,Canceled,0,1,0,2025-08-08 12:24:00,2025-08-08 12:24:00
521,989,282,521,521,521,1,Pending,0,0,0,2025-08-09 12:24:00,2025-08-09 12:24:00
522,378,796,522,522,522,0,Canceled,0,1,0,2025-08-10 12:24:00,2025-08-10 12:24:00
523,179,682,523,523,523,0,Confirmed,0,0,0,2025-08-11 12:24:00,2025-08-11 12:24:00
524,412,717,524,524,524,1,Confirmed,0,0,0,2025-08-12 12:24:00,2025-08-12 12:24:00
525,632,193,525,525,525,1,Confirmed,0,0,0,2025-08-13 12:24:00,2025-08-13 12:24:00
526,900,707,526,526,526,0,Confirmed,0,0,0,2025-08-14 12:24:00,2025-08-14 12:24:00
527,206,938,527,527,527,1,Pending,0,0,0,2025-08-15 12:24:00,2025-08-15 12:24:00
528,627,427,528,528,528,0,Confirmed,0,0,0,2025-08-16 12:24:00,2025-08-16 12:24:00
529,910,41,529,529,529,0,Pending,0,0,0,2025-08-17 12:24:00,2025-08-17 12:24:00
530,74,671,530,530,530,0,Pending,1,0,0,2025-08-18 12:24:00,2025-08-18 12:24:00
531,852,400,531,531,531,1,Pending,0,0,0,2025-08-19 12:24:00,2025-08-19 12:24:00
532,686,355,532,532,532,1,Canceled,1,0,0,2025-08-20 12:24:00,2025-08-20 12:24:00
533,572,522,533,533,533,1,Pending,1,1,0,2025-08-21 12:24:00,2025-08-21 12:24:00
534,956,920,534,534,534,1,Confirmed,0,1,0,2025-08-22 12:24:00,2025-08-22 12:24:00
535,69,150,535,535,535,0,Canceled,1,0,0,2025-08-23 12:24:00,2025-08-23 12:24:00
536,414,238,536,536,536,1,Confirmed,1,0,0,2025-08-24 12:24:00,2025-08-24 12:24:00
537,103,615,537,537,537,1,Canceled,1,1,0,2025-08-25 12:24:00,2025-08-25 12:24:00
538,878,214,538,538,538,1,Pending,1,0,0,2025-08-26 12:24:00,2025-08-26 12:24:00
539,108,346,539,539,539,1,Pending,1,1,0,2025-08-27 12:24:00,2025-08-27 12:24:00
540,267,223,540,540,540,0,Pending,0,0,0,2025-08-28 12:24:00,2025-08-28 12:24:00
541,287,632,541,541,541,1,Pending,0,1,0,2025-08-29 12:24:00,2025-08-29 12:24:00
542,918,629,542,542,542,1,Pending,1,1,0,2025-08-30 12:24:00,2025-08-30 12:24:00
543,539,439,543,543,543,1,Pending,1,0,0,2025-08-31 12:24:00,2025-08-31 12:24:00
544,409,946,544,544,544,1,Pending,0,0,0,2025-09-01 12:24:00,2025-09-01 12:24:00
545,860,859,545,545,545,1,Canceled,0,0,0,2025-09-02 12:24:00,2025-09-02 12:24:00
546,416,888,546,546,546,1,Pending,0,1,0,2025-09-03 12:24:00,2025-09-03 12:24:00
547,429,95,547,547,547,1,Canceled,1,1,0,2025-09-04 12:24:00,2025-09-04 12:24:00
548,283,926,548,548,548,0,Confirmed,1,1,0,2025-09-05 12:24:00,2025-09-05 12:24:00
549,656,535,549,549,549,0,Confirmed,0,0,0,2025-09-06 12:24:00,2025-09-06 12:24:00
550,641,567,550,550,550,0,Confirmed,1,0,0,2025-09-07 12:24:00,2025-09-07 12:24:00
551,973,875,551,551,551,0,Confirmed,0,0,0,2025-09-08 12:24:00,2025-09-08 12:24:00
552,594,417,552,552,552,0,Canceled,1,1,0,2025-09-09 12:24:00,2025-09-09 12:24:00
553,225,895,553,553,553,0,Pending,0,0,0,2025-09-10 12:24:00,2025-09-10 12:24:00
554,517,312,554,554,554,1,Pending,0,1,0,2025-09-11 12:24:00,2025-09-11 12:24:00
555,190,285,555,555,555,1,Pending,0,1,0,2025-09-12 12:24:00,2025-09-12 12:24:00
556,327,83,556,556,556,1,Canceled,1,0,0,2025-09-13 12:24:00,2025-09-13 12:24:00
557,310,405,557,557,557,0,Confirmed,1,1,0,2025-09-14 12:24:00,2025-09-14 12:24:00
558,937,993,558,558,558,0,Pending,0,1,0,2025-09-15 12:24:00,2025-09-15 12:24:00
559,925,681,559,559,559,0,Pending,1,1,0,2025-09-16 12:24:00,2025-09-16 12:24:00
560,83,728,560,560,560,0,Canceled,1,1,0,2025-09-17 12:24:00,2025-09-17 12:24:00
561,98,613,561,561,561,0,Confirmed,1,0,0,2025-09-18 12:24:00,2025-09-18 12:24:00
562,2,931,562,562,562,0,Pending,0,1,0,2025-09-19 12:24:00,2025-09-19 12:24:00
563,917,290,563,563,563,1,Confirmed,0,0,0,2025-09-20 12:24:00,2025-09-20 12:24:00
564,47,31,564,564,564,1,Canceled,0,1,0,2025-09-21 12:24:00,2025-09-21 12:24:00
565,656,846,565,565,565,0,Canceled,1,1,0,2025-09-22 12:24:00,2025-09-22 12:24:00
566,344,83,566,566,566,0,Pending,1,1,0,2025-09-23 12:24:00,2025-09-23 12:24:00
567,780,583,567,567,567,1,Canceled,0,0,0,2025-09-24 12:24:00,2025-09-24 12:24:00
568,580,236,568,568,568,0,Canceled,1,0,0,2025-09-25 12:24:00,2025-09-25 12:24:00
569,916,291,569,569,569,0,Pending,1,1,0,2025-09-26 12:24:00,2025-09-26 12:24:00
570,606,611,570,570,570,1,Pending,0,0,0,2025-09-27 12:24:00,2025-09-27 12:24:00
571,21,762,571,571,571,1,Canceled,1,1,0,2025-09-28 12:24:00,2025-09-28 12:24:00
572,437,981,572,572,572,1,Pending,1,0,0,2025-09-29 12:24:00,2025-09-29 12:24:00
573,449,781,573,573,573,0,Confirmed,0,0,0,2025-09-30 12:24:00,2025-09-30 12:24:00
574,310,924,574,574,574,1,Confirmed,0,0,0,2025-10-01 12:24:00,2025-10-01 12:24:00
575,683,858,575,575,575,1,Pending,1,1,0,2025-10-02 12:24:00,2025-10-02 12:24:00
576,396,443,576,576,576,0,Canceled,0,0,0,2025-10-03 12:24:00,2025-10-03 12:24:00
577,165,746,577,577,577,0,Confirmed,1,1,0,2025-10-04 12:24:00,2025-10-04 12:24:00
578,258,638,578,578,578,1,Confirmed,0,1,0,2025-10-05 12:24:00,2025-10-05 12:24:00
579,344,101,579,579,579,0,Confirmed,1,1,0,2025-10-06 12:24:00,2025-10-06 12:24:00
580,215,689,580,580,580,0,Pending,1,0,0,2025-10-07 12:24:00,2025-10-07 12:24:00
581,592,831,581,581,581,1,Pending,0,1,0,2025-10-08 12:24:00,2025-10-08 12:24:00
582,847,737,582,582,582,0,Pending,0,0,0,2025-10-09 12:24:00,2025-10-09 12:24:00
583,413,909,583,583,583,1,Confirmed,0,0,0,2025-10-10 12:24:00,2025-10-10 12:24:00
584,660,882,584,584,584,0,Pending,0,1,0,2025-10-11 12:24:00,2025-10-11 12:24:00
585,465,74,585,585,585,0,Confirmed,1,1,0,2025-10-12 12:24:00,2025-10-12 12:24:00
586,19,480,586,586,586,0,Canceled,1,1,0,2025-10-13 12:24:00,2025-10-13 12:24:00
587,490,437,587,587,587,1,Canceled,0,1,0,2025-10-14 12:24:00,2025-10-14 12:24:00
588,888,298,588,588,588,0,Canceled,1,1,0,2025-10-15 12:24:00,2025-10-15 12:24:00
589,185,523,589,589,589,1,Pending,1,1,0,2025-10-16 12:24:00,2025-10-16 12:24:00
590,90,477,590,590,590,0,Pending,1,1,0,2025-10-17 12:24:00,2025-10-17 12:24:00
591,602,893,591,591,591,1,Canceled,0,1,0,2025-10-18 12:24:00,2025-10-18 12:24:00
592,401,236,592,592,592,0,Confirmed,0,0,0,2025-10-19 12:24:00,2025-10-19 12:24:00
593,525,503,593,593,593,1,Pending,0,0,0,2025-10-20 12:24:00,2025-10-20 12:24:00
594,356,368,594,594,594,1,Canceled,1,0,0,2025-10-21 12:24:00,2025-10-21 12:24:00
595,121,371,595,595,595,1,Canceled,0,0,0,2025-10-22 12:24:00,2025-10-22 12:24:00
596,675,77,596,596,596,1,Pending,0,1,0,2025-10-23 12:24:00,2025-10-23 12:24:00
597,555,582,597,597,597,0,Canceled,1,1,0,2025-10-24 12:24:00,2025-10-24 12:24:00
598,248,298,598,598,598,0,Pending,1,1,0,2025-10-25 12:24:00,2025-10-25 12:24:00
599,693,496,599,599,599,1,Canceled,0,0,0,2025-10-26 12:24:00,2025-10-26 12:24:00
600,250,296,600,600,600,0,Pending,0,1,0,2025-10-27 12:24:00,2025-10-27 12:24:00
601,808,799,601,601,601,0,Confirmed,0,0,0,2025-10-28 12:24:00,2025-10-28 12:24:00
602,900,42,602,602,602,1,Confirmed,1,0,0,2025-10-29 12:24:00,2025-10-29 12:24:00
603,803,712,603,603,603,0,Canceled,0,0,0,2025-10-30 12:24:00,2025-10-30 12:24:00
604,660,502,604,604,604,0,Confirmed,0,0,0,2025-10-31 12:24:00,2025-10-31 12:24:00
605,131,172,605,605,605,0,Confirmed,1,1,0,2025-11-01 12:24:00,2025-11-01 12:24:00
606,602,727,606,606,606,0,Canceled,0,0,0,2025-11-02 12:24:00,2025-11-02 12:24:00
607,588,916,607,607,607,1,Canceled,0,1,0,2025-11-03 12:24:00,2025-11-03 12:24:00
608,816,877,608,608,608,0,Pending,0,1,0,2025-11-04 12:24:00,2025-11-04 12:24:00
609,970,384,609,609,609,0,Confirmed,1,1,0,2025-11-05 12:24:00,2025-11-05 12:24:00
610,357,92,610,610,610,1,Confirmed,0,1,0,2025-11-06 12:24:00,2025-11-06 12:24:00
611,3,516,611,611,611,1,Confirmed,1,0,0,2025-11-07 12:24:00,2025-11-07 12:24:00
612,985,443,612,612,612,1,Canceled,0,0,0,2025-11-08 12:24:00,2025-11-08 12:24:00
613,511,547,613,613,613,1,Pending,0,1,0,2025-11-09 12:24:00,2025-11-09 12:24:00
614,627,703,614,614,614,0,Pending,0,0,0,2025-11-10 12:24:00,2025-11-10 12:24:00
615,342,362,615,615,615,0,Confirmed,0,1,0,2025-11-11 12:24:00,2025-11-11 12:24:00
616,801,711,616,616,616,1,Confirmed,0,1,0,2025-11-12 12:24:00,2025-11-12 12:24:00
617,159,77,617,617,617,0,Canceled,0,1,0,2025-11-13 12:24:00,2025-11-13 12:24:00
618,569,916,618,618,618,0,Confirmed,0,0,0,2025-11-14 12:24:00,2025-11-14 12:24:00
619,313,379,619,619,619,0,Confirmed,0,1,0,2025-11-15 12:24:00,2025-11-15 12:24:00
620,499,299,620,620,620,0,Confirmed,1,0,0,2025-11-16 12:24:00,2025-11-16 12:24:00
621,946,752,621,621,621,1,Canceled,0,0,0,2025-11-17 12:24:00,2025-11-17 12:24:00
622,415,268,622,622,622,1,Confirmed,1,0,0,2025-11-18 12:24:00,2025-11-18 12:24:00
623,262,823,623,623,623,0,Pending,1,1,0,2025-11-19 12:24:00,2025-11-19 12:24:00
624,954,461,624,624,624,1,Pending,0,0,0,2025-11-20 12:24:00,2025-11-20 12:24:00
625,313,868,625,625,625,1,Confirmed,0,0,0,2025-11-21 12:24:00,2025-11-21 12:24:00
626,472,803,626,626,626,1,Pending,1,1,0,2025-11-22 12:24:00,2025-11-22 12:24:00
627,294,991,627,627,627,0,Canceled,0,1,0,2025-11-23 12:24:00,2025-11-23 12:24:00
628,652,949,628,628,628,0,Canceled,0,0,0,2025-11-24 12:24:00,2025-11-24 12:24:00
629,486,766,629,629,629,0,Confirmed,0,1,0,2025-11-25 12:24:00,2025-11-25 12:24:00
630,412,580,630,630,630,0,Confirmed,0,1,0,2025-11-26 12:24:00,2025-11-26 12:24:00
631,387,162,631,631,631,0,Canceled,1,0,0,2025-11-27 12:24:00,2025-11-27 12:24:00
632,710,408,632,632,632,0,Pending,0,0,0,2025-11-28 12:24:00,2025-11-28 12:24:00
633,95,407,633,633,633,1,Confirmed,0,0,0,2025-11-29 12:24:00,2025-11-29 12:24:00
634,463,157,634,634,634,1,Pending,1,1,0,2025-11-30 12:24:00,2025-11-30 12:24:00
635,903,859,635,635,635,1,Canceled,1,1,0,2025-12-01 12:24:00,2025-12-01 12:24:00
636,556,339,636,636,636,0,Canceled,1,1,0,2025-12-02 12:24:00,2025-12-02 12:24:00
637,724,524,637,637,637,1,Confirmed,1,1,0,2025-12-03 12:24:00,2025-12-03 12:24:00
638,734,970,638,638,638,1,Confirmed,1,1,0,2025-12-04 12:24:00,2025-12-04 12:24:00
639,771,210,639,639,639,1,Canceled,0,1,0,2025-12-05 12:24:00,2025-12-05 12:24:00
640,177,626,640,640,640,0,Canceled,1,0,0,2025-12-06 12:24:00,2025-12-06 12:24:00
641,502,112,641,641,641,1,Confirmed,1,0,0,2025-12-07 12:24:00,2025-12-07 12:24:00
642,584,942,642,642,642,1,Confirmed,0,1,0,2025-12-08 12:24:00,2025-12-08 12:24:00
643,602,367,643,643,643,0,Canceled,0,1,0,2025-12-09 12:24:00,2025-12-09 12:24:00
644,969,125,644,644,644,1,Pending,0,0,0,2025-12-10 12:24:00,2025-12-10 12:24:00
645,647,614,645,645,645,1,Confirmed,0,1,0,2025-12-11 12:24:00,2025-12-11 12:24:00
646,453,584,646,646,646,0,Confirmed,0,0,0,2025-12-12 12:24:00,2025-12-12 12:24:00
647,596,282,647,647,647,0,Pending,0,0,0,2025-12-13 12:24:00,2025-12-13 12:24:00
648,854,975,648,648,648,1,Pending,1,1,0,2025-12-14 12:24:00,2025-12-14 12:24:00
649,115,54,649,649,649,1,Confirmed,0,0,0,2025-12-15 12:24:00,2025-12-15 12:24:00
650,796,412,650,650,650,0,Canceled,1,1,0,2025-12-16 12:24:00,2025-12-16 12:24:00
651,556,219,651,651,651,0,Confirmed,0,0,0,2025-12-17 12:24:00,2025-12-17 12:24:00
652,941,259,652,652,652,1,Pending,0,0,0,2025-12-18 12:24:00,2025-12-18 12:24:00
653,255,77,653,653,653,0,Confirmed,0,1,0,2025-12-19 12:24:00,2025-12-19 12:24:00
654,29,845,654,654,654,0,Canceled,0,0,0,2025-12-20 12:24:00,2025-12-20 12:24:00
655,890,904,655,655,655,0,Confirmed,1,0,0,2025-12-21 12:24:00,2025-12-21 12:24:00
656,77,755,656,656,656,1,Canceled,1,0,0,2025-12-22 12:24:00,2025-12-22 12:24:00
657,409,258,657,657,657,1,Canceled,0,0,0,2025-12-23 12:24:00,2025-12-23 12:24:00
658,896,89,658,658,658,0,Canceled,1,0,0,2025-12-24 12:24:00,2025-12-24 12:24:00
659,353,348,659,659,659,0,Canceled,1,1,0,2025-12-25 12:24:00,2025-12-25 12:24:00
660,149,790,660,660,660,0,Pending,1,0,0,2025-12-26 12:24:00,2025-12-26 12:24:00
661,623,998,661,661,661,1,Pending,0,1,0,2025-12-27 12:24:00,2025-12-27 12:24:00
662,410,846,662,662,662,0,Canceled,1,1,0,2025-12-28 12:24:00,2025-12-28 12:24:00
663,452,47,663,663,663,1,Canceled,0,0,0,2025-12-29 12:24:00,2025-12-29 12:24:00
664,171,149,664,664,664,0,Pending,0,0,0,2025-12-30 12:24:00,2025-12-30 12:24:00
665,611,545,665,665,665,0,Confirmed,0,1,0,2025-12-31 12:24:00,2025-12-31 12:24:00
666,117,259,666,666,666,1,Pending,1,1,0,2026-01-01 12:24:00,2026-01-01 12:24:00
667,837,852,667,667,667,0,Canceled,0,1,0,2026-01-02 12:24:00,2026-01-02 12:24:00
668,894,782,668,668,668,0,Pending,1,0,0,2026-01-03 12:24:00,2026-01-03 12:24:00
669,264,69,669,669,669,1,Pending,1,1,0,2026-01-04 12:24:00,2026-01-04 12:24:00
670,214,378,670,670,670,0,Canceled,1,1,0,2026-01-05 12:24:00,2026-01-05 12:24:00
671,876,932,671,671,671,0,Pending,1,0,0,2026-01-06 12:24:00,2026-01-06 12:24:00
672,199,350,672,672,672,0,Canceled,1,0,0,2026-01-07 12:24:00,2026-01-07 12:24:00
673,459,410,673,673,673,1,Pending,0,0,0,2026-01-08 12:24:00,2026-01-08 12:24:00
674,436,824,674,674,674,1,Confirmed,0,1,0,2026-01-09 12:24:00,2026-01-09 12:24:00
675,893,670,675,675,675,1,Canceled,1,1,0,2026-01-10 12:24:00,2026-01-10 12:24:00
676,62,340,676,676,676,0,Confirmed,1,0,0,2026-01-11 12:24:00,2026-01-11 12:24:00
677,880,343,677,677,677,1,Confirmed,1,1,0,2026-01-12 12:24:00,2026-01-12 12:24:00
678,78,961,678,678,678,0,Canceled,1,0,0,2026-01-13 12:24:00,2026-01-13 12:24:00
679,963,394,679,679,679,1,Canceled,1,0,0,2026-01-14 12:24:00,2026-01-14 12:24:00
680,162,706,680,680,680,0,Pending,1,1,0,2026-01-15 12:24:00,2026-01-15 12:24:00
681,201,940,681,681,681,1,Confirmed,1,0,0,2026-01-16 12:24:00,2026-01-16 12:24:00
682,878,972,682,682,682,1,Pending,1,0,0,2026-01-17 12:24:00,2026-01-17 12:24:00
683,328,826,683,683,683,1,Canceled,0,0,0,2026-01-18 12:24:00,2026-01-18 12:24:00
684,282,348,684,684,684,1,Pending,1,0,0,2026-01-19 12:24:00,2026-01-19 12:24:00
685,808,210,685,685,685,1,Pending,0,1,0,2026-01-20 12:24:00,2026-01-20 12:24:00
686,621,773,686,686,686,0,Confirmed,1,0,0,2026-01-21 12:24:00,2026-01-21 12:24:00
687,216,805,687,687,687,1,Pending,0,1,0,2026-01-22 12:24:00,2026-01-22 12:24:00
688,718,155,688,688,688,0,Pending,0,1,0,2026-01-23 12:24:00,2026-01-23 12:24:00
689,459,614,689,689,689,0,Confirmed,1,0,0,2026-01-24 12:24:00,2026-01-24 12:24:00
690,226,297,690,690,690,0,Pending,0,0,0,2026-01-25 12:24:00,2026-01-25 12:24:00
691,247,665,691,691,691,0,Canceled,0,0,0,2026-01-26 12:24:00,2026-01-26 12:24:00
692,423,775,692,692,692,0,Confirmed,1,0,0,2026-01-27 12:24:00,2026-01-27 12:24:00
693,550,480,693,693,693,1,Canceled,1,0,0,2026-01-28 12:24:00,2026-01-28 12:24:00
694,682,800,694,694,694,0,Canceled,1,1,0,2026-01-29 12:24:00,2026-01-29 12:24:00
695,50,813,695,695,695,0,Confirmed,1,0,0,2026-01-30 12:24:00,2026-01-30 12:24:00
696,344,991,696,696,696,0,Pending,0,0,0,2026-01-31 12:24:00,2026-01-31 12:24:00
697,369,995,697,697,697,1,Pending,1,0,0,2026-02-01 12:24:00,2026-02-01 12:24:00
698,437,708,698,698,698,0,Pending,1,0,0,2026-02-02 12:24:00,2026-02-02 12:24:00
699,754,985,699,699,699,1,Canceled,1,1,0,2026-02-03 12:24:00,2026-02-03 12:24:00
700,243,502,700,700,700,0,Confirmed,0,1,0,2026-02-04 12:24:00,2026-02-04 12:24:00
701,71,720,701,701,701,1,Pending,1,1,0,2026-02-05 12:24:00,2026-02-05 12:24:00
702,301,56,702,702,702,0,Confirmed,1,0,0,2026-02-06 12:24:00,2026-02-06 12:24:00
703,368,466,703,703,703,0,Confirmed,1,1,0,2026-02-07 12:24:00,2026-02-07 12:24:00
704,55,47,704,704,704,1,Confirmed,1,1,0,2026-02-08 12:24:00,2026-02-08 12:24:00
705,40,364,705,705,705,0,Canceled,0,1,0,2026-02-09 12:24:00,2026-02-09 12:24:00
706,161,906,706,706,706,0,Pending,0,1,0,2026-02-10 12:24:00,2026-02-10 12:24:00
707,651,144,707,707,707,0,Canceled,0,0,0,2026-02-11 12:24:00,2026-02-11 12:24:00
708,938,629,708,708,708,0,Canceled,0,1,0,2026-02-12 12:24:00,2026-02-12 12:24:00
709,373,236,709,709,709,1,Pending,1,0,0,2026-02-13 12:24:00,2026-02-13 12:24:00
710,480,354,710,710,710,1,Canceled,0,0,0,2026-02-14 12:24:00,2026-02-14 12:24:00
711,7,955,711,711,711,0,Pending,1,1,0,2026-02-15 12:24:00,2026-02-15 12:24:00
712,70,213,712,712,712,1,Confirmed,0,0,0,2026-02-16 12:24:00,2026-02-16 12:24:00
713,214,212,713,713,713,1,Canceled,1,0,0,2026-02-17 12:24:00,2026-02-17 12:24:00
714,916,379,714,714,714,1,Canceled,1,1,0,2026-02-18 12:24:00,2026-02-18 12:24:00
715,559,946,715,715,715,1,Confirmed,1,1,0,2026-02-19 12:24:00,2026-02-19 12:24:00
716,628,591,716,716,716,1,Confirmed,0,1,0,2026-02-20 12:24:00,2026-02-20 12:24:00
717,390,557,717,717,717,1,Pending,0,1,0,2026-02-21 12:24:00,2026-02-21 12:24:00
718,968,657,718,718,718,1,Pending,1,1,0,2026-02-22 12:24:00,2026-02-22 12:24:00
719,6,24,719,719,719,0,Canceled,1,1,0,2026-02-23 12:24:00,2026-02-23 12:24:00
720,616,628,720,720,720,1,Canceled,0,1,0,2026-02-24 12:24:00,2026-02-24 12:24:00
721,326,170,721,721,721,1,Confirmed,1,1,0,2026-02-25 12:24:00,2026-02-25 12:24:00
722,54,409,722,722,722,1,Pending,1,0,0,2026-02-26 12:24:00,2026-02-26 12:24:00
723,594,549,723,723,723,1,Pending,0,1,0,2026-02-27 12:24:00,2026-02-27 12:24:00
724,40,943,724,724,724,1,Canceled,1,0,0,2026-02-28 12:24:00,2026-02-28 12:24:00
725,600,96,725,725,725,0,Confirmed,1,1,0,2026-03-01 12:24:00,2026-03-01 12:24:00
726,159,836,726,726,726,1,Pending,1,1,0,2026-03-02 12:24:00,2026-03-02 12:24:00
727,39,389,727,727,727,0,Confirmed,1,1,0,2026-03-03 12:24:00,2026-03-03 12:24:00
728,621,536,728,728,728,1,Canceled,0,0,0,2026-03-04 12:24:00,2026-03-04 12:24:00
729,577,514,729,729,729,1,Canceled,1,1,0,2026-03-05 12:24:00,2026-03-05 12:24:00
730,702,253,730,730,730,1,Pending,0,1,0,2026-03-06 12:24:00,2026-03-06 12:24:00
731,1000,628,731,731,731,0,Pending,0,1,0,2026-03-07 12:24:00,2026-03-07 12:24:00
732,809,817,732,732,732,1,Pending,1,0,0,2026-03-08 12:24:00,2026-03-08 12:24:00
733,621,626,733,733,733,0,Canceled,0,1,0,2026-03-09 12:24:00,2026-03-09 12:24:00
734,774,857,734,734,734,0,Canceled,1,0,0,2026-03-10 12:24:00,2026-03-10 12:24:00
735,54,654,735,735,735,1,Confirmed,0,0,0,2026-03-11 12:24:00,2026-03-11 12:24:00
736,608,843,736,736,736,1,Canceled,0,1,0,2026-03-12 12:24:00,2026-03-12 12:24:00
737,10,912,737,737,737,0,Confirmed,1,1,0,2026-03-13 12:24:00,2026-03-13 12:24:00
738,726,132,738,738,738,1,Confirmed,0,0,0,2026-03-14 12:24:00,2026-03-14 12:24:00
739,302,973,739,739,739,1,Canceled,0,0,0,2026-03-15 12:24:00,2026-03-15 12:24:00
740,513,617,740,740,740,0,Canceled,0,1,0,2026-03-16 12:24:00,2026-03-16 12:24:00
741,735,256,741,741,741,1,Canceled,0,0,0,2026-03-17 12:24:00,2026-03-17 12:24:00
742,277,546,742,742,742,1,Confirmed,1,0,0,2026-03-18 12:24:00,2026-03-18 12:24:00
743,71,557,743,743,743,0,Canceled,1,0,0,2026-03-19 12:24:00,2026-03-19 12:24:00
744,827,641,744,744,744,1,Canceled,0,0,0,2026-03-20 12:24:00,2026-03-20 12:24:00
745,912,313,745,745,745,1,Confirmed,1,0,0,2026-03-21 12:24:00,2026-03-21 12:24:00
746,194,810,746,746,746,0,Pending,1,1,0,2026-03-22 12:24:00,2026-03-22 12:24:00
747,294,463,747,747,747,0,Pending,0,0,0,2026-03-23 12:24:00,2026-03-23 12:24:00
748,531,429,748,748,748,1,Confirmed,0,0,0,2026-03-24 12:24:00,2026-03-24 12:24:00
749,721,95,749,749,749,0,Canceled,1,0,0,2026-03-25 12:24:00,2026-03-25 12:24:00
750,541,170,750,750,750,0,Canceled,1,0,0,2026-03-26 12:24:00,2026-03-26 12:24:00
751,931,168,751,751,751,1,Pending,0,0,0,2026-03-27 12:24:00,2026-03-27 12:24:00
752,472,672,752,752,752,0,Pending,0,1,0,2026-03-28 12:24:00,2026-03-28 12:24:00
753,220,116,753,753,753,0,Canceled,1,1,0,2026-03-29 12:24:00,2026-03-29 12:24:00
754,706,198,754,754,754,0,Pending,0,1,0,2026-03-30 12:24:00,2026-03-30 12:24:00
755,294,99,755,755,755,0,Confirmed,1,1,0,2026-03-31 12:24:00,2026-03-31 12:24:00
756,880,684,756,756,756,1,Canceled,0,0,0,2026-04-01 12:24:00,2026-04-01 12:24:00
757,422,895,757,757,757,1,Pending,1,1,0,2026-04-02 12:24:00,2026-04-02 12:24:00
758,870,462,758,758,758,0,Canceled,1,0,0,2026-04-03 12:24:00,2026-04-03 12:24:00
759,217,725,759,759,759,0,Canceled,0,1,0,2026-04-04 12:24:00,2026-04-04 12:24:00
760,18,412,760,760,760,0,Confirmed,1,0,0,2026-04-05 12:24:00,2026-04-05 12:24:00
761,977,849,761,761,761,1,Canceled,1,0,0,2026-04-06 12:24:00,2026-04-06 12:24:00
762,480,194,762,762,762,1,Confirmed,1,0,0,2026-04-07 12:24:00,2026-04-07 12:24:00
763,233,461,763,763,763,1,Canceled,1,1,0,2026-04-08 12:24:00,2026-04-08 12:24:00
764,481,81,764,764,764,0,Pending,0,0,0,2026-04-09 12:24:00,2026-04-09 12:24:00
765,169,73,765,765,765,0,Confirmed,0,1,0,2026-04-10 12:24:00,2026-04-10 12:24:00
766,773,860,766,766,766,1,Pending,0,1,0,2026-04-11 12:24:00,2026-04-11 12:24:00
767,630,90,767,767,767,0,Pending,0,1,0,2026-04-12 12:24:00,2026-04-12 12:24:00
768,181,136,768,768,768,0,Pending,1,0,0,2026-04-13 12:24:00,2026-04-13 12:24:00
769,618,563,769,769,769,0,Pending,0,0,0,2026-04-14 12:24:00,2026-04-14 12:24:00
770,627,677,770,770,770,1,Pending,1,1,0,2026-04-15 12:24:00,2026-04-15 12:24:00
771,330,179,771,771,771,0,Pending,0,0,0,2026-04-16 12:24:00,2026-04-16 12:24:00
772,212,710,772,772,772,0,Canceled,0,0,0,2026-04-17 12:24:00,2026-04-17 12:24:00
773,410,151,773,773,773,0,Confirmed,0,1,0,2026-04-18 12:24:00,2026-04-18 12:24:00
774,470,305,774,774,774,1,Confirmed,1,0,0,2026-04-19 12:24:00,2026-04-19 12:24:00
775,916,189,775,775,775,0,Confirmed,0,0,0,2026-04-20 12:24:00,2026-04-20 12:24:00
776,428,777,776,776,776,0,Canceled,1,1,0,2026-04-21 12:24:00,2026-04-21 12:24:00
777,79,592,777,777,777,0,Confirmed,0,0,0,2026-04-22 12:24:00,2026-04-22 12:24:00
778,555,203,778,778,778,0,Confirmed,0,0,0,2026-04-23 12:24:00,2026-04-23 12:24:00
779,523,973,779,779,779,0,Confirmed,1,1,0,2026-04-24 12:24:00,2026-04-24 12:24:00
780,18,787,780,780,780,1,Confirmed,0,1,0,2026-04-25 12:24:00,2026-04-25 12:24:00
781,81,202,781,781,781,0,Pending,0,0,0,2026-04-26 12:24:00,2026-04-26 12:24:00
782,855,519,782,782,782,1,Pending,1,0,0,2026-04-27 12:24:00,2026-04-27 12:24:00
783,270,300,783,783,783,0,Confirmed,1,1,0,2026-04-28 12:24:00,2026-04-28 12:24:00
784,123,723,784,784,784,0,Canceled,0,0,0,2026-04-29 12:24:00,2026-04-29 12:24:00
785,528,638,785,785,785,0,Canceled,0,1,0,2026-04-30 12:24:00,2026-04-30 12:24:00
786,673,803,786,786,786,0,Canceled,1,1,0,2026-05-01 12:24:00,2026-05-01 12:24:00
787,589,384,787,787,787,0,Confirmed,1,1,0,2026-05-02 12:24:00,2026-05-02 12:24:00
788,924,152,788,788,788,0,Pending,1,1,0,2026-05-03 12:24:00,2026-05-03 12:24:00
789,442,437,789,789,789,0,Canceled,1,1,0,2026-05-04 12:24:00,2026-05-04 12:24:00
790,316,354,790,790,790,0,Canceled,0,1,0,2026-05-05 12:24:00,2026-05-05 12:24:00
791,710,666,791,791,791,0,Confirmed,1,1,0,2026-05-06 12:24:00,2026-05-06 12:24:00
792,94,627,792,792,792,1,Canceled,1,0,0,2026-05-07 12:24:00,2026-05-07 12:24:00
793,154,747,793,793,793,0,Pending,0,1,0,2026-05-08 12:24:00,2026-05-08 12:24:00
794,174,419,794,794,794,0,Confirmed,1,1,0,2026-05-09 12:24:00,2026-05-09 12:24:00
795,305,776,795,795,795,1,Canceled,1,1,0,2026-05-10 12:24:00,2026-05-10 12:24:00
796,510,621,796,796,796,1,Pending,0,0,0,2026-05-11 12:24:00,2026-05-11 12:24:00
797,118,393,797,797,797,0,Pending,0,0,0,2026-05-12 12:24:00,2026-05-12 12:24:00
798,818,120,798,798,798,0,Pending,0,1,0,2026-05-13 12:24:00,2026-05-13 12:24:00
799,522,689,799,799,799,0,Canceled,0,0,0,2026-05-14 12:24:00,2026-05-14 12:24:00
800,985,940,800,800,800,1,Canceled,0,0,0,2026-05-15 12:24:00,2026-05-15 12:24:00
801,294,550,801,801,801,0,Canceled,0,0,0,2026-05-16 12:24:00,2026-05-16 12:24:00
802,948,491,802,802,802,1,Pending,0,1,0,2026-05-17 12:24:00,2026-05-17 12:24:00
803,175,701,803,803,803,0,Confirmed,0,1,0,2026-05-18 12:24:00,2026-05-18 12:24:00
804,613,905,804,804,804,1,Pending,1,1,0,2026-05-19 12:24:00,2026-05-19 12:24:00
805,934,826,805,805,805,1,Pending,1,1,0,2026-05-20 12:24:00,2026-05-20 12:24:00
806,810,700,806,806,806,1,Confirmed,1,0,0,2026-05-21 12:24:00,2026-05-21 12:24:00
807,739,28,807,807,807,0,Confirmed,1,1,0,2026-05-22 12:24:00,2026-05-22 12:24:00
808,105,548,808,808,808,0,Pending,1,1,0,2026-05-23 12:24:00,2026-05-23 12:24:00
809,535,516,809,809,809,1,Confirmed,0,0,0,2026-05-24 12:24:00,2026-05-24 12:24:00
810,530,678,810,810,810,0,Pending,0,1,0,2026-05-25 12:24:00,2026-05-25 12:24:00
811,437,377,811,811,811,1,Canceled,1,0,0,2026-05-26 12:24:00,2026-05-26 12:24:00
812,819,568,812,812,812,1,Pending,1,1,0,2026-05-27 12:24:00,2026-05-27 12:24:00
813,683,658,813,813,813,1,Confirmed,1,1,0,2026-05-28 12:24:00,2026-05-28 12:24:00
814,171,626,814,814,814,1,Canceled,0,0,0,2026-05-29 12:24:00,2026-05-29 12:24:00
815,467,42,815,815,815,0,Confirmed,0,0,0,2026-05-30 12:24:00,2026-05-30 12:24:00
816,164,500,816,816,816,1,Canceled,1,1,0,2026-05-31 12:24:00,2026-05-31 12:24:00
817,949,433,817,817,817,0,Pending,0,1,0,2026-06-01 12:24:00,2026-06-01 12:24:00
818,826,957,818,818,818,0,Confirmed,1,1,0,2026-06-02 12:24:00,2026-06-02 12:24:00
819,874,971,819,819,819,0,Canceled,0,1,0,2026-06-03 12:24:00,2026-06-03 12:24:00
820,872,744,820,820,820,1,Canceled,0,1,0,2026-06-04 12:24:00,2026-06-04 12:24:00
821,184,748,821,821,821,1,Canceled,0,0,0,2026-06-05 12:24:00,2026-06-05 12:24:00
822,226,143,822,822,822,1,Canceled,0,1,0,2026-06-06 12:24:00,2026-06-06 12:24:00
823,206,336,823,823,823,0,Pending,0,1,0,2026-06-07 12:24:00,2026-06-07 12:24:00
824,110,695,824,824,824,1,Canceled,0,0,0,2026-06-08 12:24:00,2026-06-08 12:24:00
825,64,240,825,825,825,1,Canceled,0,1,0,2026-06-09 12:24:00,2026-06-09 12:24:00
826,226,656,826,826,826,1,Pending,1,1,0,2026-06-10 12:24:00,2026-06-10 12:24:00
827,888,270,827,827,827,0,Confirmed,0,1,0,2026-06-11 12:24:00,2026-06-11 12:24:00
828,18,506,828,828,828,0,Canceled,0,1,0,2026-06-12 12:24:00,2026-06-12 12:24:00
829,441,866,829,829,829,1,Confirmed,0,0,0,2026-06-13 12:24:00,2026-06-13 12:24:00
830,617,91,830,830,830,1,Pending,1,1,0,2026-06-14 12:24:00,2026-06-14 12:24:00
831,995,496,831,831,831,0,Canceled,0,0,0,2026-06-15 12:24:00,2026-06-15 12:24:00
832,38,699,832,832,832,1,Confirmed,0,0,0,2026-06-16 12:24:00,2026-06-16 12:24:00
833,727,72,833,833,833,1,Confirmed,1,1,0,2026-06-17 12:24:00,2026-06-17 12:24:00
834,59,444,834,834,834,0,Pending,1,1,0,2026-06-18 12:24:00,2026-06-18 12:24:00
835,648,521,835,835,835,0,Canceled,0,1,0,2026-06-19 12:24:00,2026-06-19 12:24:00
836,643,581,836,836,836,1,Canceled,1,0,0,2026-06-20 12:24:00,2026-06-20 12:24:00
837,773,663,837,837,837,0,Canceled,1,0,0,2026-06-21 12:24:00,2026-06-21 12:24:00
838,45,314,838,838,838,1,Pending,1,0,0,2026-06-22 12:24:00,2026-06-22 12:24:00
839,899,443,839,839,839,1,Canceled,1,1,0,2026-06-23 12:24:00,2026-06-23 12:24:00
840,288,635,840,840,840,0,Pending,0,0,0,2026-06-24 12:24:00,2026-06-24 12:24:00
841,273,475,841,841,841,0,Confirmed,1,0,0,2026-06-25 12:24:00,2026-06-25 12:24:00
842,664,993,842,842,842,0,Canceled,0,0,0,2026-06-26 12:24:00,2026-06-26 12:24:00
843,616,112,843,843,843,0,Pending,0,1,0,2026-06-27 12:24:00,2026-06-27 12:24:00
844,798,635,844,844,844,1,Confirmed,0,0,0,2026-06-28 12:24:00,2026-06-28 12:24:00
845,724,595,845,845,845,0,Canceled,1,1,0,2026-06-29 12:24:00,2026-06-29 12:24:00
846,930,88,846,846,846,0,Pending,0,1,0,2026-06-30 12:24:00,2026-06-30 12:24:00
847,688,792,847,847,847,0,Confirmed,1,1,0,2026-07-01 12:24:00,2026-07-01 12:24:00
848,625,242,848,848,848,0,Canceled,0,0,0,2026-07-02 12:24:00,2026-07-02 12:24:00
849,455,285,849,849,849,1,Pending,1,0,0,2026-07-03 12:24:00,2026-07-03 12:24:00
850,795,399,850,850,850,0,Confirmed,1,0,0,2026-07-04 12:24:00,2026-07-04 12:24:00
851,864,692,851,851,851,1,Pending,1,1,0,2026-07-05 12:24:00,2026-07-05 12:24:00
852,255,40,852,852,852,1,Canceled,0,0,0,2026-07-06 12:24:00,2026-07-06 12:24:00
853,423,674,853,853,853,1,Canceled,0,0,0,2026-07-07 12:24:00,2026-07-07 12:24:00
854,881,512,854,854,854,0,Confirmed,1,0,0,2026-07-08 12:24:00,2026-07-08 12:24:00
855,862,131,855,855,855,0,Confirmed,0,0,0,2026-07-09 12:24:00,2026-07-09 12:24:00
856,382,970,856,856,856,0,Confirmed,1,1,0,2026-07-10 12:24:00,2026-07-10 12:24:00
857,508,33,857,857,857,0,Canceled,1,1,0,2026-07-11 12:24:00,2026-07-11 12:24:00
858,880,570,858,858,858,0,Canceled,0,0,0,2026-07-12 12:24:00,2026-07-12 12:24:00
859,995,660,859,859,859,0,Canceled,1,1,0,2026-07-13 12:24:00,2026-07-13 12:24:00
860,750,700,860,860,860,0,Canceled,0,0,0,2026-07-14 12:24:00,2026-07-14 12:24:00
861,913,252,861,861,861,1,Canceled,1,0,0,2026-07-15 12:24:00,2026-07-15 12:24:00
862,546,454,862,862,862,0,Confirmed,1,0,0,2026-07-16 12:24:00,2026-07-16 12:24:00
863,930,610,863,863,863,1,Pending,1,0,0,2026-07-17 12:24:00,2026-07-17 12:24:00
864,498,879,864,864,864,0,Canceled,1,0,0,2026-07-18 12:24:00,2026-07-18 12:24:00
865,485,375,865,865,865,1,Canceled,0,0,0,2026-07-19 12:24:00,2026-07-19 12:24:00
866,296,434,866,866,866,1,Canceled,0,0,0,2026-07-20 12:24:00,2026-07-20 12:24:00
867,517,580,867,867,867,1,Pending,0,0,0,2026-07-21 12:24:00,2026-07-21 12:24:00
868,455,575,868,868,868,0,Canceled,1,1,0,2026-07-22 12:24:00,2026-07-22 12:24:00
869,996,390,869,869,869,1,Canceled,1,0,0,2026-07-23 12:24:00,2026-07-23 12:24:00
870,487,980,870,870,870,1,Canceled,1,1,0,2026-07-24 12:24:00,2026-07-24 12:24:00
871,370,776,871,871,871,1,Confirmed,1,0,0,2026-07-25 12:24:00,2026-07-25 12:24:00
872,895,745,872,872,872,0,Canceled,1,0,0,2026-07-26 12:24:00,2026-07-26 12:24:00
873,968,738,873,873,873,1,Confirmed,0,1,0,2026-07-27 12:24:00,2026-07-27 12:24:00
874,744,424,874,874,874,0,Confirmed,0,1,0,2026-07-28 12:24:00,2026-07-28 12:24:00
875,156,844,875,875,875,1,Pending,1,0,0,2026-07-29 12:24:00,2026-07-29 12:24:00
876,248,101,876,876,876,1,Canceled,0,0,0,2026-07-30 12:24:00,2026-07-30 12:24:00
877,115,313,877,877,877,1,Confirmed,1,1,0,2026-07-31 12:24:00,2026-07-31 12:24:00
878,496,471,878,878,878,1,Pending,1,1,0,2026-08-01 12:24:00,2026-08-01 12:24:00
879,786,468,879,879,879,0,Confirmed,1,1,0,2026-08-02 12:24:00,2026-08-02 12:24:00
880,780,283,880,880,880,0,Pending,1,1,0,2026-08-03 12:24:00,2026-08-03 12:24:00
881,538,229,881,881,881,0,Canceled,1,0,0,2026-08-04 12:24:00,2026-08-04 12:24:00
882,499,656,882,882,882,0,Canceled,1,1,0,2026-08-05 12:24:00,2026-08-05 12:24:00
883,769,602,883,883,883,1,Confirmed,1,1,0,2026-08-06 12:24:00,2026-08-06 12:24:00
884,29,177,884,884,884,1,Confirmed,1,0,0,2026-08-07 12:24:00,2026-08-07 12:24:00
885,192,771,885,885,885,0,Canceled,1,1,0,2026-08-08 12:24:00,2026-08-08 12:24:00
886,279,684,886,886,886,1,Canceled,1,1,0,2026-08-09 12:24:00,2026-08-09 12:24:00
887,749,172,887,887,887,0,Pending,0,0,0,2026-08-10 12:24:00,2026-08-10 12:24:00
888,375,120,888,888,888,0,Pending,1,1,0,2026-08-11 12:24:00,2026-08-11 12:24:00
889,647,381,889,889,889,1,Confirmed,0,1,0,2026-08-12 12:24:00,2026-08-12 12:24:00
890,549,209,890,890,890,1,Pending,1,0,0,2026-08-13 12:24:00,2026-08-13 12:24:00
891,803,792,891,891,891,0,Confirmed,0,1,0,2026-08-14 12:24:00,2026-08-14 12:24:00
892,60,491,892,892,892,1,Pending,1,0,0,2026-08-15 12:24:00,2026-08-15 12:24:00
893,559,358,893,893,893,0,Canceled,0,0,0,2026-08-16 12:24:00,2026-08-16 12:24:00
894,437,900,894,894,894,1,Confirmed,1,0,0,2026-08-17 12:24:00,2026-08-17 12:24:00
895,769,34,895,895,895,0,Pending,1,1,0,2026-08-18 12:24:00,2026-08-18 12:24:00
896,927,683,896,896,896,0,Pending,1,0,0,2026-08-19 12:24:00,2026-08-19 12:24:00
897,695,311,897,897,897,1,Confirmed,1,1,0,2026-08-20 12:24:00,2026-08-20 12:24:00
898,997,752,898,898,898,1,Pending,1,1,0,2026-08-21 12:24:00,2026-08-21 12:24:00
899,454,419,899,899,899,1,Canceled,0,0,0,2026-08-22 12:24:00,2026-08-22 12:24:00
900,817,300,900,900,900,1,Confirmed,0,0,0,2026-08-23 12:24:00,2026-08-23 12:24:00
901,110,289,901,901,901,1,Pending,1,1,0,2026-08-24 12:24:00,2026-08-24 12:24:00
902,971,459,902,902,902,0,Canceled,1,1,0,2026-08-25 12:24:00,2026-08-25 12:24:00
903,734,733,903,903,903,0,Canceled,1,1,0,2026-08-26 12:24:00,2026-08-26 12:24:00
904,963,19,904,904,904,0,Pending,1,1,0,2026-08-27 12:24:00,2026-08-27 12:24:00
905,899,605,905,905,905,0,Confirmed,1,0,0,2026-08-28 12:24:00,2026-08-28 12:24:00
906,934,233,906,906,906,0,Confirmed,0,1,0,2026-08-29 12:24:00,2026-08-29 12:24:00
907,389,618,907,907,907,1,Confirmed,1,1,0,2026-08-30 12:24:00,2026-08-30 12:24:00
908,859,432,908,908,908,1,Canceled,1,1,0,2026-08-31 12:24:00,2026-08-31 12:24:00
909,426,745,909,909,909,1,Canceled,1,1,0,2026-09-01 12:24:00,2026-09-01 12:24:00
910,794,730,910,910,910,1,Pending,0,1,0,2026-09-02 12:24:00,2026-09-02 12:24:00
911,919,634,911,911,911,0,Pending,0,0,0,2026-09-03 12:24:00,2026-09-03 12:24:00
912,332,776,912,912,912,1,Confirmed,1,1,0,2026-09-04 12:24:00,2026-09-04 12:24:00
913,674,301,913,913,913,1,Canceled,1,0,0,2026-09-05 12:24:00,2026-09-05 12:24:00
914,257,173,914,914,914,0,Pending,1,1,0,2026-09-06 12:24:00,2026-09-06 12:24:00
915,865,609,915,915,915,0,Confirmed,1,0,0,2026-09-07 12:24:00,2026-09-07 12:24:00
916,240,272,916,916,916,0,Pending,1,1,0,2026-09-08 12:24:00,2026-09-08 12:24:00
917,536,698,917,917,917,0,Pending,0,1,0,2026-09-09 12:24:00,2026-09-09 12:24:00
918,82,186,918,918,918,0,Pending,0,1,0,2026-09-10 12:24:00,2026-09-10 12:24:00
919,907,322,919,919,919,1,Confirmed,1,1,0,2026-09-11 12:24:00,2026-09-11 12:24:00
920,243,585,920,920,920,0,Confirmed,0,0,0,2026-09-12 12:24:00,2026-09-12 12:24:00
921,352,265,921,921,921,0,Pending,0,1,0,2026-09-13 12:24:00,2026-09-13 12:24:00
922,449,289,922,922,922,1,Pending,1,0,0,2026-09-14 12:24:00,2026-09-14 12:24:00
923,616,619,923,923,923,1,Pending,1,1,0,2026-09-15 12:24:00,2026-09-15 12:24:00
924,590,742,924,924,924,0,Canceled,1,0,0,2026-09-16 12:24:00,2026-09-16 12:24:00
925,367,930,925,925,925,0,Pending,0,0,0,2026-09-17 12:24:00,2026-09-17 12:24:00
926,524,497,926,926,926,1,Confirmed,1,0,0,2026-09-18 12:24:00,2026-09-18 12:24:00
927,364,775,927,927,927,1,Pending,1,0,0,2026-09-19 12:24:00,2026-09-19 12:24:00
928,876,394,928,928,928,1,Canceled,0,0,0,2026-09-20 12:24:00,2026-09-20 12:24:00
929,173,152,929,929,929,0,Canceled,0,1,0,2026-09-21 12:24:00,2026-09-21 12:24:00
930,357,340,930,930,930,0,Canceled,0,1,0,2026-09-22 12:24:00,2026-09-22 12:24:00
931,644,449,931,931,931,1,Confirmed,1,0,0,2026-09-23 12:24:00,2026-09-23 12:24:00
932,509,376,932,932,932,0,Pending,1,1,0,2026-09-24 12:24:00,2026-09-24 12:24:00
933,175,406,933,933,933,1,Confirmed,0,0,0,2026-09-25 12:24:00,2026-09-25 12:24:00
934,528,127,934,934,934,0,Confirmed,0,1,0,2026-09-26 12:24:00,2026-09-26 12:24:00
935,771,161,935,935,935,0,Canceled,1,1,0,2026-09-27 12:24:00,2026-09-27 12:24:00
936,757,537,936,936,936,0,Canceled,0,1,0,2026-09-28 12:24:00,2026-09-28 12:24:00
937,312,293,937,937,937,1,Canceled,1,1,0,2026-09-29 12:24:00,2026-09-29 12:24:00
938,235,475,938,938,938,1,Canceled,1,0,0,2026-09-30 12:24:00,2026-09-30 12:24:00
939,585,459,939,939,939,1,Pending,0,1,0,2026-10-01 12:24:00,2026-10-01 12:24:00
940,159,3,940,940,940,1,Pending,1,1,0,2026-10-02 12:24:00,2026-10-02 12:24:00
941,974,115,941,941,941,1,Canceled,0,1,0,2026-10-03 12:24:00,2026-10-03 12:24:00
942,568,306,942,942,942,0,Canceled,0,1,0,2026-10-04 12:24:00,2026-10-04 12:24:00
943,320,152,943,943,943,1,Pending,0,1,0,2026-10-05 12:24:00,2026-10-05 12:24:00
944,61,429,944,944,944,1,Confirmed,0,0,0,2026-10-06 12:24:00,2026-10-06 12:24:00
945,401,548,945,945,945,1,Pending,0,1,0,2026-10-07 12:24:00,2026-10-07 12:24:00
946,61,451,946,946,946,1,Pending,0,0,0,2026-10-08 12:24:00,2026-10-08 12:24:00
947,940,610,947,947,947,1,Pending,0,0,0,2026-10-09 12:24:00,2026-10-09 12:24:00
948,908,690,948,948,948,0,Canceled,0,1,0,2026-10-10 12:24:00,2026-10-10 12:24:00
949,493,542,949,949,949,1,Pending,0,0,0,2026-10-11 12:24:00,2026-10-11 12:24:00
950,609,916,950,950,950,0,Pending,1,1,0,2026-10-12 12:24:00,2026-10-12 12:24:00
951,91,706,951,951,951,0,Confirmed,1,0,0,2026-10-13 12:24:00,2026-10-13 12:24:00
952,356,228,952,952,952,1,Confirmed,1,1,0,2026-10-14 12:24:00,2026-10-14 12:24:00
953,747,788,953,953,953,1,Pending,1,1,0,2026-10-15 12:24:00,2026-10-15 12:24:00
954,334,410,954,954,954,0,Pending,0,1,0,2026-10-16 12:24:00,2026-10-16 12:24:00
955,889,646,955,955,955,0,Pending,1,0,0,2026-10-17 12:24:00,2026-10-17 12:24:00
956,573,170,956,956,956,1,Confirmed,0,0,0,2026-10-18 12:24:00,2026-10-18 12:24:00
957,404,563,957,957,957,0,Pending,0,1,0,2026-10-19 12:24:00,2026-10-19 12:24:00
958,748,521,958,958,958,0,Pending,0,1,0,2026-10-20 12:24:00,2026-10-20 12:24:00
959,400,201,959,959,959,0,Canceled,1,1,0,2026-10-21 12:24:00,2026-10-21 12:24:00
960,4,559,960,960,960,1,Confirmed,0,0,0,2026-10-22 12:24:00,2026-10-22 12:24:00
961,623,756,961,961,961,1,Pending,0,1,0,2026-10-23 12:24:00,2026-10-23 12:24:00
962,719,562,962,962,962,1,Canceled,0,0,0,2026-10-24 12:24:00,2026-10-24 12:24:00
963,617,421,963,963,963,0,Confirmed,1,0,0,2026-10-25 12:24:00,2026-10-25 12:24:00
964,521,168,964,964,964,1,Confirmed,0,1,0,2026-10-26 12:24:00,2026-10-26 12:24:00
965,586,147,965,965,965,1,Pending,0,1,0,2026-10-27 12:24:00,2026-10-27 12:24:00
966,678,909,966,966,966,1,Pending,1,0,0,2026-10-28 12:24:00,2026-10-28 12:24:00
967,349,464,967,967,967,0,Canceled,0,1,0,2026-10-29 12:24:00,2026-10-29 12:24:00
968,180,975,968,968,968,1,Confirmed,1,0,0,2026-10-30 12:24:00,2026-10-30 12:24:00
969,446,97,969,969,969,1,Canceled,1,1,0,2026-10-31 12:24:00,2026-10-31 12:24:00
970,702,39,970,970,970,1,Pending,1,1,0,2026-11-01 12:24:00,2026-11-01 12:24:00
971,712,711,971,971,971,0,Pending,1,0,0,2026-11-02 12:24:00,2026-11-02 12:24:00
972,794,161,972,972,972,0,Canceled,1,0,0,2026-11-03 12:24:00,2026-11-03 12:24:00
973,82,432,973,973,973,1,Canceled,0,1,0,2026-11-04 12:24:00,2026-11-04 12:24:00
974,13,965,974,974,974,1,Canceled,0,1,0,2026-11-05 12:24:00,2026-11-05 12:24:00
975,698,349,975,975,975,0,Pending,1,0,0,2026-11-06 12:24:00,2026-11-06 12:24:00
976,74,406,976,976,976,1,Canceled,0,0,0,2026-11-07 12:24:00,2026-11-07 12:24:00
977,463,821,977,977,977,0,Pending,0,1,0,2026-11-08 12:24:00,2026-11-08 12:24:00
978,129,37,978,978,978,1,Canceled,0,0,0,2026-11-09 12:24:00,2026-11-09 12:24:00
979,801,39,979,979,979,0,Confirmed,0,0,0,2026-11-10 12:24:00,2026-11-10 12:24:00
980,219,385,980,980,980,1,Pending,1,0,0,2026-11-11 12:24:00,2026-11-11 12:24:00
981,919,755,981,981,981,0,Canceled,0,0,0,2026-11-12 12:24:00,2026-11-12 12:24:00
982,418,343,982,982,982,0,Confirmed,0,0,0,2026-11-13 12:24:00,2026-11-13 12:24:00
983,428,439,983,983,983,1,Confirmed,1,1,0,2026-11-14 12:24:00,2026-11-14 12:24:00
984,878,734,984,984,984,1,Confirmed,0,1,0,2026-11-15 12:24:00,2026-11-15 12:24:00
985,2,797,985,985,985,1,Pending,0,0,0,2026-11-16 12:24:00,2026-11-16 12:24:00
986,284,859,986,986,986,0,Pending,0,1,0,2026-11-17 12:24:00,2026-11-17 12:24:00
987,361,183,987,987,987,1,Pending,0,0,0,2026-11-18 12:24:00,2026-11-18 12:24:00
988,153,254,988,988,988,0,Canceled,0,0,0,2026-11-19 12:24:00,2026-11-19 12:24:00
989,439,497,989,989,989,0,Pending,0,0,0,2026-11-20 12:24:00,2026-11-20 12:24:00
990,272,805,990,990,990,0,Confirmed,0,1,0,2026-11-21 12:24:00,2026-11-21 12:24:00
991,784,504,991,991,991,0,Canceled,1,1,0,2026-11-22 12:24:00,2026-11-22 12:24:00
992,212,50,992,992,992,0,Confirmed,0,1,0,2026-11-23 12:24:00,2026-11-23 12:24:00
993,106,934,993,993,993,0,Pending,0,0,0,2026-11-24 12:24:00,2026-11-24 12:24:00
994,62,688,994,994,994,1,Confirmed,0,0,0,2026-11-25 12:24:00,2026-11-25 12:24:00
995,651,60,995,995,995,0,Pending,1,1,0,2026-11-26 12:24:00,2026-11-26 12:24:00
996,637,665,996,996,996,1,Confirmed,0,1,0,2026-11-27 12:24:00,2026-11-27 12:24:00
997,447,714,997,997,997,0,Canceled,1,1,0,2026-11-28 12:24:00,2026-11-28 12:24:00
998,551,492,998,998,998,1,Pending,0,0,0,2026-11-29 12:24:00,2026-11-29 12:24:00
999,82,599,999,999,999,1,Confirmed,1,1,0,2026-11-30 12:24:00,2026-11-30 12:24:00
1000,142,758,1000,1000,1000,0,Canceled,1,0,0,2026-12-01 12:24:00,2026-12-01 12:24:00
