1,1,2024-10-01,2024-10-01,2/24/2024 22:53,2/24/2024 22:53
2,2,2024-10-02,2024-10-02,10/31/2023 7:32,10/31/2023 7:32
3,3,2024-10-03,2024-10-03,12/15/2023 19:39,12/15/2023 19:39
4,4,2024-10-04,2024-10-04,1/22/2024 19:10,1/22/2024 19:10
5,5,2024-10-05,2024-10-05,2/15/2024 5:34,2/15/2024 5:34
6,6,2024-10-06,2024-10-06,8/11/2023 6:13,8/11/2023 6:13
7,7,2024-10-07,2024-10-07,4/11/2024 14:28,4/11/2024 14:28
8,8,2024-10-08,2024-10-08,5/24/2024 0:38,5/24/2024 0:38
9,9,2024-10-09,2024-10-09,12/8/2023 14:03,12/8/2023 14:03
10,10,2024-10-10,2024-10-10,9/15/2023 5:36,9/15/2023 5:36
11,11,2024-10-11,2024-10-11,9/18/2023 19:13,9/18/2023 19:13
12,12,2024-10-12,2024-10-12,9/19/2023 19:13,9/19/2023 19:13
13,13,2024-10-13,2024-10-13,9/20/2023 19:13,9/20/2023 19:13
14,14,2024-10-14,2024-10-14,9/21/2023 19:13,9/21/2023 19:13
15,15,2024-10-15,2024-10-15,9/22/2023 19:13,9/22/2023 19:13
16,16,2024-10-16,2024-10-16,9/23/2023 19:13,9/23/2023 19:13
17,17,2024-10-17,2024-10-17,9/24/2023 19:13,9/24/2023 19:13
18,18,2024-10-18,2024-10-18,9/25/2023 19:13,9/25/2023 19:13
19,19,2024-10-19,2024-10-19,9/26/2023 19:13,9/26/2023 19:13
20,20,2024-10-20,2024-10-20,9/27/2023 19:13,9/27/2023 19:13
21,21,2024-10-21,2024-10-21,9/28/2023 19:13,9/28/2023 19:13
22,22,2024-10-22,2024-10-22,9/29/2023 19:13,9/29/2023 19:13
23,23,2024-10-23,2024-10-23,9/30/2023 19:13,9/30/2023 19:13
24,24,2024-10-24,2024-10-24,10/1/2023 19:13,10/1/2023 19:13
25,25,2024-10-25,2024-10-25,10/2/2023 19:13,10/2/2023 19:13
26,26,2024-10-26,2024-10-26,10/3/2023 19:13,10/3/2023 19:13
27,27,2024-10-27,2024-10-27,10/4/2023 19:13,10/4/2023 19:13
28,28,2024-10-28,2024-10-28,10/5/2023 19:13,10/5/2023 19:13
29,29,2024-10-29,2024-10-29,10/6/2023 19:13,10/6/2023 19:13
30,30,2024-10-30,2024-10-30,10/7/2023 19:13,10/7/2023 19:13
31,31,2024-10-31,2024-10-31,10/8/2023 19:13,10/8/2023 19:13
32,32,2024-11-01,2024-11-01,10/9/2023 19:13,10/9/2023 19:13
33,33,2024-11-02,2024-11-02,10/10/2023 19:13,10/10/2023 19:13
34,34,2024-11-03,2024-11-03,10/11/2023 19:13,10/11/2023 19:13
35,35,2024-11-04,2024-11-04,10/12/2023 19:13,10/12/2023 19:13
36,36,2024-11-05,2024-11-05,10/13/2023 19:13,10/13/2023 19:13
37,37,2024-11-06,2024-11-06,10/14/2023 19:13,10/14/2023 19:13
38,38,2024-11-07,2024-11-07,10/15/2023 19:13,10/15/2023 19:13
39,39,2024-11-08,2024-11-08,10/16/2023 19:13,10/16/2023 19:13
40,40,2024-11-09,2024-11-09,10/17/2023 19:13,10/17/2023 19:13
41,41,2024-11-10,2024-11-10,10/18/2023 19:13,10/18/2023 19:13
42,42,2024-11-11,2024-11-11,10/19/2023 19:13,10/19/2023 19:13
43,43,2024-11-12,2024-11-12,10/20/2023 19:13,10/20/2023 19:13
44,44,2024-11-13,2024-11-13,10/21/2023 19:13,10/21/2023 19:13
45,45,2024-11-14,2024-11-14,10/22/2023 19:13,10/22/2023 19:13
46,46,2024-11-15,2024-11-15,10/23/2023 19:13,10/23/2023 19:13
47,47,2024-11-16,2024-11-16,10/24/2023 19:13,10/24/2023 19:13
48,48,2024-11-17,2024-11-17,10/25/2023 19:13,10/25/2023 19:13
49,49,2024-11-18,2024-11-18,10/26/2023 19:13,10/26/2023 19:13
50,50,2024-11-19,2024-11-19,10/27/2023 19:13,10/27/2023 19:13
51,51,2024-11-20,2024-11-20,10/28/2023 19:13,10/28/2023 19:13
52,52,2024-11-21,2024-11-21,10/29/2023 19:13,10/29/2023 19:13
53,53,2024-11-22,2024-11-22,10/30/2023 19:13,10/30/2023 19:13
54,54,2024-11-23,2024-11-23,10/31/2023 19:13,10/31/2023 19:13
55,55,2024-11-24,2024-11-24,11/1/2023 19:13,11/1/2023 19:13
56,56,2024-11-25,2024-11-25,11/2/2023 19:13,11/2/2023 19:13
57,57,2024-11-26,2024-11-26,11/3/2023 19:13,11/3/2023 19:13
58,58,2024-11-27,2024-11-27,11/4/2023 19:13,11/4/2023 19:13
59,59,2024-11-28,2024-11-28,11/5/2023 19:13,11/5/2023 19:13
60,60,2024-11-29,2024-11-29,11/6/2023 19:13,11/6/2023 19:13
61,61,2024-11-30,2024-11-30,11/7/2023 19:13,11/7/2023 19:13
62,62,2024-12-01,2024-12-01,11/8/2023 19:13,11/8/2023 19:13
63,63,2024-12-02,2024-12-02,11/9/2023 19:13,11/9/2023 19:13
64,64,2024-12-03,2024-12-03,11/10/2023 19:13,11/10/2023 19:13
65,65,2024-12-04,2024-12-04,11/11/2023 19:13,11/11/2023 19:13
66,66,2024-12-05,2024-12-05,11/12/2023 19:13,11/12/2023 19:13
67,67,2024-12-06,2024-12-06,11/13/2023 19:13,11/13/2023 19:13
68,68,2024-12-07,2024-12-07,11/14/2023 19:13,11/14/2023 19:13
69,69,2024-12-08,2024-12-08,11/15/2023 19:13,11/15/2023 19:13
70,70,2024-12-09,2024-12-09,11/16/2023 19:13,11/16/2023 19:13
71,71,2024-12-10,2024-12-10,11/17/2023 19:13,11/17/2023 19:13
72,72,2024-12-11,2024-12-11,11/18/2023 19:13,11/18/2023 19:13
73,73,2024-12-12,2024-12-12,11/19/2023 19:13,11/19/2023 19:13
74,74,2024-12-13,2024-12-13,11/20/2023 19:13,11/20/2023 19:13
75,75,2024-12-14,2024-12-14,11/21/2023 19:13,11/21/2023 19:13
76,76,2024-12-15,2024-12-15,11/22/2023 19:13,11/22/2023 19:13
77,77,2024-12-16,2024-12-16,11/23/2023 19:13,11/23/2023 19:13
78,78,2024-12-17,2024-12-17,11/24/2023 19:13,11/24/2023 19:13
79,79,2024-12-18,2024-12-18,11/25/2023 19:13,11/25/2023 19:13
80,80,2024-12-19,2024-12-19,11/26/2023 19:13,11/26/2023 19:13
81,81,2024-12-20,2024-12-20,11/27/2023 19:13,11/27/2023 19:13
82,82,2024-12-21,2024-12-21,11/28/2023 19:13,11/28/2023 19:13
83,83,2024-12-22,2024-12-22,11/29/2023 19:13,11/29/2023 19:13
84,84,2024-12-23,2024-12-23,11/30/2023 19:13,11/30/2023 19:13
85,85,2024-12-24,2024-12-24,12/1/2023 19:13,12/1/2023 19:13
86,86,2024-12-25,2024-12-25,12/2/2023 19:13,12/2/2023 19:13
87,87,2024-12-26,2024-12-26,12/3/2023 19:13,12/3/2023 19:13
88,88,2024-12-27,2024-12-27,12/4/2023 19:13,12/4/2023 19:13
89,89,2024-12-28,2024-12-28,12/5/2023 19:13,12/5/2023 19:13
90,90,2024-12-29,2024-12-29,12/6/2023 19:13,12/6/2023 19:13
91,91,2024-12-30,2024-12-30,12/7/2023 19:13,12/7/2023 19:13
92,92,2024-12-31,2024-12-31,12/8/2023 19:13,12/8/2023 19:13
93,93,2025-01-01,2025-01-01,12/9/2023 19:13,12/9/2023 19:13
94,94,2025-01-02,2025-01-02,12/10/2023 19:13,12/10/2023 19:13
95,95,2025-01-03,2025-01-03,12/11/2023 19:13,12/11/2023 19:13
96,96,2025-01-04,2025-01-04,12/12/2023 19:13,12/12/2023 19:13
97,97,2025-01-05,2025-01-05,12/13/2023 19:13,12/13/2023 19:13
98,98,2025-01-06,2025-01-06,12/14/2023 19:13,12/14/2023 19:13
99,99,2025-01-07,2025-01-07,12/15/2023 19:13,12/15/2023 19:13
100,100,2025-01-08,2025-01-08,12/16/2023 19:13,12/16/2023 19:13
101,101,2025-01-09,2025-01-09,12/17/2023 19:13,12/17/2023 19:13
102,102,2025-01-10,2025-01-10,12/18/2023 19:13,12/18/2023 19:13
103,103,2025-01-11,2025-01-11,12/19/2023 19:13,12/19/2023 19:13
104,104,2025-01-12,2025-01-12,12/20/2023 19:13,12/20/2023 19:13
105,105,2025-01-13,2025-01-13,12/21/2023 19:13,12/21/2023 19:13
106,106,2025-01-14,2025-01-14,12/22/2023 19:13,12/22/2023 19:13
107,107,2025-01-15,2025-01-15,12/23/2023 19:13,12/23/2023 19:13
108,108,2025-01-16,2025-01-16,12/24/2023 19:13,12/24/2023 19:13
109,109,2025-01-17,2025-01-17,12/25/2023 19:13,12/25/2023 19:13
110,110,2025-01-18,2025-01-18,12/26/2023 19:13,12/26/2023 19:13
111,111,2025-01-19,2025-01-19,12/27/2023 19:13,12/27/2023 19:13
112,112,2025-01-20,2025-01-20,12/28/2023 19:13,12/28/2023 19:13
113,113,2025-01-21,2025-01-21,12/29/2023 19:13,12/29/2023 19:13
114,114,2025-01-22,2025-01-22,12/30/2023 19:13,12/30/2023 19:13
115,115,2025-01-23,2025-01-23,12/31/2023 19:13,12/31/2023 19:13
116,116,2025-01-24,2025-01-24,1/1/2024 19:13,1/1/2024 19:13
117,117,2025-01-25,2025-01-25,1/2/2024 19:13,1/2/2024 19:13
118,118,2025-01-26,2025-01-26,1/3/2024 19:13,1/3/2024 19:13
119,119,2025-01-27,2025-01-27,1/4/2024 19:13,1/4/2024 19:13
120,120,2025-01-28,2025-01-28,1/5/2024 19:13,1/5/2024 19:13
121,121,2025-01-29,2025-01-29,1/6/2024 19:13,1/6/2024 19:13
122,122,2025-01-30,2025-01-30,1/7/2024 19:13,1/7/2024 19:13
123,123,2025-01-31,2025-01-31,1/8/2024 19:13,1/8/2024 19:13
124,124,2025-02-01,2025-02-01,1/9/2024 19:13,1/9/2024 19:13
125,125,2025-02-02,2025-02-02,1/10/2024 19:13,1/10/2024 19:13
126,126,2025-02-03,2025-02-03,1/11/2024 19:13,1/11/2024 19:13
127,127,2025-02-04,2025-02-04,1/12/2024 19:13,1/12/2024 19:13
128,128,2025-02-05,2025-02-05,1/13/2024 19:13,1/13/2024 19:13
129,129,2025-02-06,2025-02-06,1/14/2024 19:13,1/14/2024 19:13
130,130,2025-02-07,2025-02-07,1/15/2024 19:13,1/15/2024 19:13
131,131,2025-02-08,2025-02-08,1/16/2024 19:13,1/16/2024 19:13
132,132,2025-02-09,2025-02-09,1/17/2024 19:13,1/17/2024 19:13
133,133,2025-02-10,2025-02-10,1/18/2024 19:13,1/18/2024 19:13
134,134,2025-02-11,2025-02-11,1/19/2024 19:13,1/19/2024 19:13
135,135,2025-02-12,2025-02-12,1/20/2024 19:13,1/20/2024 19:13
136,136,2025-02-13,2025-02-13,1/21/2024 19:13,1/21/2024 19:13
137,137,2025-02-14,2025-02-14,1/22/2024 19:13,1/22/2024 19:13
138,138,2025-02-15,2025-02-15,1/23/2024 19:13,1/23/2024 19:13
139,139,2025-02-16,2025-02-16,1/24/2024 19:13,1/24/2024 19:13
140,140,2025-02-17,2025-02-17,1/25/2024 19:13,1/25/2024 19:13
141,141,2025-02-18,2025-02-18,1/26/2024 19:13,1/26/2024 19:13
142,142,2025-02-19,2025-02-19,1/27/2024 19:13,1/27/2024 19:13
143,143,2025-02-20,2025-02-20,1/28/2024 19:13,1/28/2024 19:13
144,144,2025-02-21,2025-02-21,1/29/2024 19:13,1/29/2024 19:13
145,145,2025-02-22,2025-02-22,1/30/2024 19:13,1/30/2024 19:13
146,146,2025-02-23,2025-02-23,1/31/2024 19:13,1/31/2024 19:13
147,147,2025-02-24,2025-02-24,2/1/2024 19:13,2/1/2024 19:13
148,148,2025-02-25,2025-02-25,2/2/2024 19:13,2/2/2024 19:13
149,149,2025-02-26,2025-02-26,2/3/2024 19:13,2/3/2024 19:13
150,150,2025-02-27,2025-02-27,2/4/2024 19:13,2/4/2024 19:13
151,151,2025-02-28,2025-02-28,2/5/2024 19:13,2/5/2024 19:13
152,152,2025-03-01,2025-03-01,2/6/2024 19:13,2/6/2024 19:13
153,153,2025-03-02,2025-03-02,2/7/2024 19:13,2/7/2024 19:13
154,154,2025-03-03,2025-03-03,2/8/2024 19:13,2/8/2024 19:13
155,155,2025-03-04,2025-03-04,2/9/2024 19:13,2/9/2024 19:13
156,156,2025-03-05,2025-03-05,2/10/2024 19:13,2/10/2024 19:13
157,157,2025-03-06,2025-03-06,2/11/2024 19:13,2/11/2024 19:13
158,158,2025-03-07,2025-03-07,2/12/2024 19:13,2/12/2024 19:13
159,159,2025-03-08,2025-03-08,2/13/2024 19:13,2/13/2024 19:13
160,160,2025-03-09,2025-03-09,2/14/2024 19:13,2/14/2024 19:13
161,161,2025-03-10,2025-03-10,2/15/2024 19:13,2/15/2024 19:13
162,162,2025-03-11,2025-03-11,2/16/2024 19:13,2/16/2024 19:13
163,163,2025-03-12,2025-03-12,2/17/2024 19:13,2/17/2024 19:13
164,164,2025-03-13,2025-03-13,2/18/2024 19:13,2/18/2024 19:13
165,165,2025-03-14,2025-03-14,2/19/2024 19:13,2/19/2024 19:13
166,166,2025-03-15,2025-03-15,2/20/2024 19:13,2/20/2024 19:13
167,167,2025-03-16,2025-03-16,2/21/2024 19:13,2/21/2024 19:13
168,168,2025-03-17,2025-03-17,2/22/2024 19:13,2/22/2024 19:13
169,169,2025-03-18,2025-03-18,2/23/2024 19:13,2/23/2024 19:13
170,170,2025-03-19,2025-03-19,2/24/2024 19:13,2/24/2024 19:13
171,171,2025-03-20,2025-03-20,2/25/2024 19:13,2/25/2024 19:13
172,172,2025-03-21,2025-03-21,2/26/2024 19:13,2/26/2024 19:13
173,173,2025-03-22,2025-03-22,2/27/2024 19:13,2/27/2024 19:13
174,174,2025-03-23,2025-03-23,2/28/2024 19:13,2/28/2024 19:13
175,175,2025-03-24,2025-03-24,2/29/2024 19:13,2/29/2024 19:13
176,176,2025-03-25,2025-03-25,3/1/2024 19:13,3/1/2024 19:13
177,177,2025-03-26,2025-03-26,3/2/2024 19:13,3/2/2024 19:13
178,178,2025-03-27,2025-03-27,3/3/2024 19:13,3/3/2024 19:13
179,179,2025-03-28,2025-03-28,3/4/2024 19:13,3/4/2024 19:13
180,180,2025-03-29,2025-03-29,3/5/2024 19:13,3/5/2024 19:13
181,181,2025-03-30,2025-03-30,3/6/2024 19:13,3/6/2024 19:13
182,182,2025-03-31,2025-03-31,3/7/2024 19:13,3/7/2024 19:13
183,183,2025-04-01,2025-04-01,3/8/2024 19:13,3/8/2024 19:13
184,184,2025-04-02,2025-04-02,3/9/2024 19:13,3/9/2024 19:13
185,185,2025-04-03,2025-04-03,3/10/2024 19:13,3/10/2024 19:13
186,186,2025-04-04,2025-04-04,3/11/2024 19:13,3/11/2024 19:13
187,187,2025-04-05,2025-04-05,3/12/2024 19:13,3/12/2024 19:13
188,188,2025-04-06,2025-04-06,3/13/2024 19:13,3/13/2024 19:13
189,189,2025-04-07,2025-04-07,3/14/2024 19:13,3/14/2024 19:13
190,190,2025-04-08,2025-04-08,3/15/2024 19:13,3/15/2024 19:13
191,191,2025-04-09,2025-04-09,3/16/2024 19:13,3/16/2024 19:13
192,192,2025-04-10,2025-04-10,3/17/2024 19:13,3/17/2024 19:13
193,193,2025-04-11,2025-04-11,3/18/2024 19:13,3/18/2024 19:13
194,194,2025-04-12,2025-04-12,3/19/2024 19:13,3/19/2024 19:13
195,195,2025-04-13,2025-04-13,3/20/2024 19:13,3/20/2024 19:13
196,196,2025-04-14,2025-04-14,3/21/2024 19:13,3/21/2024 19:13
197,197,2025-04-15,2025-04-15,3/22/2024 19:13,3/22/2024 19:13
198,198,2025-04-16,2025-04-16,3/23/2024 19:13,3/23/2024 19:13
199,199,2025-04-17,2025-04-17,3/24/2024 19:13,3/24/2024 19:13
200,200,2025-04-18,2025-04-18,3/25/2024 19:13,3/25/2024 19:13
201,201,2025-04-19,2025-04-19,3/26/2024 19:13,3/26/2024 19:13
202,202,2025-04-20,2025-04-20,3/27/2024 19:13,3/27/2024 19:13
203,203,2025-04-21,2025-04-21,3/28/2024 19:13,3/28/2024 19:13
204,204,2025-04-22,2025-04-22,3/29/2024 19:13,3/29/2024 19:13
205,205,2025-04-23,2025-04-23,3/30/2024 19:13,3/30/2024 19:13
206,206,2025-04-24,2025-04-24,3/31/2024 19:13,3/31/2024 19:13
207,207,2025-04-25,2025-04-25,4/1/2024 19:13,4/1/2024 19:13
208,208,2025-04-26,2025-04-26,4/2/2024 19:13,4/2/2024 19:13
209,209,2025-04-27,2025-04-27,4/3/2024 19:13,4/3/2024 19:13
210,210,2025-04-28,2025-04-28,4/4/2024 19:13,4/4/2024 19:13
211,211,2025-04-29,2025-04-29,4/5/2024 19:13,4/5/2024 19:13
212,212,2025-04-30,2025-04-30,4/6/2024 19:13,4/6/2024 19:13
213,213,2025-05-01,2025-05-01,4/7/2024 19:13,4/7/2024 19:13
214,214,2025-05-02,2025-05-02,4/8/2024 19:13,4/8/2024 19:13
215,215,2025-05-03,2025-05-03,4/9/2024 19:13,4/9/2024 19:13
216,216,2025-05-04,2025-05-04,4/10/2024 19:13,4/10/2024 19:13
217,217,2025-05-05,2025-05-05,4/11/2024 19:13,4/11/2024 19:13
218,218,2025-05-06,2025-05-06,4/12/2024 19:13,4/12/2024 19:13
219,219,2025-05-07,2025-05-07,4/13/2024 19:13,4/13/2024 19:13
220,220,2025-05-08,2025-05-08,4/14/2024 19:13,4/14/2024 19:13
221,221,2025-05-09,2025-05-09,4/15/2024 19:13,4/15/2024 19:13
222,222,2025-05-10,2025-05-10,4/16/2024 19:13,4/16/2024 19:13
223,223,2025-05-11,2025-05-11,4/17/2024 19:13,4/17/2024 19:13
224,224,2025-05-12,2025-05-12,4/18/2024 19:13,4/18/2024 19:13
225,225,2025-05-13,2025-05-13,4/19/2024 19:13,4/19/2024 19:13
226,226,2025-05-14,2025-05-14,4/20/2024 19:13,4/20/2024 19:13
227,227,2025-05-15,2025-05-15,4/21/2024 19:13,4/21/2024 19:13
228,228,2025-05-16,2025-05-16,4/22/2024 19:13,4/22/2024 19:13
229,229,2025-05-17,2025-05-17,4/23/2024 19:13,4/23/2024 19:13
230,230,2025-05-18,2025-05-18,4/24/2024 19:13,4/24/2024 19:13
231,231,2025-05-19,2025-05-19,4/25/2024 19:13,4/25/2024 19:13
232,232,2025-05-20,2025-05-20,4/26/2024 19:13,4/26/2024 19:13
233,233,2025-05-21,2025-05-21,4/27/2024 19:13,4/27/2024 19:13
234,234,2025-05-22,2025-05-22,4/28/2024 19:13,4/28/2024 19:13
235,235,2025-05-23,2025-05-23,4/29/2024 19:13,4/29/2024 19:13
236,236,2025-05-24,2025-05-24,4/30/2024 19:13,4/30/2024 19:13
237,237,2025-05-25,2025-05-25,5/1/2024 19:13,5/1/2024 19:13
238,238,2025-05-26,2025-05-26,5/2/2024 19:13,5/2/2024 19:13
239,239,2025-05-27,2025-05-27,5/3/2024 19:13,5/3/2024 19:13
240,240,2025-05-28,2025-05-28,5/4/2024 19:13,5/4/2024 19:13
241,241,2025-05-29,2025-05-29,5/5/2024 19:13,5/5/2024 19:13
242,242,2025-05-30,2025-05-30,5/6/2024 19:13,5/6/2024 19:13
243,243,2025-05-31,2025-05-31,5/7/2024 19:13,5/7/2024 19:13
244,244,2025-06-01,2025-06-01,5/8/2024 19:13,5/8/2024 19:13
245,245,2025-06-02,2025-06-02,5/9/2024 19:13,5/9/2024 19:13
246,246,2025-06-03,2025-06-03,5/10/2024 19:13,5/10/2024 19:13
247,247,2025-06-04,2025-06-04,5/11/2024 19:13,5/11/2024 19:13
248,248,2025-06-05,2025-06-05,5/12/2024 19:13,5/12/2024 19:13
249,249,2025-06-06,2025-06-06,5/13/2024 19:13,5/13/2024 19:13
250,250,2025-06-07,2025-06-07,5/14/2024 19:13,5/14/2024 19:13
251,251,2025-06-08,2025-06-08,5/15/2024 19:13,5/15/2024 19:13
252,252,2025-06-09,2025-06-09,5/16/2024 19:13,5/16/2024 19:13
253,253,2025-06-10,2025-06-10,5/17/2024 19:13,5/17/2024 19:13
254,254,2025-06-11,2025-06-11,5/18/2024 19:13,5/18/2024 19:13
255,255,2025-06-12,2025-06-12,5/19/2024 19:13,5/19/2024 19:13
256,256,2025-06-13,2025-06-13,5/20/2024 19:13,5/20/2024 19:13
257,257,2025-06-14,2025-06-14,5/21/2024 19:13,5/21/2024 19:13
258,258,2025-06-15,2025-06-15,5/22/2024 19:13,5/22/2024 19:13
259,259,2025-06-16,2025-06-16,5/23/2024 19:13,5/23/2024 19:13
260,260,2025-06-17,2025-06-17,5/24/2024 19:13,5/24/2024 19:13
261,261,2025-06-18,2025-06-18,5/25/2024 19:13,5/25/2024 19:13
262,262,2025-06-19,2025-06-19,5/26/2024 19:13,5/26/2024 19:13
263,263,2025-06-20,2025-06-20,5/27/2024 19:13,5/27/2024 19:13
264,264,2025-06-21,2025-06-21,5/28/2024 19:13,5/28/2024 19:13
265,265,2025-06-22,2025-06-22,5/29/2024 19:13,5/29/2024 19:13
266,266,2025-06-23,2025-06-23,5/30/2024 19:13,5/30/2024 19:13
267,267,2025-06-24,2025-06-24,5/31/2024 19:13,5/31/2024 19:13
268,268,2025-06-25,2025-06-25,6/1/2024 19:13,6/1/2024 19:13
269,269,2025-06-26,2025-06-26,6/2/2024 19:13,6/2/2024 19:13
270,270,2025-06-27,2025-06-27,6/3/2024 19:13,6/3/2024 19:13
271,271,2025-06-28,2025-06-28,6/4/2024 19:13,6/4/2024 19:13
272,272,2025-06-29,2025-06-29,6/5/2024 19:13,6/5/2024 19:13
273,273,2025-06-30,2025-06-30,6/6/2024 19:13,6/6/2024 19:13
274,274,2025-07-01,2025-07-01,6/7/2024 19:13,6/7/2024 19:13
275,275,2025-07-02,2025-07-02,6/8/2024 19:13,6/8/2024 19:13
276,276,2025-07-03,2025-07-03,6/9/2024 19:13,6/9/2024 19:13
277,277,2025-07-04,2025-07-04,6/10/2024 19:13,6/10/2024 19:13
278,278,2025-07-05,2025-07-05,6/11/2024 19:13,6/11/2024 19:13
279,279,2025-07-06,2025-07-06,6/12/2024 19:13,6/12/2024 19:13
280,280,2025-07-07,2025-07-07,6/13/2024 19:13,6/13/2024 19:13
281,281,2025-07-08,2025-07-08,6/14/2024 19:13,6/14/2024 19:13
282,282,2025-07-09,2025-07-09,6/15/2024 19:13,6/15/2024 19:13
283,283,2025-07-10,2025-07-10,6/16/2024 19:13,6/16/2024 19:13
284,284,2025-07-11,2025-07-11,6/17/2024 19:13,6/17/2024 19:13
285,285,2025-07-12,2025-07-12,6/18/2024 19:13,6/18/2024 19:13
286,286,2025-07-13,2025-07-13,6/19/2024 19:13,6/19/2024 19:13
287,287,2025-07-14,2025-07-14,6/20/2024 19:13,6/20/2024 19:13
288,288,2025-07-15,2025-07-15,6/21/2024 19:13,6/21/2024 19:13
289,289,2025-07-16,2025-07-16,6/22/2024 19:13,6/22/2024 19:13
290,290,2025-07-17,2025-07-17,6/23/2024 19:13,6/23/2024 19:13
291,291,2025-07-18,2025-07-18,6/24/2024 19:13,6/24/2024 19:13
292,292,2025-07-19,2025-07-19,6/25/2024 19:13,6/25/2024 19:13
293,293,2025-07-20,2025-07-20,6/26/2024 19:13,6/26/2024 19:13
294,294,2025-07-21,2025-07-21,6/27/2024 19:13,6/27/2024 19:13
295,295,2025-07-22,2025-07-22,6/28/2024 19:13,6/28/2024 19:13
296,296,2025-07-23,2025-07-23,6/29/2024 19:13,6/29/2024 19:13
297,297,2025-07-24,2025-07-24,6/30/2024 19:13,6/30/2024 19:13
298,298,2025-07-25,2025-07-25,7/1/2024 19:13,7/1/2024 19:13
299,299,2025-07-26,2025-07-26,7/2/2024 19:13,7/2/2024 19:13
300,300,2025-07-27,2025-07-27,7/3/2024 19:13,7/3/2024 19:13
301,301,2025-07-28,2025-07-28,7/4/2024 19:13,7/4/2024 19:13
302,302,2025-07-29,2025-07-29,7/5/2024 19:13,7/5/2024 19:13
303,303,2025-07-30,2025-07-30,7/6/2024 19:13,7/6/2024 19:13
304,304,2025-07-31,2025-07-31,7/7/2024 19:13,7/7/2024 19:13
305,305,2025-08-01,2025-08-01,7/8/2024 19:13,7/8/2024 19:13
306,306,2025-08-02,2025-08-02,7/9/2024 19:13,7/9/2024 19:13
307,307,2025-08-03,2025-08-03,7/10/2024 19:13,7/10/2024 19:13
308,308,2025-08-04,2025-08-04,7/11/2024 19:13,7/11/2024 19:13
309,309,2025-08-05,2025-08-05,7/12/2024 19:13,7/12/2024 19:13
310,310,2025-08-06,2025-08-06,7/13/2024 19:13,7/13/2024 19:13
311,311,2025-08-07,2025-08-07,7/14/2024 19:13,7/14/2024 19:13
312,312,2025-08-08,2025-08-08,7/15/2024 19:13,7/15/2024 19:13
313,313,2025-08-09,2025-08-09,7/16/2024 19:13,7/16/2024 19:13
314,314,2025-08-10,2025-08-10,7/17/2024 19:13,7/17/2024 19:13
315,315,2025-08-11,2025-08-11,7/18/2024 19:13,7/18/2024 19:13
316,316,2025-08-12,2025-08-12,7/19/2024 19:13,7/19/2024 19:13
317,317,2025-08-13,2025-08-13,7/20/2024 19:13,7/20/2024 19:13
318,318,2025-08-14,2025-08-14,7/21/2024 19:13,7/21/2024 19:13
319,319,2025-08-15,2025-08-15,7/22/2024 19:13,7/22/2024 19:13
320,320,2025-08-16,2025-08-16,7/23/2024 19:13,7/23/2024 19:13
321,321,2025-08-17,2025-08-17,7/24/2024 19:13,7/24/2024 19:13
322,322,2025-08-18,2025-08-18,7/25/2024 19:13,7/25/2024 19:13
323,323,2025-08-19,2025-08-19,7/26/2024 19:13,7/26/2024 19:13
324,324,2025-08-20,2025-08-20,7/27/2024 19:13,7/27/2024 19:13
325,325,2025-08-21,2025-08-21,7/28/2024 19:13,7/28/2024 19:13
326,326,2025-08-22,2025-08-22,7/29/2024 19:13,7/29/2024 19:13
327,327,2025-08-23,2025-08-23,7/30/2024 19:13,7/30/2024 19:13
328,328,2025-08-24,2025-08-24,7/31/2024 19:13,7/31/2024 19:13
329,329,2025-08-25,2025-08-25,8/1/2024 19:13,8/1/2024 19:13
330,330,2025-08-26,2025-08-26,8/2/2024 19:13,8/2/2024 19:13
331,331,2025-08-27,2025-08-27,8/3/2024 19:13,8/3/2024 19:13
332,332,2025-08-28,2025-08-28,8/4/2024 19:13,8/4/2024 19:13
333,333,2025-08-29,2025-08-29,8/5/2024 19:13,8/5/2024 19:13
334,334,2025-08-30,2025-08-30,8/6/2024 19:13,8/6/2024 19:13
335,335,2025-08-31,2025-08-31,8/7/2024 19:13,8/7/2024 19:13
336,336,2025-09-01,2025-09-01,8/8/2024 19:13,8/8/2024 19:13
337,337,2025-09-02,2025-09-02,8/9/2024 19:13,8/9/2024 19:13
338,338,2025-09-03,2025-09-03,8/10/2024 19:13,8/10/2024 19:13
339,339,2025-09-04,2025-09-04,8/11/2024 19:13,8/11/2024 19:13
340,340,2025-09-05,2025-09-05,8/12/2024 19:13,8/12/2024 19:13
341,341,2025-09-06,2025-09-06,8/13/2024 19:13,8/13/2024 19:13
342,342,2025-09-07,2025-09-07,8/14/2024 19:13,8/14/2024 19:13
343,343,2025-09-08,2025-09-08,8/15/2024 19:13,8/15/2024 19:13
344,344,2025-09-09,2025-09-09,8/16/2024 19:13,8/16/2024 19:13
345,345,2025-09-10,2025-09-10,8/17/2024 19:13,8/17/2024 19:13
346,346,2025-09-11,2025-09-11,8/18/2024 19:13,8/18/2024 19:13
347,347,2025-09-12,2025-09-12,8/19/2024 19:13,8/19/2024 19:13
348,348,2025-09-13,2025-09-13,8/20/2024 19:13,8/20/2024 19:13
349,349,2025-09-14,2025-09-14,8/21/2024 19:13,8/21/2024 19:13
350,350,2025-09-15,2025-09-15,8/22/2024 19:13,8/22/2024 19:13
351,351,2025-09-16,2025-09-16,8/23/2024 19:13,8/23/2024 19:13
352,352,2025-09-17,2025-09-17,8/24/2024 19:13,8/24/2024 19:13
353,353,2025-09-18,2025-09-18,8/25/2024 19:13,8/25/2024 19:13
354,354,2025-09-19,2025-09-19,8/26/2024 19:13,8/26/2024 19:13
355,355,2025-09-20,2025-09-20,8/27/2024 19:13,8/27/2024 19:13
356,356,2025-09-21,2025-09-21,8/28/2024 19:13,8/28/2024 19:13
357,357,2025-09-22,2025-09-22,8/29/2024 19:13,8/29/2024 19:13
358,358,2025-09-23,2025-09-23,8/30/2024 19:13,8/30/2024 19:13
359,359,2025-09-24,2025-09-24,8/31/2024 19:13,8/31/2024 19:13
360,360,2025-09-25,2025-09-25,9/1/2024 19:13,9/1/2024 19:13
361,361,2025-09-26,2025-09-26,9/2/2024 19:13,9/2/2024 19:13
362,362,2025-09-27,2025-09-27,9/3/2024 19:13,9/3/2024 19:13
363,363,2025-09-28,2025-09-28,9/4/2024 19:13,9/4/2024 19:13
364,364,2025-09-29,2025-09-29,9/5/2024 19:13,9/5/2024 19:13
365,365,2025-09-30,2025-09-30,9/6/2024 19:13,9/6/2024 19:13
366,366,2025-10-01,2025-10-01,9/7/2024 19:13,9/7/2024 19:13
367,367,2025-10-02,2025-10-02,9/8/2024 19:13,9/8/2024 19:13
368,368,2025-10-03,2025-10-03,9/9/2024 19:13,9/9/2024 19:13
369,369,2025-10-04,2025-10-04,9/10/2024 19:13,9/10/2024 19:13
370,370,2025-10-05,2025-10-05,9/11/2024 19:13,9/11/2024 19:13
371,371,2025-10-06,2025-10-06,9/12/2024 19:13,9/12/2024 19:13
372,372,2025-10-07,2025-10-07,9/13/2024 19:13,9/13/2024 19:13
373,373,2025-10-08,2025-10-08,9/14/2024 19:13,9/14/2024 19:13
374,374,2025-10-09,2025-10-09,9/15/2024 19:13,9/15/2024 19:13
375,375,2025-10-10,2025-10-10,9/16/2024 19:13,9/16/2024 19:13
376,376,2025-10-11,2025-10-11,9/17/2024 19:13,9/17/2024 19:13
377,377,2025-10-12,2025-10-12,9/18/2024 19:13,9/18/2024 19:13
378,378,2025-10-13,2025-10-13,9/19/2024 19:13,9/19/2024 19:13
379,379,2025-10-14,2025-10-14,9/20/2024 19:13,9/20/2024 19:13
380,380,2025-10-15,2025-10-15,9/21/2024 19:13,9/21/2024 19:13
381,381,2025-10-16,2025-10-16,9/22/2024 19:13,9/22/2024 19:13
382,382,2025-10-17,2025-10-17,9/23/2024 19:13,9/23/2024 19:13
383,383,2025-10-18,2025-10-18,9/24/2024 19:13,9/24/2024 19:13
384,384,2025-10-19,2025-10-19,9/25/2024 19:13,9/25/2024 19:13
385,385,2025-10-20,2025-10-20,9/26/2024 19:13,9/26/2024 19:13
386,386,2025-10-21,2025-10-21,9/27/2024 19:13,9/27/2024 19:13
387,387,2025-10-22,2025-10-22,9/28/2024 19:13,9/28/2024 19:13
388,388,2025-10-23,2025-10-23,9/29/2024 19:13,9/29/2024 19:13
389,389,2025-10-24,2025-10-24,9/30/2024 19:13,9/30/2024 19:13
390,390,2025-10-25,2025-10-25,10/1/2024 19:13,10/1/2024 19:13
391,391,2025-10-26,2025-10-26,10/2/2024 19:13,10/2/2024 19:13
392,392,2025-10-27,2025-10-27,10/3/2024 19:13,10/3/2024 19:13
393,393,2025-10-28,2025-10-28,10/4/2024 19:13,10/4/2024 19:13
394,394,2025-10-29,2025-10-29,10/5/2024 19:13,10/5/2024 19:13
395,395,2025-10-30,2025-10-30,10/6/2024 19:13,10/6/2024 19:13
396,396,2025-10-31,2025-10-31,10/7/2024 19:13,10/7/2024 19:13
397,397,2025-11-01,2025-11-01,10/8/2024 19:13,10/8/2024 19:13
398,398,2025-11-02,2025-11-02,10/9/2024 19:13,10/9/2024 19:13
399,399,2025-11-03,2025-11-03,10/10/2024 19:13,10/10/2024 19:13
400,400,2025-11-04,2025-11-04,10/11/2024 19:13,10/11/2024 19:13
401,401,2025-11-05,2025-11-05,10/12/2024 19:13,10/12/2024 19:13
402,402,2025-11-06,2025-11-06,10/13/2024 19:13,10/13/2024 19:13
403,403,2025-11-07,2025-11-07,10/14/2024 19:13,10/14/2024 19:13
404,404,2025-11-08,2025-11-08,10/15/2024 19:13,10/15/2024 19:13
405,405,2025-11-09,2025-11-09,10/16/2024 19:13,10/16/2024 19:13
406,406,2025-11-10,2025-11-10,10/17/2024 19:13,10/17/2024 19:13
407,407,2025-11-11,2025-11-11,10/18/2024 19:13,10/18/2024 19:13
408,408,2025-11-12,2025-11-12,10/19/2024 19:13,10/19/2024 19:13
409,409,2025-11-13,2025-11-13,10/20/2024 19:13,10/20/2024 19:13
410,410,2025-11-14,2025-11-14,10/21/2024 19:13,10/21/2024 19:13
411,411,2025-11-15,2025-11-15,10/22/2024 19:13,10/22/2024 19:13
412,412,2025-11-16,2025-11-16,10/23/2024 19:13,10/23/2024 19:13
413,413,2025-11-17,2025-11-17,10/24/2024 19:13,10/24/2024 19:13
414,414,2025-11-18,2025-11-18,10/25/2024 19:13,10/25/2024 19:13
415,415,2025-11-19,2025-11-19,10/26/2024 19:13,10/26/2024 19:13
416,416,2025-11-20,2025-11-20,10/27/2024 19:13,10/27/2024 19:13
417,417,2025-11-21,2025-11-21,10/28/2024 19:13,10/28/2024 19:13
418,418,2025-11-22,2025-11-22,10/29/2024 19:13,10/29/2024 19:13
419,419,2025-11-23,2025-11-23,10/30/2024 19:13,10/30/2024 19:13
420,420,2025-11-24,2025-11-24,10/31/2024 19:13,10/31/2024 19:13
421,421,2025-11-25,2025-11-25,11/1/2024 19:13,11/1/2024 19:13
422,422,2025-11-26,2025-11-26,11/2/2024 19:13,11/2/2024 19:13
423,423,2025-11-27,2025-11-27,11/3/2024 19:13,11/3/2024 19:13
424,424,2025-11-28,2025-11-28,11/4/2024 19:13,11/4/2024 19:13
425,425,2025-11-29,2025-11-29,11/5/2024 19:13,11/5/2024 19:13
426,426,2025-11-30,2025-11-30,11/6/2024 19:13,11/6/2024 19:13
427,427,2025-12-01,2025-12-01,11/7/2024 19:13,11/7/2024 19:13
428,428,2025-12-02,2025-12-02,11/8/2024 19:13,11/8/2024 19:13
429,429,2025-12-03,2025-12-03,11/9/2024 19:13,11/9/2024 19:13
430,430,2025-12-04,2025-12-04,11/10/2024 19:13,11/10/2024 19:13
431,431,2025-12-05,2025-12-05,11/11/2024 19:13,11/11/2024 19:13
432,432,2025-12-06,2025-12-06,11/12/2024 19:13,11/12/2024 19:13
433,433,2025-12-07,2025-12-07,11/13/2024 19:13,11/13/2024 19:13
434,434,2025-12-08,2025-12-08,11/14/2024 19:13,11/14/2024 19:13
435,435,2025-12-09,2025-12-09,11/15/2024 19:13,11/15/2024 19:13
436,436,2025-12-10,2025-12-10,11/16/2024 19:13,11/16/2024 19:13
437,437,2025-12-11,2025-12-11,11/17/2024 19:13,11/17/2024 19:13
438,438,2025-12-12,2025-12-12,11/18/2024 19:13,11/18/2024 19:13
439,439,2025-12-13,2025-12-13,11/19/2024 19:13,11/19/2024 19:13
440,440,2025-12-14,2025-12-14,11/20/2024 19:13,11/20/2024 19:13
441,441,2025-12-15,2025-12-15,11/21/2024 19:13,11/21/2024 19:13
442,442,2025-12-16,2025-12-16,11/22/2024 19:13,11/22/2024 19:13
443,443,2025-12-17,2025-12-17,11/23/2024 19:13,11/23/2024 19:13
444,444,2025-12-18,2025-12-18,11/24/2024 19:13,11/24/2024 19:13
445,445,2025-12-19,2025-12-19,11/25/2024 19:13,11/25/2024 19:13
446,446,2025-12-20,2025-12-20,11/26/2024 19:13,11/26/2024 19:13
447,447,2025-12-21,2025-12-21,11/27/2024 19:13,11/27/2024 19:13
448,448,2025-12-22,2025-12-22,11/28/2024 19:13,11/28/2024 19:13
449,449,2025-12-23,2025-12-23,11/29/2024 19:13,11/29/2024 19:13
450,450,2025-12-24,2025-12-24,11/30/2024 19:13,11/30/2024 19:13
451,451,2025-12-25,2025-12-25,12/1/2024 19:13,12/1/2024 19:13
452,452,2025-12-26,2025-12-26,12/2/2024 19:13,12/2/2024 19:13
453,453,2025-12-27,2025-12-27,12/3/2024 19:13,12/3/2024 19:13
454,454,2025-12-28,2025-12-28,12/4/2024 19:13,12/4/2024 19:13
455,455,2025-12-29,2025-12-29,12/5/2024 19:13,12/5/2024 19:13
456,456,2025-12-30,2025-12-30,12/6/2024 19:13,12/6/2024 19:13
457,457,2025-12-31,2025-12-31,12/7/2024 19:13,12/7/2024 19:13
458,458,2026-01-01,2026-01-01,12/8/2024 19:13,12/8/2024 19:13
459,459,2026-01-02,2026-01-02,12/9/2024 19:13,12/9/2024 19:13
460,460,2026-01-03,2026-01-03,12/10/2024 19:13,12/10/2024 19:13
461,461,2026-01-04,2026-01-04,12/11/2024 19:13,12/11/2024 19:13
462,462,2026-01-05,2026-01-05,12/12/2024 19:13,12/12/2024 19:13
463,463,2026-01-06,2026-01-06,12/13/2024 19:13,12/13/2024 19:13
464,464,2026-01-07,2026-01-07,12/14/2024 19:13,12/14/2024 19:13
465,465,2026-01-08,2026-01-08,12/15/2024 19:13,12/15/2024 19:13
466,466,2026-01-09,2026-01-09,12/16/2024 19:13,12/16/2024 19:13
467,467,2026-01-10,2026-01-10,12/17/2024 19:13,12/17/2024 19:13
468,468,2026-01-11,2026-01-11,12/18/2024 19:13,12/18/2024 19:13
469,469,2026-01-12,2026-01-12,12/19/2024 19:13,12/19/2024 19:13
470,470,2026-01-13,2026-01-13,12/20/2024 19:13,12/20/2024 19:13
471,471,2026-01-14,2026-01-14,12/21/2024 19:13,12/21/2024 19:13
472,472,2026-01-15,2026-01-15,12/22/2024 19:13,12/22/2024 19:13
473,473,2026-01-16,2026-01-16,12/23/2024 19:13,12/23/2024 19:13
474,474,2026-01-17,2026-01-17,12/24/2024 19:13,12/24/2024 19:13
475,475,2026-01-18,2026-01-18,12/25/2024 19:13,12/25/2024 19:13
476,476,2026-01-19,2026-01-19,12/26/2024 19:13,12/26/2024 19:13
477,477,2026-01-20,2026-01-20,12/27/2024 19:13,12/27/2024 19:13
478,478,2026-01-21,2026-01-21,12/28/2024 19:13,12/28/2024 19:13
479,479,2026-01-22,2026-01-22,12/29/2024 19:13,12/29/2024 19:13
480,480,2026-01-23,2026-01-23,12/30/2024 19:13,12/30/2024 19:13
481,481,2026-01-24,2026-01-24,12/31/2024 19:13,12/31/2024 19:13
482,482,2026-01-25,2026-01-25,1/1/2025 19:13,1/1/2025 19:13
483,483,2026-01-26,2026-01-26,1/2/2025 19:13,1/2/2025 19:13
484,484,2026-01-27,2026-01-27,1/3/2025 19:13,1/3/2025 19:13
485,485,2026-01-28,2026-01-28,1/4/2025 19:13,1/4/2025 19:13
486,486,2026-01-29,2026-01-29,1/5/2025 19:13,1/5/2025 19:13
487,487,2026-01-30,2026-01-30,1/6/2025 19:13,1/6/2025 19:13
488,488,2026-01-31,2026-01-31,1/7/2025 19:13,1/7/2025 19:13
489,489,2026-02-01,2026-02-01,1/8/2025 19:13,1/8/2025 19:13
490,490,2026-02-02,2026-02-02,1/9/2025 19:13,1/9/2025 19:13
491,491,2026-02-03,2026-02-03,1/10/2025 19:13,1/10/2025 19:13
492,492,2026-02-04,2026-02-04,1/11/2025 19:13,1/11/2025 19:13
493,493,2026-02-05,2026-02-05,1/12/2025 19:13,1/12/2025 19:13
494,494,2026-02-06,2026-02-06,1/13/2025 19:13,1/13/2025 19:13
495,495,2026-02-07,2026-02-07,1/14/2025 19:13,1/14/2025 19:13
496,496,2026-02-08,2026-02-08,1/15/2025 19:13,1/15/2025 19:13
497,497,2026-02-09,2026-02-09,1/16/2025 19:13,1/16/2025 19:13
498,498,2026-02-10,2026-02-10,1/17/2025 19:13,1/17/2025 19:13
499,499,2026-02-11,2026-02-11,1/18/2025 19:13,1/18/2025 19:13
500,500,2026-02-12,2026-02-12,1/19/2025 19:13,1/19/2025 19:13
501,501,2026-02-13,2026-02-13,1/20/2025 19:13,1/20/2025 19:13
502,502,2026-02-14,2026-02-14,1/21/2025 19:13,1/21/2025 19:13
503,503,2026-02-15,2026-02-15,1/22/2025 19:13,1/22/2025 19:13
504,504,2026-02-16,2026-02-16,1/23/2025 19:13,1/23/2025 19:13
505,505,2026-02-17,2026-02-17,1/24/2025 19:13,1/24/2025 19:13
506,506,2026-02-18,2026-02-18,1/25/2025 19:13,1/25/2025 19:13
507,507,2026-02-19,2026-02-19,1/26/2025 19:13,1/26/2025 19:13
508,508,2026-02-20,2026-02-20,1/27/2025 19:13,1/27/2025 19:13
509,509,2026-02-21,2026-02-21,1/28/2025 19:13,1/28/2025 19:13
510,510,2026-02-22,2026-02-22,1/29/2025 19:13,1/29/2025 19:13
511,511,2026-02-23,2026-02-23,1/30/2025 19:13,1/30/2025 19:13
512,512,2026-02-24,2026-02-24,1/31/2025 19:13,1/31/2025 19:13
513,513,2026-02-25,2026-02-25,2/1/2025 19:13,2/1/2025 19:13
514,514,2026-02-26,2026-02-26,2/2/2025 19:13,2/2/2025 19:13
515,515,2026-02-27,2026-02-27,2/3/2025 19:13,2/3/2025 19:13
516,516,2026-02-28,2026-02-28,2/4/2025 19:13,2/4/2025 19:13
517,517,2026-03-01,2026-03-01,2/5/2025 19:13,2/5/2025 19:13
518,518,2026-03-02,2026-03-02,2/6/2025 19:13,2/6/2025 19:13
519,519,2026-03-03,2026-03-03,2/7/2025 19:13,2/7/2025 19:13
520,520,2026-03-04,2026-03-04,2/8/2025 19:13,2/8/2025 19:13
521,521,2026-03-05,2026-03-05,2/9/2025 19:13,2/9/2025 19:13
522,522,2026-03-06,2026-03-06,2/10/2025 19:13,2/10/2025 19:13
523,523,2026-03-07,2026-03-07,2/11/2025 19:13,2/11/2025 19:13
524,524,2026-03-08,2026-03-08,2/12/2025 19:13,2/12/2025 19:13
525,525,2026-03-09,2026-03-09,2/13/2025 19:13,2/13/2025 19:13
526,526,2026-03-10,2026-03-10,2/14/2025 19:13,2/14/2025 19:13
527,527,2026-03-11,2026-03-11,2/15/2025 19:13,2/15/2025 19:13
528,528,2026-03-12,2026-03-12,2/16/2025 19:13,2/16/2025 19:13
529,529,2026-03-13,2026-03-13,2/17/2025 19:13,2/17/2025 19:13
530,530,2026-03-14,2026-03-14,2/18/2025 19:13,2/18/2025 19:13
531,531,2026-03-15,2026-03-15,2/19/2025 19:13,2/19/2025 19:13
532,532,2026-03-16,2026-03-16,2/20/2025 19:13,2/20/2025 19:13
533,533,2026-03-17,2026-03-17,2/21/2025 19:13,2/21/2025 19:13
534,534,2026-03-18,2026-03-18,2/22/2025 19:13,2/22/2025 19:13
535,535,2026-03-19,2026-03-19,2/23/2025 19:13,2/23/2025 19:13
536,536,2026-03-20,2026-03-20,2/24/2025 19:13,2/24/2025 19:13
537,537,2026-03-21,2026-03-21,2/25/2025 19:13,2/25/2025 19:13
538,538,2026-03-22,2026-03-22,2/26/2025 19:13,2/26/2025 19:13
539,539,2026-03-23,2026-03-23,2/27/2025 19:13,2/27/2025 19:13
540,540,2026-03-24,2026-03-24,2/28/2025 19:13,2/28/2025 19:13
541,541,2026-03-25,2026-03-25,3/1/2025 19:13,3/1/2025 19:13
542,542,2026-03-26,2026-03-26,3/2/2025 19:13,3/2/2025 19:13
543,543,2026-03-27,2026-03-27,3/3/2025 19:13,3/3/2025 19:13
544,544,2026-03-28,2026-03-28,3/4/2025 19:13,3/4/2025 19:13
545,545,2026-03-29,2026-03-29,3/5/2025 19:13,3/5/2025 19:13
546,546,2026-03-30,2026-03-30,3/6/2025 19:13,3/6/2025 19:13
547,547,2026-03-31,2026-03-31,3/7/2025 19:13,3/7/2025 19:13
548,548,2026-04-01,2026-04-01,3/8/2025 19:13,3/8/2025 19:13
549,549,2026-04-02,2026-04-02,3/9/2025 19:13,3/9/2025 19:13
550,550,2026-04-03,2026-04-03,3/10/2025 19:13,3/10/2025 19:13
551,551,2026-04-04,2026-04-04,3/11/2025 19:13,3/11/2025 19:13
552,552,2026-04-05,2026-04-05,3/12/2025 19:13,3/12/2025 19:13
553,553,2026-04-06,2026-04-06,3/13/2025 19:13,3/13/2025 19:13
554,554,2026-04-07,2026-04-07,3/14/2025 19:13,3/14/2025 19:13
555,555,2026-04-08,2026-04-08,3/15/2025 19:13,3/15/2025 19:13
556,556,2026-04-09,2026-04-09,3/16/2025 19:13,3/16/2025 19:13
557,557,2026-04-10,2026-04-10,3/17/2025 19:13,3/17/2025 19:13
558,558,2026-04-11,2026-04-11,3/18/2025 19:13,3/18/2025 19:13
559,559,2026-04-12,2026-04-12,3/19/2025 19:13,3/19/2025 19:13
560,560,2026-04-13,2026-04-13,3/20/2025 19:13,3/20/2025 19:13
561,561,2026-04-14,2026-04-14,3/21/2025 19:13,3/21/2025 19:13
562,562,2026-04-15,2026-04-15,3/22/2025 19:13,3/22/2025 19:13
563,563,2026-04-16,2026-04-16,3/23/2025 19:13,3/23/2025 19:13
564,564,2026-04-17,2026-04-17,3/24/2025 19:13,3/24/2025 19:13
565,565,2026-04-18,2026-04-18,3/25/2025 19:13,3/25/2025 19:13
566,566,2026-04-19,2026-04-19,3/26/2025 19:13,3/26/2025 19:13
567,567,2026-04-20,2026-04-20,3/27/2025 19:13,3/27/2025 19:13
568,568,2026-04-21,2026-04-21,3/28/2025 19:13,3/28/2025 19:13
569,569,2026-04-22,2026-04-22,3/29/2025 19:13,3/29/2025 19:13
570,570,2026-04-23,2026-04-23,3/30/2025 19:13,3/30/2025 19:13
571,571,2026-04-24,2026-04-24,3/31/2025 19:13,3/31/2025 19:13
572,572,2026-04-25,2026-04-25,4/1/2025 19:13,4/1/2025 19:13
573,573,2026-04-26,2026-04-26,4/2/2025 19:13,4/2/2025 19:13
574,574,2026-04-27,2026-04-27,4/3/2025 19:13,4/3/2025 19:13
575,575,2026-04-28,2026-04-28,4/4/2025 19:13,4/4/2025 19:13
576,576,2026-04-29,2026-04-29,4/5/2025 19:13,4/5/2025 19:13
577,577,2026-04-30,2026-04-30,4/6/2025 19:13,4/6/2025 19:13
578,578,2026-05-01,2026-05-01,4/7/2025 19:13,4/7/2025 19:13
579,579,2026-05-02,2026-05-02,4/8/2025 19:13,4/8/2025 19:13
580,580,2026-05-03,2026-05-03,4/9/2025 19:13,4/9/2025 19:13
581,581,2026-05-04,2026-05-04,4/10/2025 19:13,4/10/2025 19:13
582,582,2026-05-05,2026-05-05,4/11/2025 19:13,4/11/2025 19:13
583,583,2026-05-06,2026-05-06,4/12/2025 19:13,4/12/2025 19:13
584,584,2026-05-07,2026-05-07,4/13/2025 19:13,4/13/2025 19:13
585,585,2026-05-08,2026-05-08,4/14/2025 19:13,4/14/2025 19:13
586,586,2026-05-09,2026-05-09,4/15/2025 19:13,4/15/2025 19:13
587,587,2026-05-10,2026-05-10,4/16/2025 19:13,4/16/2025 19:13
588,588,2026-05-11,2026-05-11,4/17/2025 19:13,4/17/2025 19:13
589,589,2026-05-12,2026-05-12,4/18/2025 19:13,4/18/2025 19:13
590,590,2026-05-13,2026-05-13,4/19/2025 19:13,4/19/2025 19:13
591,591,2026-05-14,2026-05-14,4/20/2025 19:13,4/20/2025 19:13
592,592,2026-05-15,2026-05-15,4/21/2025 19:13,4/21/2025 19:13
593,593,2026-05-16,2026-05-16,4/22/2025 19:13,4/22/2025 19:13
594,594,2026-05-17,2026-05-17,4/23/2025 19:13,4/23/2025 19:13
595,595,2026-05-18,2026-05-18,4/24/2025 19:13,4/24/2025 19:13
596,596,2026-05-19,2026-05-19,4/25/2025 19:13,4/25/2025 19:13
597,597,2026-05-20,2026-05-20,4/26/2025 19:13,4/26/2025 19:13
598,598,2026-05-21,2026-05-21,4/27/2025 19:13,4/27/2025 19:13
599,599,2026-05-22,2026-05-22,4/28/2025 19:13,4/28/2025 19:13
600,600,2026-05-23,2026-05-23,4/29/2025 19:13,4/29/2025 19:13
601,601,2026-05-24,2026-05-24,4/30/2025 19:13,4/30/2025 19:13
602,602,2026-05-25,2026-05-25,5/1/2025 19:13,5/1/2025 19:13
603,603,2026-05-26,2026-05-26,5/2/2025 19:13,5/2/2025 19:13
604,604,2026-05-27,2026-05-27,5/3/2025 19:13,5/3/2025 19:13
605,605,2026-05-28,2026-05-28,5/4/2025 19:13,5/4/2025 19:13
606,606,2026-05-29,2026-05-29,5/5/2025 19:13,5/5/2025 19:13
607,607,2026-05-30,2026-05-30,5/6/2025 19:13,5/6/2025 19:13
608,608,2026-05-31,2026-05-31,5/7/2025 19:13,5/7/2025 19:13
609,609,2026-06-01,2026-06-01,5/8/2025 19:13,5/8/2025 19:13
610,610,2026-06-02,2026-06-02,5/9/2025 19:13,5/9/2025 19:13
611,611,2026-06-03,2026-06-03,5/10/2025 19:13,5/10/2025 19:13
612,612,2026-06-04,2026-06-04,5/11/2025 19:13,5/11/2025 19:13
613,613,2026-06-05,2026-06-05,5/12/2025 19:13,5/12/2025 19:13
614,614,2026-06-06,2026-06-06,5/13/2025 19:13,5/13/2025 19:13
615,615,2026-06-07,2026-06-07,5/14/2025 19:13,5/14/2025 19:13
616,616,2026-06-08,2026-06-08,5/15/2025 19:13,5/15/2025 19:13
617,617,2026-06-09,2026-06-09,5/16/2025 19:13,5/16/2025 19:13
618,618,2026-06-10,2026-06-10,5/17/2025 19:13,5/17/2025 19:13
619,619,2026-06-11,2026-06-11,5/18/2025 19:13,5/18/2025 19:13
620,620,2026-06-12,2026-06-12,5/19/2025 19:13,5/19/2025 19:13
621,621,2026-06-13,2026-06-13,5/20/2025 19:13,5/20/2025 19:13
622,622,2026-06-14,2026-06-14,5/21/2025 19:13,5/21/2025 19:13
623,623,2026-06-15,2026-06-15,5/22/2025 19:13,5/22/2025 19:13
624,624,2026-06-16,2026-06-16,5/23/2025 19:13,5/23/2025 19:13
625,625,2026-06-17,2026-06-17,5/24/2025 19:13,5/24/2025 19:13
626,626,2026-06-18,2026-06-18,5/25/2025 19:13,5/25/2025 19:13
627,627,2026-06-19,2026-06-19,5/26/2025 19:13,5/26/2025 19:13
628,628,2026-06-20,2026-06-20,5/27/2025 19:13,5/27/2025 19:13
629,629,2026-06-21,2026-06-21,5/28/2025 19:13,5/28/2025 19:13
630,630,2026-06-22,2026-06-22,5/29/2025 19:13,5/29/2025 19:13
631,631,2026-06-23,2026-06-23,5/30/2025 19:13,5/30/2025 19:13
632,632,2026-06-24,2026-06-24,5/31/2025 19:13,5/31/2025 19:13
633,633,2026-06-25,2026-06-25,6/1/2025 19:13,6/1/2025 19:13
634,634,2026-06-26,2026-06-26,6/2/2025 19:13,6/2/2025 19:13
635,635,2026-06-27,2026-06-27,6/3/2025 19:13,6/3/2025 19:13
636,636,2026-06-28,2026-06-28,6/4/2025 19:13,6/4/2025 19:13
637,637,2026-06-29,2026-06-29,6/5/2025 19:13,6/5/2025 19:13
638,638,2026-06-30,2026-06-30,6/6/2025 19:13,6/6/2025 19:13
639,639,2026-07-01,2026-07-01,6/7/2025 19:13,6/7/2025 19:13
640,640,2026-07-02,2026-07-02,6/8/2025 19:13,6/8/2025 19:13
641,641,2026-07-03,2026-07-03,6/9/2025 19:13,6/9/2025 19:13
642,642,2026-07-04,2026-07-04,6/10/2025 19:13,6/10/2025 19:13
643,643,2026-07-05,2026-07-05,6/11/2025 19:13,6/11/2025 19:13
644,644,2026-07-06,2026-07-06,6/12/2025 19:13,6/12/2025 19:13
645,645,2026-07-07,2026-07-07,6/13/2025 19:13,6/13/2025 19:13
646,646,2026-07-08,2026-07-08,6/14/2025 19:13,6/14/2025 19:13
647,647,2026-07-09,2026-07-09,6/15/2025 19:13,6/15/2025 19:13
648,648,2026-07-10,2026-07-10,6/16/2025 19:13,6/16/2025 19:13
649,649,2026-07-11,2026-07-11,6/17/2025 19:13,6/17/2025 19:13
650,650,2026-07-12,2026-07-12,6/18/2025 19:13,6/18/2025 19:13
651,651,2026-07-13,2026-07-13,6/19/2025 19:13,6/19/2025 19:13
652,652,2026-07-14,2026-07-14,6/20/2025 19:13,6/20/2025 19:13
653,653,2026-07-15,2026-07-15,6/21/2025 19:13,6/21/2025 19:13
654,654,2026-07-16,2026-07-16,6/22/2025 19:13,6/22/2025 19:13
655,655,2026-07-17,2026-07-17,6/23/2025 19:13,6/23/2025 19:13
656,656,2026-07-18,2026-07-18,6/24/2025 19:13,6/24/2025 19:13
657,657,2026-07-19,2026-07-19,6/25/2025 19:13,6/25/2025 19:13
658,658,2026-07-20,2026-07-20,6/26/2025 19:13,6/26/2025 19:13
659,659,2026-07-21,2026-07-21,6/27/2025 19:13,6/27/2025 19:13
660,660,2026-07-22,2026-07-22,6/28/2025 19:13,6/28/2025 19:13
661,661,2026-07-23,2026-07-23,6/29/2025 19:13,6/29/2025 19:13
662,662,2026-07-24,2026-07-24,6/30/2025 19:13,6/30/2025 19:13
663,663,2026-07-25,2026-07-25,7/1/2025 19:13,7/1/2025 19:13
664,664,2026-07-26,2026-07-26,7/2/2025 19:13,7/2/2025 19:13
665,665,2026-07-27,2026-07-27,7/3/2025 19:13,7/3/2025 19:13
666,666,2026-07-28,2026-07-28,7/4/2025 19:13,7/4/2025 19:13
667,667,2026-07-29,2026-07-29,7/5/2025 19:13,7/5/2025 19:13
668,668,2026-07-30,2026-07-30,7/6/2025 19:13,7/6/2025 19:13
669,669,2026-07-31,2026-07-31,7/7/2025 19:13,7/7/2025 19:13
670,670,2026-08-01,2026-08-01,7/8/2025 19:13,7/8/2025 19:13
671,671,2026-08-02,2026-08-02,7/9/2025 19:13,7/9/2025 19:13
672,672,2026-08-03,2026-08-03,7/10/2025 19:13,7/10/2025 19:13
673,673,2026-08-04,2026-08-04,7/11/2025 19:13,7/11/2025 19:13
674,674,2026-08-05,2026-08-05,7/12/2025 19:13,7/12/2025 19:13
675,675,2026-08-06,2026-08-06,7/13/2025 19:13,7/13/2025 19:13
676,676,2026-08-07,2026-08-07,7/14/2025 19:13,7/14/2025 19:13
677,677,2026-08-08,2026-08-08,7/15/2025 19:13,7/15/2025 19:13
678,678,2026-08-09,2026-08-09,7/16/2025 19:13,7/16/2025 19:13
679,679,2026-08-10,2026-08-10,7/17/2025 19:13,7/17/2025 19:13
680,680,2026-08-11,2026-08-11,7/18/2025 19:13,7/18/2025 19:13
681,681,2026-08-12,2026-08-12,7/19/2025 19:13,7/19/2025 19:13
682,682,2026-08-13,2026-08-13,7/20/2025 19:13,7/20/2025 19:13
683,683,2026-08-14,2026-08-14,7/21/2025 19:13,7/21/2025 19:13
684,684,2026-08-15,2026-08-15,7/22/2025 19:13,7/22/2025 19:13
685,685,2026-08-16,2026-08-16,7/23/2025 19:13,7/23/2025 19:13
686,686,2026-08-17,2026-08-17,7/24/2025 19:13,7/24/2025 19:13
687,687,2026-08-18,2026-08-18,7/25/2025 19:13,7/25/2025 19:13
688,688,2026-08-19,2026-08-19,7/26/2025 19:13,7/26/2025 19:13
689,689,2026-08-20,2026-08-20,7/27/2025 19:13,7/27/2025 19:13
690,690,2026-08-21,2026-08-21,7/28/2025 19:13,7/28/2025 19:13
691,691,2026-08-22,2026-08-22,7/29/2025 19:13,7/29/2025 19:13
692,692,2026-08-23,2026-08-23,7/30/2025 19:13,7/30/2025 19:13
693,693,2026-08-24,2026-08-24,7/31/2025 19:13,7/31/2025 19:13
694,694,2026-08-25,2026-08-25,8/1/2025 19:13,8/1/2025 19:13
695,695,2026-08-26,2026-08-26,8/2/2025 19:13,8/2/2025 19:13
696,696,2026-08-27,2026-08-27,8/3/2025 19:13,8/3/2025 19:13
697,697,2026-08-28,2026-08-28,8/4/2025 19:13,8/4/2025 19:13
698,698,2026-08-29,2026-08-29,8/5/2025 19:13,8/5/2025 19:13
699,699,2026-08-30,2026-08-30,8/6/2025 19:13,8/6/2025 19:13
700,700,2026-08-31,2026-08-31,8/7/2025 19:13,8/7/2025 19:13
701,701,2026-09-01,2026-09-01,8/8/2025 19:13,8/8/2025 19:13
702,702,2026-09-02,2026-09-02,8/9/2025 19:13,8/9/2025 19:13
703,703,2026-09-03,2026-09-03,8/10/2025 19:13,8/10/2025 19:13
704,704,2026-09-04,2026-09-04,8/11/2025 19:13,8/11/2025 19:13
705,705,2026-09-05,2026-09-05,8/12/2025 19:13,8/12/2025 19:13
706,706,2026-09-06,2026-09-06,8/13/2025 19:13,8/13/2025 19:13
707,707,2026-09-07,2026-09-07,8/14/2025 19:13,8/14/2025 19:13
708,708,2026-09-08,2026-09-08,8/15/2025 19:13,8/15/2025 19:13
709,709,2026-09-09,2026-09-09,8/16/2025 19:13,8/16/2025 19:13
710,710,2026-09-10,2026-09-10,8/17/2025 19:13,8/17/2025 19:13
711,711,2026-09-11,2026-09-11,8/18/2025 19:13,8/18/2025 19:13
712,712,2026-09-12,2026-09-12,8/19/2025 19:13,8/19/2025 19:13
713,713,2026-09-13,2026-09-13,8/20/2025 19:13,8/20/2025 19:13
714,714,2026-09-14,2026-09-14,8/21/2025 19:13,8/21/2025 19:13
715,715,2026-09-15,2026-09-15,8/22/2025 19:13,8/22/2025 19:13
716,716,2026-09-16,2026-09-16,8/23/2025 19:13,8/23/2025 19:13
717,717,2026-09-17,2026-09-17,8/24/2025 19:13,8/24/2025 19:13
718,718,2026-09-18,2026-09-18,8/25/2025 19:13,8/25/2025 19:13
719,719,2026-09-19,2026-09-19,8/26/2025 19:13,8/26/2025 19:13
720,720,2026-09-20,2026-09-20,8/27/2025 19:13,8/27/2025 19:13
721,721,2026-09-21,2026-09-21,8/28/2025 19:13,8/28/2025 19:13
722,722,2026-09-22,2026-09-22,8/29/2025 19:13,8/29/2025 19:13
723,723,2026-09-23,2026-09-23,8/30/2025 19:13,8/30/2025 19:13
724,724,2026-09-24,2026-09-24,8/31/2025 19:13,8/31/2025 19:13
725,725,2026-09-25,2026-09-25,9/1/2025 19:13,9/1/2025 19:13
726,726,2026-09-26,2026-09-26,9/2/2025 19:13,9/2/2025 19:13
727,727,2026-09-27,2026-09-27,9/3/2025 19:13,9/3/2025 19:13
728,728,2026-09-28,2026-09-28,9/4/2025 19:13,9/4/2025 19:13
729,729,2026-09-29,2026-09-29,9/5/2025 19:13,9/5/2025 19:13
730,730,2026-09-30,2026-09-30,9/6/2025 19:13,9/6/2025 19:13
731,731,2026-10-01,2026-10-01,9/7/2025 19:13,9/7/2025 19:13
732,732,2026-10-02,2026-10-02,9/8/2025 19:13,9/8/2025 19:13
733,733,2026-10-03,2026-10-03,9/9/2025 19:13,9/9/2025 19:13
734,734,2026-10-04,2026-10-04,9/10/2025 19:13,9/10/2025 19:13
735,735,2026-10-05,2026-10-05,9/11/2025 19:13,9/11/2025 19:13
736,736,2026-10-06,2026-10-06,9/12/2025 19:13,9/12/2025 19:13
737,737,2026-10-07,2026-10-07,9/13/2025 19:13,9/13/2025 19:13
738,738,2026-10-08,2026-10-08,9/14/2025 19:13,9/14/2025 19:13
739,739,2026-10-09,2026-10-09,9/15/2025 19:13,9/15/2025 19:13
740,740,2026-10-10,2026-10-10,9/16/2025 19:13,9/16/2025 19:13
741,741,2026-10-11,2026-10-11,9/17/2025 19:13,9/17/2025 19:13
742,742,2026-10-12,2026-10-12,9/18/2025 19:13,9/18/2025 19:13
743,743,2026-10-13,2026-10-13,9/19/2025 19:13,9/19/2025 19:13
744,744,2026-10-14,2026-10-14,9/20/2025 19:13,9/20/2025 19:13
745,745,2026-10-15,2026-10-15,9/21/2025 19:13,9/21/2025 19:13
746,746,2026-10-16,2026-10-16,9/22/2025 19:13,9/22/2025 19:13
747,747,2026-10-17,2026-10-17,9/23/2025 19:13,9/23/2025 19:13
748,748,2026-10-18,2026-10-18,9/24/2025 19:13,9/24/2025 19:13
749,749,2026-10-19,2026-10-19,9/25/2025 19:13,9/25/2025 19:13
750,750,2026-10-20,2026-10-20,9/26/2025 19:13,9/26/2025 19:13
751,751,2026-10-21,2026-10-21,9/27/2025 19:13,9/27/2025 19:13
752,752,2026-10-22,2026-10-22,9/28/2025 19:13,9/28/2025 19:13
753,753,2026-10-23,2026-10-23,9/29/2025 19:13,9/29/2025 19:13
754,754,2026-10-24,2026-10-24,9/30/2025 19:13,9/30/2025 19:13
755,755,2026-10-25,2026-10-25,10/1/2025 19:13,10/1/2025 19:13
756,756,2026-10-26,2026-10-26,10/2/2025 19:13,10/2/2025 19:13
757,757,2026-10-27,2026-10-27,10/3/2025 19:13,10/3/2025 19:13
758,758,2026-10-28,2026-10-28,10/4/2025 19:13,10/4/2025 19:13
759,759,2026-10-29,2026-10-29,10/5/2025 19:13,10/5/2025 19:13
760,760,2026-10-30,2026-10-30,10/6/2025 19:13,10/6/2025 19:13
761,761,2026-10-31,2026-10-31,10/7/2025 19:13,10/7/2025 19:13
762,762,2026-11-01,2026-11-01,10/8/2025 19:13,10/8/2025 19:13
763,763,2026-11-02,2026-11-02,10/9/2025 19:13,10/9/2025 19:13
764,764,2026-11-03,2026-11-03,10/10/2025 19:13,10/10/2025 19:13
765,765,2026-11-04,2026-11-04,10/11/2025 19:13,10/11/2025 19:13
766,766,2026-11-05,2026-11-05,10/12/2025 19:13,10/12/2025 19:13
767,767,2026-11-06,2026-11-06,10/13/2025 19:13,10/13/2025 19:13
768,768,2026-11-07,2026-11-07,10/14/2025 19:13,10/14/2025 19:13
769,769,2026-11-08,2026-11-08,10/15/2025 19:13,10/15/2025 19:13
770,770,2026-11-09,2026-11-09,10/16/2025 19:13,10/16/2025 19:13
771,771,2026-11-10,2026-11-10,10/17/2025 19:13,10/17/2025 19:13
772,772,2026-11-11,2026-11-11,10/18/2025 19:13,10/18/2025 19:13
773,773,2026-11-12,2026-11-12,10/19/2025 19:13,10/19/2025 19:13
774,774,2026-11-13,2026-11-13,10/20/2025 19:13,10/20/2025 19:13
775,775,2026-11-14,2026-11-14,10/21/2025 19:13,10/21/2025 19:13
776,776,2026-11-15,2026-11-15,10/22/2025 19:13,10/22/2025 19:13
777,777,2026-11-16,2026-11-16,10/23/2025 19:13,10/23/2025 19:13
778,778,2026-11-17,2026-11-17,10/24/2025 19:13,10/24/2025 19:13
779,779,2026-11-18,2026-11-18,10/25/2025 19:13,10/25/2025 19:13
780,780,2026-11-19,2026-11-19,10/26/2025 19:13,10/26/2025 19:13
781,781,2026-11-20,2026-11-20,10/27/2025 19:13,10/27/2025 19:13
782,782,2026-11-21,2026-11-21,10/28/2025 19:13,10/28/2025 19:13
783,783,2026-11-22,2026-11-22,10/29/2025 19:13,10/29/2025 19:13
784,784,2026-11-23,2026-11-23,10/30/2025 19:13,10/30/2025 19:13
785,785,2026-11-24,2026-11-24,10/31/2025 19:13,10/31/2025 19:13
786,786,2026-11-25,2026-11-25,11/1/2025 19:13,11/1/2025 19:13
787,787,2026-11-26,2026-11-26,11/2/2025 19:13,11/2/2025 19:13
788,788,2026-11-27,2026-11-27,11/3/2025 19:13,11/3/2025 19:13
789,789,2026-11-28,2026-11-28,11/4/2025 19:13,11/4/2025 19:13
790,790,2026-11-29,2026-11-29,11/5/2025 19:13,11/5/2025 19:13
791,791,2026-11-30,2026-11-30,11/6/2025 19:13,11/6/2025 19:13
792,792,2026-12-01,2026-12-01,11/7/2025 19:13,11/7/2025 19:13
793,793,2026-12-02,2026-12-02,11/8/2025 19:13,11/8/2025 19:13
794,794,2026-12-03,2026-12-03,11/9/2025 19:13,11/9/2025 19:13
795,795,2026-12-04,2026-12-04,11/10/2025 19:13,11/10/2025 19:13
796,796,2026-12-05,2026-12-05,11/11/2025 19:13,11/11/2025 19:13
797,797,2026-12-06,2026-12-06,11/12/2025 19:13,11/12/2025 19:13
798,798,2026-12-07,2026-12-07,11/13/2025 19:13,11/13/2025 19:13
799,799,2026-12-08,2026-12-08,11/14/2025 19:13,11/14/2025 19:13
800,800,2026-12-09,2026-12-09,11/15/2025 19:13,11/15/2025 19:13
801,801,2026-12-10,2026-12-10,11/16/2025 19:13,11/16/2025 19:13
802,802,2026-12-11,2026-12-11,11/17/2025 19:13,11/17/2025 19:13
803,803,2026-12-12,2026-12-12,11/18/2025 19:13,11/18/2025 19:13
804,804,2026-12-13,2026-12-13,11/19/2025 19:13,11/19/2025 19:13
805,805,2026-12-14,2026-12-14,11/20/2025 19:13,11/20/2025 19:13
806,806,2026-12-15,2026-12-15,11/21/2025 19:13,11/21/2025 19:13
807,807,2026-12-16,2026-12-16,11/22/2025 19:13,11/22/2025 19:13
808,808,2026-12-17,2026-12-17,11/23/2025 19:13,11/23/2025 19:13
809,809,2026-12-18,2026-12-18,11/24/2025 19:13,11/24/2025 19:13
810,810,2026-12-19,2026-12-19,11/25/2025 19:13,11/25/2025 19:13
811,811,2026-12-20,2026-12-20,11/26/2025 19:13,11/26/2025 19:13
812,812,2026-12-21,2026-12-21,11/27/2025 19:13,11/27/2025 19:13
813,813,2026-12-22,2026-12-22,11/28/2025 19:13,11/28/2025 19:13
814,814,2026-12-23,2026-12-23,11/29/2025 19:13,11/29/2025 19:13
815,815,2026-12-24,2026-12-24,11/30/2025 19:13,11/30/2025 19:13
816,816,2026-12-25,2026-12-25,12/1/2025 19:13,12/1/2025 19:13
817,817,2026-12-26,2026-12-26,12/2/2025 19:13,12/2/2025 19:13
818,818,2026-12-27,2026-12-27,12/3/2025 19:13,12/3/2025 19:13
819,819,2026-12-28,2026-12-28,12/4/2025 19:13,12/4/2025 19:13
820,820,2026-12-29,2026-12-29,12/5/2025 19:13,12/5/2025 19:13
821,821,2026-12-30,2026-12-30,12/6/2025 19:13,12/6/2025 19:13
822,822,2026-12-31,2026-12-31,12/7/2025 19:13,12/7/2025 19:13
823,823,2027-01-01,2027-01-01,12/8/2025 19:13,12/8/2025 19:13
824,824,2027-01-02,2027-01-02,12/9/2025 19:13,12/9/2025 19:13
825,825,2027-01-03,2027-01-03,12/10/2025 19:13,12/10/2025 19:13
826,826,2027-01-04,2027-01-04,12/11/2025 19:13,12/11/2025 19:13
827,827,2027-01-05,2027-01-05,12/12/2025 19:13,12/12/2025 19:13
828,828,2027-01-06,2027-01-06,12/13/2025 19:13,12/13/2025 19:13
829,829,2027-01-07,2027-01-07,12/14/2025 19:13,12/14/2025 19:13
830,830,2027-01-08,2027-01-08,12/15/2025 19:13,12/15/2025 19:13
831,831,2027-01-09,2027-01-09,12/16/2025 19:13,12/16/2025 19:13
832,832,2027-01-10,2027-01-10,12/17/2025 19:13,12/17/2025 19:13
833,833,2027-01-11,2027-01-11,12/18/2025 19:13,12/18/2025 19:13
834,834,2027-01-12,2027-01-12,12/19/2025 19:13,12/19/2025 19:13
835,835,2027-01-13,2027-01-13,12/20/2025 19:13,12/20/2025 19:13
836,836,2027-01-14,2027-01-14,12/21/2025 19:13,12/21/2025 19:13
837,837,2027-01-15,2027-01-15,12/22/2025 19:13,12/22/2025 19:13
838,838,2027-01-16,2027-01-16,12/23/2025 19:13,12/23/2025 19:13
839,839,2027-01-17,2027-01-17,12/24/2025 19:13,12/24/2025 19:13
840,840,2027-01-18,2027-01-18,12/25/2025 19:13,12/25/2025 19:13
841,841,2027-01-19,2027-01-19,12/26/2025 19:13,12/26/2025 19:13
842,842,2027-01-20,2027-01-20,12/27/2025 19:13,12/27/2025 19:13
843,843,2027-01-21,2027-01-21,12/28/2025 19:13,12/28/2025 19:13
844,844,2027-01-22,2027-01-22,12/29/2025 19:13,12/29/2025 19:13
845,845,2027-01-23,2027-01-23,12/30/2025 19:13,12/30/2025 19:13
846,846,2027-01-24,2027-01-24,12/31/2025 19:13,12/31/2025 19:13
847,847,2027-01-25,2027-01-25,1/1/2026 19:13,1/1/2026 19:13
848,848,2027-01-26,2027-01-26,1/2/2026 19:13,1/2/2026 19:13
849,849,2027-01-27,2027-01-27,1/3/2026 19:13,1/3/2026 19:13
850,850,2027-01-28,2027-01-28,1/4/2026 19:13,1/4/2026 19:13
851,851,2027-01-29,2027-01-29,1/5/2026 19:13,1/5/2026 19:13
852,852,2027-01-30,2027-01-30,1/6/2026 19:13,1/6/2026 19:13
853,853,2027-01-31,2027-01-31,1/7/2026 19:13,1/7/2026 19:13
854,854,2027-02-01,2027-02-01,1/8/2026 19:13,1/8/2026 19:13
855,855,2027-02-02,2027-02-02,1/9/2026 19:13,1/9/2026 19:13
856,856,2027-02-03,2027-02-03,1/10/2026 19:13,1/10/2026 19:13
857,857,2027-02-04,2027-02-04,1/11/2026 19:13,1/11/2026 19:13
858,858,2027-02-05,2027-02-05,1/12/2026 19:13,1/12/2026 19:13
859,859,2027-02-06,2027-02-06,1/13/2026 19:13,1/13/2026 19:13
860,860,2027-02-07,2027-02-07,1/14/2026 19:13,1/14/2026 19:13
861,861,2027-02-08,2027-02-08,1/15/2026 19:13,1/15/2026 19:13
862,862,2027-02-09,2027-02-09,1/16/2026 19:13,1/16/2026 19:13
863,863,2027-02-10,2027-02-10,1/17/2026 19:13,1/17/2026 19:13
864,864,2027-02-11,2027-02-11,1/18/2026 19:13,1/18/2026 19:13
865,865,2027-02-12,2027-02-12,1/19/2026 19:13,1/19/2026 19:13
866,866,2027-02-13,2027-02-13,1/20/2026 19:13,1/20/2026 19:13
867,867,2027-02-14,2027-02-14,1/21/2026 19:13,1/21/2026 19:13
868,868,2027-02-15,2027-02-15,1/22/2026 19:13,1/22/2026 19:13
869,869,2027-02-16,2027-02-16,1/23/2026 19:13,1/23/2026 19:13
870,870,2027-02-17,2027-02-17,1/24/2026 19:13,1/24/2026 19:13
871,871,2027-02-18,2027-02-18,1/25/2026 19:13,1/25/2026 19:13
872,872,2027-02-19,2027-02-19,1/26/2026 19:13,1/26/2026 19:13
873,873,2027-02-20,2027-02-20,1/27/2026 19:13,1/27/2026 19:13
874,874,2027-02-21,2027-02-21,1/28/2026 19:13,1/28/2026 19:13
875,875,2027-02-22,2027-02-22,1/29/2026 19:13,1/29/2026 19:13
876,876,2027-02-23,2027-02-23,1/30/2026 19:13,1/30/2026 19:13
877,877,2027-02-24,2027-02-24,1/31/2026 19:13,1/31/2026 19:13
878,878,2027-02-25,2027-02-25,2/1/2026 19:13,2/1/2026 19:13
879,879,2027-02-26,2027-02-26,2/2/2026 19:13,2/2/2026 19:13
880,880,2027-02-27,2027-02-27,2/3/2026 19:13,2/3/2026 19:13
881,881,2027-02-28,2027-02-28,2/4/2026 19:13,2/4/2026 19:13
882,882,2027-03-01,2027-03-01,2/5/2026 19:13,2/5/2026 19:13
883,883,2027-03-02,2027-03-02,2/6/2026 19:13,2/6/2026 19:13
884,884,2027-03-03,2027-03-03,2/7/2026 19:13,2/7/2026 19:13
885,885,2027-03-04,2027-03-04,2/8/2026 19:13,2/8/2026 19:13
886,886,2027-03-05,2027-03-05,2/9/2026 19:13,2/9/2026 19:13
887,887,2027-03-06,2027-03-06,2/10/2026 19:13,2/10/2026 19:13
888,888,2027-03-07,2027-03-07,2/11/2026 19:13,2/11/2026 19:13
889,889,2027-03-08,2027-03-08,2/12/2026 19:13,2/12/2026 19:13
890,890,2027-03-09,2027-03-09,2/13/2026 19:13,2/13/2026 19:13
891,891,2027-03-10,2027-03-10,2/14/2026 19:13,2/14/2026 19:13
892,892,2027-03-11,2027-03-11,2/15/2026 19:13,2/15/2026 19:13
893,893,2027-03-12,2027-03-12,2/16/2026 19:13,2/16/2026 19:13
894,894,2027-03-13,2027-03-13,2/17/2026 19:13,2/17/2026 19:13
895,895,2027-03-14,2027-03-14,2/18/2026 19:13,2/18/2026 19:13
896,896,2027-03-15,2027-03-15,2/19/2026 19:13,2/19/2026 19:13
897,897,2027-03-16,2027-03-16,2/20/2026 19:13,2/20/2026 19:13
898,898,2027-03-17,2027-03-17,2/21/2026 19:13,2/21/2026 19:13
899,899,2027-03-18,2027-03-18,2/22/2026 19:13,2/22/2026 19:13
900,900,2027-03-19,2027-03-19,2/23/2026 19:13,2/23/2026 19:13
901,901,2027-03-20,2027-03-20,2/24/2026 19:13,2/24/2026 19:13
902,902,2027-03-21,2027-03-21,2/25/2026 19:13,2/25/2026 19:13
903,903,2027-03-22,2027-03-22,2/26/2026 19:13,2/26/2026 19:13
904,904,2027-03-23,2027-03-23,2/27/2026 19:13,2/27/2026 19:13
905,905,2027-03-24,2027-03-24,2/28/2026 19:13,2/28/2026 19:13
906,906,2027-03-25,2027-03-25,3/1/2026 19:13,3/1/2026 19:13
907,907,2027-03-26,2027-03-26,3/2/2026 19:13,3/2/2026 19:13
908,908,2027-03-27,2027-03-27,3/3/2026 19:13,3/3/2026 19:13
909,909,2027-03-28,2027-03-28,3/4/2026 19:13,3/4/2026 19:13
910,910,2027-03-29,2027-03-29,3/5/2026 19:13,3/5/2026 19:13
911,911,2027-03-30,2027-03-30,3/6/2026 19:13,3/6/2026 19:13
912,912,2027-03-31,2027-03-31,3/7/2026 19:13,3/7/2026 19:13
913,913,2027-04-01,2027-04-01,3/8/2026 19:13,3/8/2026 19:13
914,914,2027-04-02,2027-04-02,3/9/2026 19:13,3/9/2026 19:13
915,915,2027-04-03,2027-04-03,3/10/2026 19:13,3/10/2026 19:13
916,916,2027-04-04,2027-04-04,3/11/2026 19:13,3/11/2026 19:13
917,917,2027-04-05,2027-04-05,3/12/2026 19:13,3/12/2026 19:13
918,918,2027-04-06,2027-04-06,3/13/2026 19:13,3/13/2026 19:13
919,919,2027-04-07,2027-04-07,3/14/2026 19:13,3/14/2026 19:13
920,920,2027-04-08,2027-04-08,3/15/2026 19:13,3/15/2026 19:13
921,921,2027-04-09,2027-04-09,3/16/2026 19:13,3/16/2026 19:13
922,922,2027-04-10,2027-04-10,3/17/2026 19:13,3/17/2026 19:13
923,923,2027-04-11,2027-04-11,3/18/2026 19:13,3/18/2026 19:13
924,924,2027-04-12,2027-04-12,3/19/2026 19:13,3/19/2026 19:13
925,925,2027-04-13,2027-04-13,3/20/2026 19:13,3/20/2026 19:13
926,926,2027-04-14,2027-04-14,3/21/2026 19:13,3/21/2026 19:13
927,927,2027-04-15,2027-04-15,3/22/2026 19:13,3/22/2026 19:13
928,928,2027-04-16,2027-04-16,3/23/2026 19:13,3/23/2026 19:13
929,929,2027-04-17,2027-04-17,3/24/2026 19:13,3/24/2026 19:13
930,930,2027-04-18,2027-04-18,3/25/2026 19:13,3/25/2026 19:13
931,931,2027-04-19,2027-04-19,3/26/2026 19:13,3/26/2026 19:13
932,932,2027-04-20,2027-04-20,3/27/2026 19:13,3/27/2026 19:13
933,933,2027-04-21,2027-04-21,3/28/2026 19:13,3/28/2026 19:13
934,934,2027-04-22,2027-04-22,3/29/2026 19:13,3/29/2026 19:13
935,935,2027-04-23,2027-04-23,3/30/2026 19:13,3/30/2026 19:13
936,936,2027-04-24,2027-04-24,3/31/2026 19:13,3/31/2026 19:13
937,937,2027-04-25,2027-04-25,4/1/2026 19:13,4/1/2026 19:13
938,938,2027-04-26,2027-04-26,4/2/2026 19:13,4/2/2026 19:13
939,939,2027-04-27,2027-04-27,4/3/2026 19:13,4/3/2026 19:13
940,940,2027-04-28,2027-04-28,4/4/2026 19:13,4/4/2026 19:13
941,941,2027-04-29,2027-04-29,4/5/2026 19:13,4/5/2026 19:13
942,942,2027-04-30,2027-04-30,4/6/2026 19:13,4/6/2026 19:13
943,943,2027-05-01,2027-05-01,4/7/2026 19:13,4/7/2026 19:13
944,944,2027-05-02,2027-05-02,4/8/2026 19:13,4/8/2026 19:13
945,945,2027-05-03,2027-05-03,4/9/2026 19:13,4/9/2026 19:13
946,946,2027-05-04,2027-05-04,4/10/2026 19:13,4/10/2026 19:13
947,947,2027-05-05,2027-05-05,4/11/2026 19:13,4/11/2026 19:13
948,948,2027-05-06,2027-05-06,4/12/2026 19:13,4/12/2026 19:13
949,949,2027-05-07,2027-05-07,4/13/2026 19:13,4/13/2026 19:13
950,950,2027-05-08,2027-05-08,4/14/2026 19:13,4/14/2026 19:13
951,951,2027-05-09,2027-05-09,4/15/2026 19:13,4/15/2026 19:13
952,952,2027-05-10,2027-05-10,4/16/2026 19:13,4/16/2026 19:13
953,953,2027-05-11,2027-05-11,4/17/2026 19:13,4/17/2026 19:13
954,954,2027-05-12,2027-05-12,4/18/2026 19:13,4/18/2026 19:13
955,955,2027-05-13,2027-05-13,4/19/2026 19:13,4/19/2026 19:13
956,956,2027-05-14,2027-05-14,4/20/2026 19:13,4/20/2026 19:13
957,957,2027-05-15,2027-05-15,4/21/2026 19:13,4/21/2026 19:13
958,958,2027-05-16,2027-05-16,4/22/2026 19:13,4/22/2026 19:13
959,959,2027-05-17,2027-05-17,4/23/2026 19:13,4/23/2026 19:13
960,960,2027-05-18,2027-05-18,4/24/2026 19:13,4/24/2026 19:13
961,961,2027-05-19,2027-05-19,4/25/2026 19:13,4/25/2026 19:13
962,962,2027-05-20,2027-05-20,4/26/2026 19:13,4/26/2026 19:13
963,963,2027-05-21,2027-05-21,4/27/2026 19:13,4/27/2026 19:13
964,964,2027-05-22,2027-05-22,4/28/2026 19:13,4/28/2026 19:13
965,965,2027-05-23,2027-05-23,4/29/2026 19:13,4/29/2026 19:13
966,966,2027-05-24,2027-05-24,4/30/2026 19:13,4/30/2026 19:13
967,967,2027-05-25,2027-05-25,5/1/2026 19:13,5/1/2026 19:13
968,968,2027-05-26,2027-05-26,5/2/2026 19:13,5/2/2026 19:13
969,969,2027-05-27,2027-05-27,5/3/2026 19:13,5/3/2026 19:13
970,970,2027-05-28,2027-05-28,5/4/2026 19:13,5/4/2026 19:13
971,971,2027-05-29,2027-05-29,5/5/2026 19:13,5/5/2026 19:13
972,972,2027-05-30,2027-05-30,5/6/2026 19:13,5/6/2026 19:13
973,973,2027-05-31,2027-05-31,5/7/2026 19:13,5/7/2026 19:13
974,974,2027-06-01,2027-06-01,5/8/2026 19:13,5/8/2026 19:13
975,975,2027-06-02,2027-06-02,5/9/2026 19:13,5/9/2026 19:13
976,976,2027-06-03,2027-06-03,5/10/2026 19:13,5/10/2026 19:13
977,977,2027-06-04,2027-06-04,5/11/2026 19:13,5/11/2026 19:13
978,978,2027-06-05,2027-06-05,5/12/2026 19:13,5/12/2026 19:13
979,979,2027-06-06,2027-06-06,5/13/2026 19:13,5/13/2026 19:13
980,980,2027-06-07,2027-06-07,5/14/2026 19:13,5/14/2026 19:13
981,981,2027-06-08,2027-06-08,5/15/2026 19:13,5/15/2026 19:13
982,982,2027-06-09,2027-06-09,5/16/2026 19:13,5/16/2026 19:13
983,983,2027-06-10,2027-06-10,5/17/2026 19:13,5/17/2026 19:13
984,984,2027-06-11,2027-06-11,5/18/2026 19:13,5/18/2026 19:13
985,985,2027-06-12,2027-06-12,5/19/2026 19:13,5/19/2026 19:13
986,986,2027-06-13,2027-06-13,5/20/2026 19:13,5/20/2026 19:13
987,987,2027-06-14,2027-06-14,5/21/2026 19:13,5/21/2026 19:13
988,988,2027-06-15,2027-06-15,5/22/2026 19:13,5/22/2026 19:13
989,989,2027-06-16,2027-06-16,5/23/2026 19:13,5/23/2026 19:13
990,990,2027-06-17,2027-06-17,5/24/2026 19:13,5/24/2026 19:13
991,991,2027-06-18,2027-06-18,5/25/2026 19:13,5/25/2026 19:13
992,992,2027-06-19,2027-06-19,5/26/2026 19:13,5/26/2026 19:13
993,993,2027-06-20,2027-06-20,5/27/2026 19:13,5/27/2026 19:13
994,994,2027-06-21,2027-06-21,5/28/2026 19:13,5/28/2026 19:13
995,995,2027-06-22,2027-06-22,5/29/2026 19:13,5/29/2026 19:13
996,996,2027-06-23,2027-06-23,5/30/2026 19:13,5/30/2026 19:13
997,997,2027-06-24,2027-06-24,5/31/2026 19:13,5/31/2026 19:13
998,998,2027-06-25,2027-06-25,6/1/2026 19:13,6/1/2026 19:13
999,999,2027-06-26,2027-06-26,6/2/2026 19:13,6/2/2026 19:13
1000,1000,2027-06-27,2027-06-27,6/3/2026 19:13,6/3/2026 19:13
