1,1,270,23:57:00,7:57:00,16:00:00,2/24/2024 22:53,2/24/2024 22:53
2,2,437,20:26:00,2:26:00,18:00:00,10/31/2023 7:32,10/31/2023 7:32
3,3,114,17:01:00,22:01:00,5:00:00,12/15/2023 19:39,12/15/2023 19:39
4,4,724,1:52:00,13:52:00,12:00:00,1/22/2024 19:10,1/22/2024 19:10
5,5,887,16:33:00,17:33:00,1:00:00,2/15/2024 5:34,2/15/2024 5:34
6,6,641,11:33:00,19:33:00,8:00:00,8/11/2023 6:13,8/11/2023 6:13
7,7,384,10:15:00,19:15:00,9:00:00,4/11/2024 14:28,4/11/2024 14:28
8,8,28,21:20:00,7:20:00,14:00:00,5/24/2024 0:38,5/24/2024 0:38
9,9,296,19:29:00,23:29:00,4:00:00,12/8/2023 14:03,12/8/2023 14:03
10,10,698,14:26:00,16:26:00,2:00:00,9/15/2023 5:36,9/15/2023 5:36
11,11,406,1:07:00,5:07:00,4:00:00,9/18/2023 19:13,9/18/2023 19:13
12,12,765,10:18:00,11:18:00,1:00:00,9/19/2023 19:13,9/19/2023 19:13
13,13,412,4:32:00,5:32:00,1:00:00,9/20/2023 19:13,9/20/2023 19:13
14,14,766,3:19:00,13:19:00,10:00:00,9/21/2023 19:13,9/21/2023 19:13
15,15,922,6:17:00,9:17:00,3:00:00,9/22/2023 19:13,9/22/2023 19:13
16,16,116,1:30:00,3:30:00,2:00:00,9/23/2023 19:13,9/23/2023 19:13
17,17,451,9:49:00,19:49:00,10:00:00,9/24/2023 19:13,9/24/2023 19:13
18,18,663,3:16:00,7:16:00,4:00:00,9/25/2023 19:13,9/25/2023 19:13
19,19,424,4:34:00,6:34:00,2:00:00,9/26/2023 19:13,9/26/2023 19:13
20,20,812,21:53:00,8:53:00,13:00:00,9/27/2023 19:13,9/27/2023 19:13
21,21,828,17:41:00,20:41:00,3:00:00,9/28/2023 19:13,9/28/2023 19:13
22,22,832,1:56:00,7:56:00,6:00:00,9/29/2023 19:13,9/29/2023 19:13
23,23,201,8:20:00,20:20:00,12:00:00,9/30/2023 19:13,9/30/2023 19:13
24,24,225,15:54:00,1:54:00,14:00:00,10/1/2023 19:13,10/1/2023 19:13
25,25,691,9:17:00,12:17:00,3:00:00,10/2/2023 19:13,10/2/2023 19:13
26,26,633,23:08:00,6:08:00,17:00:00,10/3/2023 19:13,10/3/2023 19:13
27,27,1000,10:19:00,15:19:00,5:00:00,10/4/2023 19:13,10/4/2023 19:13
28,28,912,23:50:00,7:50:00,16:00:00,10/5/2023 19:13,10/5/2023 19:13
29,29,276,0:54:00,4:54:00,4:00:00,10/6/2023 19:13,10/6/2023 19:13
30,30,534,14:47:00,17:47:00,3:00:00,10/7/2023 19:13,10/7/2023 19:13
31,31,492,15:47:00,23:47:00,8:00:00,10/8/2023 19:13,10/8/2023 19:13
32,32,755,21:02:00,7:02:00,14:00:00,10/9/2023 19:13,10/9/2023 19:13
33,33,245,14:58:00,0:58:00,14:00:00,10/10/2023 19:13,10/10/2023 19:13
34,34,999,5:59:00,11:59:00,6:00:00,10/11/2023 19:13,10/11/2023 19:13
35,35,193,17:12:00,1:12:00,16:00:00,10/12/2023 19:13,10/12/2023 19:13
36,36,636,22:50:00,7:50:00,15:00:00,10/13/2023 19:13,10/13/2023 19:13
37,37,708,8:39:00,17:39:00,9:00:00,10/14/2023 19:13,10/14/2023 19:13
38,38,372,20:14:00,1:14:00,19:00:00,10/15/2023 19:13,10/15/2023 19:13
39,39,37,19:13:00,23:13:00,4:00:00,10/16/2023 19:13,10/16/2023 19:13
40,40,873,20:00:00,23:00:00,3:00:00,10/17/2023 19:13,10/17/2023 19:13
41,41,918,11:22:00,20:22:00,9:00:00,10/18/2023 19:13,10/18/2023 19:13
42,42,860,20:57:00,1:57:00,19:00:00,10/19/2023 19:13,10/19/2023 19:13
43,43,703,4:50:00,5:50:00,1:00:00,10/20/2023 19:13,10/20/2023 19:13
44,44,259,13:44:00,21:44:00,8:00:00,10/21/2023 19:13,10/21/2023 19:13
45,45,903,10:11:00,21:11:00,11:00:00,10/22/2023 19:13,10/22/2023 19:13
46,46,42,11:34:00,20:34:00,9:00:00,10/23/2023 19:13,10/23/2023 19:13
47,47,518,13:45:00,22:45:00,9:00:00,10/24/2023 19:13,10/24/2023 19:13
48,48,892,6:40:00,16:40:00,10:00:00,10/25/2023 19:13,10/25/2023 19:13
49,49,88,16:57:00,18:57:00,2:00:00,10/26/2023 19:13,10/26/2023 19:13
50,50,367,6:38:00,11:38:00,5:00:00,10/27/2023 19:13,10/27/2023 19:13
51,51,596,11:44:00,13:44:00,2:00:00,10/28/2023 19:13,10/28/2023 19:13
52,52,961,0:10:00,8:10:00,8:00:00,10/29/2023 19:13,10/29/2023 19:13
53,53,97,16:02:00,22:02:00,6:00:00,10/30/2023 19:13,10/30/2023 19:13
54,54,217,11:59:00,13:59:00,2:00:00,10/31/2023 19:13,10/31/2023 19:13
55,55,613,22:05:00,1:05:00,21:00:00,11/1/2023 19:13,11/1/2023 19:13
56,56,822,9:18:00,20:18:00,11:00:00,11/2/2023 19:13,11/2/2023 19:13
57,57,423,11:28:00,19:28:00,8:00:00,11/3/2023 19:13,11/3/2023 19:13
58,58,857,4:21:00,8:21:00,4:00:00,11/4/2023 19:13,11/4/2023 19:13
59,59,673,23:25:00,6:25:00,17:00:00,11/5/2023 19:13,11/5/2023 19:13
60,60,875,9:56:00,15:56:00,6:00:00,11/6/2023 19:13,11/6/2023 19:13
61,61,357,1:09:00,5:09:00,4:00:00,11/7/2023 19:13,11/7/2023 19:13
62,62,33,17:37:00,0:37:00,17:00:00,11/8/2023 19:13,11/8/2023 19:13
63,63,785,2:23:00,8:23:00,6:00:00,11/9/2023 19:13,11/9/2023 19:13
64,64,590,14:38:00,1:38:00,13:00:00,11/10/2023 19:13,11/10/2023 19:13
65,65,288,22:45:00,2:45:00,20:00:00,11/11/2023 19:13,11/11/2023 19:13
66,66,217,0:47:00,5:47:00,5:00:00,11/12/2023 19:13,11/12/2023 19:13
67,67,612,0:30:00,8:30:00,8:00:00,11/13/2023 19:13,11/13/2023 19:13
68,68,579,11:23:00,15:23:00,4:00:00,11/14/2023 19:13,11/14/2023 19:13
69,69,687,18:44:00,23:44:00,5:00:00,11/15/2023 19:13,11/15/2023 19:13
70,70,602,1:34:00,10:34:00,9:00:00,11/16/2023 19:13,11/16/2023 19:13
71,71,805,4:18:00,15:18:00,11:00:00,11/17/2023 19:13,11/17/2023 19:13
72,72,590,1:39:00,2:39:00,1:00:00,11/18/2023 19:13,11/18/2023 19:13
73,73,752,14:51:00,2:51:00,12:00:00,11/19/2023 19:13,11/19/2023 19:13
74,74,398,22:39:00,10:39:00,12:00:00,11/20/2023 19:13,11/20/2023 19:13
75,75,12,11:00:00,12:00:00,1:00:00,11/21/2023 19:13,11/21/2023 19:13
76,76,488,12:52:00,18:52:00,6:00:00,11/22/2023 19:13,11/22/2023 19:13
77,77,478,2:40:00,7:40:00,5:00:00,11/23/2023 19:13,11/23/2023 19:13
78,78,226,12:51:00,17:51:00,5:00:00,11/24/2023 19:13,11/24/2023 19:13
79,79,964,6:14:00,13:14:00,7:00:00,11/25/2023 19:13,11/25/2023 19:13
80,80,247,2:07:00,3:07:00,1:00:00,11/26/2023 19:13,11/26/2023 19:13
81,81,396,4:47:00,16:47:00,12:00:00,11/27/2023 19:13,11/27/2023 19:13
82,82,49,22:43:00,7:43:00,15:00:00,11/28/2023 19:13,11/28/2023 19:13
83,83,959,8:50:00,15:50:00,7:00:00,11/29/2023 19:13,11/29/2023 19:13
84,84,790,21:14:00,22:14:00,1:00:00,11/30/2023 19:13,11/30/2023 19:13
85,85,41,22:10:00,3:10:00,19:00:00,12/1/2023 19:13,12/1/2023 19:13
86,86,842,12:17:00,13:17:00,1:00:00,12/2/2023 19:13,12/2/2023 19:13
87,87,695,15:15:00,2:15:00,13:00:00,12/3/2023 19:13,12/3/2023 19:13
88,88,764,13:25:00,1:25:00,12:00:00,12/4/2023 19:13,12/4/2023 19:13
89,89,815,17:16:00,23:16:00,6:00:00,12/5/2023 19:13,12/5/2023 19:13
90,90,492,5:55:00,17:55:00,12:00:00,12/6/2023 19:13,12/6/2023 19:13
91,91,272,17:09:00,19:09:00,2:00:00,12/7/2023 19:13,12/7/2023 19:13
92,92,481,14:43:00,18:43:00,4:00:00,12/8/2023 19:13,12/8/2023 19:13
93,93,384,21:24:00,5:24:00,16:00:00,12/9/2023 19:13,12/9/2023 19:13
94,94,666,14:53:00,16:53:00,2:00:00,12/10/2023 19:13,12/10/2023 19:13
95,95,805,22:41:00,6:41:00,16:00:00,12/11/2023 19:13,12/11/2023 19:13
96,96,563,4:40:00,11:40:00,7:00:00,12/12/2023 19:13,12/12/2023 19:13
97,97,560,20:59:00,2:59:00,18:00:00,12/13/2023 19:13,12/13/2023 19:13
98,98,20,17:30:00,20:30:00,3:00:00,12/14/2023 19:13,12/14/2023 19:13
99,99,219,15:56:00,0:56:00,15:00:00,12/15/2023 19:13,12/15/2023 19:13
100,100,363,2:53:00,11:53:00,9:00:00,12/16/2023 19:13,12/16/2023 19:13
101,101,613,5:16:00,17:16:00,12:00:00,12/17/2023 19:13,12/17/2023 19:13
102,102,47,18:23:00,5:23:00,13:00:00,12/18/2023 19:13,12/18/2023 19:13
103,103,666,10:22:00,19:22:00,9:00:00,12/19/2023 19:13,12/19/2023 19:13
104,104,273,5:25:00,16:25:00,11:00:00,12/20/2023 19:13,12/20/2023 19:13
105,105,244,18:37:00,5:37:00,13:00:00,12/21/2023 19:13,12/21/2023 19:13
106,106,920,7:47:00,18:47:00,11:00:00,12/22/2023 19:13,12/22/2023 19:13
107,107,410,0:38:00,3:38:00,3:00:00,12/23/2023 19:13,12/23/2023 19:13
108,108,186,18:11:00,1:11:00,17:00:00,12/24/2023 19:13,12/24/2023 19:13
109,109,154,13:37:00,23:37:00,10:00:00,12/25/2023 19:13,12/25/2023 19:13
110,110,21,12:24:00,18:24:00,6:00:00,12/26/2023 19:13,12/26/2023 19:13
111,111,981,0:01:00,4:01:00,4:00:00,12/27/2023 19:13,12/27/2023 19:13
112,112,723,5:46:00,14:46:00,9:00:00,12/28/2023 19:13,12/28/2023 19:13
113,113,545,1:55:00,4:55:00,3:00:00,12/29/2023 19:13,12/29/2023 19:13
114,114,702,6:56:00,9:56:00,3:00:00,12/30/2023 19:13,12/30/2023 19:13
115,115,117,1:23:00,13:23:00,12:00:00,12/31/2023 19:13,12/31/2023 19:13
116,116,806,12:34:00,0:34:00,12:00:00,1/1/2024 19:13,1/1/2024 19:13
117,117,405,3:18:00,7:18:00,4:00:00,1/2/2024 19:13,1/2/2024 19:13
118,118,39,9:16:00,19:16:00,10:00:00,1/3/2024 19:13,1/3/2024 19:13
119,119,905,22:06:00,6:06:00,16:00:00,1/4/2024 19:13,1/4/2024 19:13
120,120,90,9:07:00,12:07:00,3:00:00,1/5/2024 19:13,1/5/2024 19:13
121,121,295,0:31:00,2:31:00,2:00:00,1/6/2024 19:13,1/6/2024 19:13
122,122,49,15:24:00,16:24:00,1:00:00,1/7/2024 19:13,1/7/2024 19:13
123,123,329,20:28:00,23:28:00,3:00:00,1/8/2024 19:13,1/8/2024 19:13
124,124,157,16:50:00,2:50:00,14:00:00,1/9/2024 19:13,1/9/2024 19:13
125,125,767,21:37:00,22:37:00,1:00:00,1/10/2024 19:13,1/10/2024 19:13
126,126,200,22:59:00,9:59:00,13:00:00,1/11/2024 19:13,1/11/2024 19:13
127,127,374,15:11:00,1:11:00,14:00:00,1/12/2024 19:13,1/12/2024 19:13
128,128,328,0:27:00,11:27:00,11:00:00,1/13/2024 19:13,1/13/2024 19:13
129,129,742,9:05:00,21:05:00,12:00:00,1/14/2024 19:13,1/14/2024 19:13
130,130,700,3:54:00,4:54:00,1:00:00,1/15/2024 19:13,1/15/2024 19:13
131,131,330,5:42:00,13:42:00,8:00:00,1/16/2024 19:13,1/16/2024 19:13
132,132,382,15:38:00,23:38:00,8:00:00,1/17/2024 19:13,1/17/2024 19:13
133,133,310,4:11:00,13:11:00,9:00:00,1/18/2024 19:13,1/18/2024 19:13
134,134,599,13:06:00,15:06:00,2:00:00,1/19/2024 19:13,1/19/2024 19:13
135,135,833,3:09:00,5:09:00,2:00:00,1/20/2024 19:13,1/20/2024 19:13
136,136,169,1:23:00,8:23:00,7:00:00,1/21/2024 19:13,1/21/2024 19:13
137,137,726,4:29:00,12:29:00,8:00:00,1/22/2024 19:13,1/22/2024 19:13
138,138,775,17:57:00,21:57:00,4:00:00,1/23/2024 19:13,1/23/2024 19:13
139,139,63,2:13:00,10:13:00,8:00:00,1/24/2024 19:13,1/24/2024 19:13
140,140,410,12:01:00,16:01:00,4:00:00,1/25/2024 19:13,1/25/2024 19:13
141,141,907,4:28:00,13:28:00,9:00:00,1/26/2024 19:13,1/26/2024 19:13
142,142,157,16:06:00,2:06:00,14:00:00,1/27/2024 19:13,1/27/2024 19:13
143,143,438,21:07:00,22:07:00,1:00:00,1/28/2024 19:13,1/28/2024 19:13
144,144,225,0:51:00,12:51:00,12:00:00,1/29/2024 19:13,1/29/2024 19:13
145,145,874,18:16:00,19:16:00,1:00:00,1/30/2024 19:13,1/30/2024 19:13
146,146,593,0:01:00,5:01:00,5:00:00,1/31/2024 19:13,1/31/2024 19:13
147,147,212,14:36:00,1:36:00,13:00:00,2/1/2024 19:13,2/1/2024 19:13
148,148,832,19:53:00,21:53:00,2:00:00,2/2/2024 19:13,2/2/2024 19:13
149,149,955,5:23:00,10:23:00,5:00:00,2/3/2024 19:13,2/3/2024 19:13
150,150,54,2:44:00,3:44:00,1:00:00,2/4/2024 19:13,2/4/2024 19:13
151,151,57,12:42:00,20:42:00,8:00:00,2/5/2024 19:13,2/5/2024 19:13
152,152,352,22:52:00,7:52:00,15:00:00,2/6/2024 19:13,2/6/2024 19:13
153,153,138,20:54:00,0:54:00,20:00:00,2/7/2024 19:13,2/7/2024 19:13
154,154,62,17:01:00,23:01:00,6:00:00,2/8/2024 19:13,2/8/2024 19:13
155,155,500,5:09:00,9:09:00,4:00:00,2/9/2024 19:13,2/9/2024 19:13
156,156,380,12:02:00,22:02:00,10:00:00,2/10/2024 19:13,2/10/2024 19:13
157,157,319,23:40:00,0:40:00,23:00:00,2/11/2024 19:13,2/11/2024 19:13
158,158,583,11:55:00,16:55:00,5:00:00,2/12/2024 19:13,2/12/2024 19:13
159,159,880,17:54:00,4:54:00,13:00:00,2/13/2024 19:13,2/13/2024 19:13
160,160,196,15:13:00,20:13:00,5:00:00,2/14/2024 19:13,2/14/2024 19:13
161,161,492,7:44:00,10:44:00,3:00:00,2/15/2024 19:13,2/15/2024 19:13
162,162,570,9:38:00,21:38:00,12:00:00,2/16/2024 19:13,2/16/2024 19:13
163,163,331,4:38:00,15:38:00,11:00:00,2/17/2024 19:13,2/17/2024 19:13
164,164,370,19:03:00,4:03:00,15:00:00,2/18/2024 19:13,2/18/2024 19:13
165,165,28,19:58:00,23:58:00,4:00:00,2/19/2024 19:13,2/19/2024 19:13
166,166,887,5:26:00,9:26:00,4:00:00,2/20/2024 19:13,2/20/2024 19:13
167,167,869,7:15:00,11:15:00,4:00:00,2/21/2024 19:13,2/21/2024 19:13
168,168,285,4:31:00,6:31:00,2:00:00,2/22/2024 19:13,2/22/2024 19:13
169,169,606,22:31:00,6:31:00,16:00:00,2/23/2024 19:13,2/23/2024 19:13
170,170,924,19:26:00,23:26:00,4:00:00,2/24/2024 19:13,2/24/2024 19:13
171,171,91,6:08:00,17:08:00,11:00:00,2/25/2024 19:13,2/25/2024 19:13
172,172,786,3:28:00,8:28:00,5:00:00,2/26/2024 19:13,2/26/2024 19:13
173,173,785,14:25:00,16:25:00,2:00:00,2/27/2024 19:13,2/27/2024 19:13
174,174,972,2:49:00,11:49:00,9:00:00,2/28/2024 19:13,2/28/2024 19:13
175,175,836,9:59:00,10:59:00,1:00:00,2/29/2024 19:13,2/29/2024 19:13
176,176,738,17:41:00,2:41:00,15:00:00,3/1/2024 19:13,3/1/2024 19:13
177,177,590,3:58:00,14:58:00,11:00:00,3/2/2024 19:13,3/2/2024 19:13
178,178,818,15:16:00,0:16:00,15:00:00,3/3/2024 19:13,3/3/2024 19:13
179,179,85,0:02:00,5:02:00,5:00:00,3/4/2024 19:13,3/4/2024 19:13
180,180,862,5:55:00,13:55:00,8:00:00,3/5/2024 19:13,3/5/2024 19:13
181,181,278,11:23:00,22:23:00,11:00:00,3/6/2024 19:13,3/6/2024 19:13
182,182,79,18:22:00,0:22:00,18:00:00,3/7/2024 19:13,3/7/2024 19:13
183,183,682,12:55:00,20:55:00,8:00:00,3/8/2024 19:13,3/8/2024 19:13
184,184,60,21:53:00,22:53:00,1:00:00,3/9/2024 19:13,3/9/2024 19:13
185,185,668,13:07:00,0:07:00,13:00:00,3/10/2024 19:13,3/10/2024 19:13
186,186,844,16:45:00,20:45:00,4:00:00,3/11/2024 19:13,3/11/2024 19:13
187,187,725,0:49:00,10:49:00,10:00:00,3/12/2024 19:13,3/12/2024 19:13
188,188,409,10:27:00,11:27:00,1:00:00,3/13/2024 19:13,3/13/2024 19:13
189,189,683,21:26:00,8:26:00,13:00:00,3/14/2024 19:13,3/14/2024 19:13
190,190,340,4:21:00,11:21:00,7:00:00,3/15/2024 19:13,3/15/2024 19:13
191,191,911,22:16:00,1:16:00,21:00:00,3/16/2024 19:13,3/16/2024 19:13
192,192,155,16:30:00,1:30:00,15:00:00,3/17/2024 19:13,3/17/2024 19:13
193,193,128,10:16:00,21:16:00,11:00:00,3/18/2024 19:13,3/18/2024 19:13
194,194,996,14:03:00,20:03:00,6:00:00,3/19/2024 19:13,3/19/2024 19:13
195,195,177,11:46:00,20:46:00,9:00:00,3/20/2024 19:13,3/20/2024 19:13
196,196,166,15:56:00,18:56:00,3:00:00,3/21/2024 19:13,3/21/2024 19:13
197,197,500,18:27:00,22:27:00,4:00:00,3/22/2024 19:13,3/22/2024 19:13
198,198,627,15:54:00,1:54:00,14:00:00,3/23/2024 19:13,3/23/2024 19:13
199,199,446,9:13:00,16:13:00,7:00:00,3/24/2024 19:13,3/24/2024 19:13
200,200,307,9:31:00,21:31:00,12:00:00,3/25/2024 19:13,3/25/2024 19:13
201,201,836,17:53:00,19:53:00,2:00:00,3/26/2024 19:13,3/26/2024 19:13
202,202,45,15:24:00,19:24:00,4:00:00,3/27/2024 19:13,3/27/2024 19:13
203,203,605,14:48:00,17:48:00,3:00:00,3/28/2024 19:13,3/28/2024 19:13
204,204,907,0:35:00,3:35:00,3:00:00,3/29/2024 19:13,3/29/2024 19:13
205,205,902,12:51:00,15:51:00,3:00:00,3/30/2024 19:13,3/30/2024 19:13
206,206,170,12:55:00,13:55:00,1:00:00,3/31/2024 19:13,3/31/2024 19:13
207,207,751,4:04:00,5:04:00,1:00:00,4/1/2024 19:13,4/1/2024 19:13
208,208,316,17:49:00,18:49:00,1:00:00,4/2/2024 19:13,4/2/2024 19:13
209,209,390,22:51:00,6:51:00,16:00:00,4/3/2024 19:13,4/3/2024 19:13
210,210,692,21:33:00,4:33:00,17:00:00,4/4/2024 19:13,4/4/2024 19:13
211,211,319,13:11:00,23:11:00,10:00:00,4/5/2024 19:13,4/5/2024 19:13
212,212,782,8:23:00,19:23:00,11:00:00,4/6/2024 19:13,4/6/2024 19:13
213,213,910,7:14:00,19:14:00,12:00:00,4/7/2024 19:13,4/7/2024 19:13
214,214,112,6:12:00,17:12:00,11:00:00,4/8/2024 19:13,4/8/2024 19:13
215,215,932,16:40:00,19:40:00,3:00:00,4/9/2024 19:13,4/9/2024 19:13
216,216,289,9:17:00,13:17:00,4:00:00,4/10/2024 19:13,4/10/2024 19:13
217,217,962,23:01:00,7:01:00,16:00:00,4/11/2024 19:13,4/11/2024 19:13
218,218,837,6:59:00,13:59:00,7:00:00,4/12/2024 19:13,4/12/2024 19:13
219,219,718,19:16:00,3:16:00,16:00:00,4/13/2024 19:13,4/13/2024 19:13
220,220,276,17:46:00,23:46:00,6:00:00,4/14/2024 19:13,4/14/2024 19:13
221,221,341,12:10:00,19:10:00,7:00:00,4/15/2024 19:13,4/15/2024 19:13
222,222,589,6:23:00,13:23:00,7:00:00,4/16/2024 19:13,4/16/2024 19:13
223,223,80,10:59:00,16:59:00,6:00:00,4/17/2024 19:13,4/17/2024 19:13
224,224,346,16:06:00,22:06:00,6:00:00,4/18/2024 19:13,4/18/2024 19:13
225,225,631,1:35:00,3:35:00,2:00:00,4/19/2024 19:13,4/19/2024 19:13
226,226,958,20:21:00,21:21:00,1:00:00,4/20/2024 19:13,4/20/2024 19:13
227,227,997,11:01:00,13:01:00,2:00:00,4/21/2024 19:13,4/21/2024 19:13
228,228,95,14:20:00,1:20:00,13:00:00,4/22/2024 19:13,4/22/2024 19:13
229,229,982,14:33:00,2:33:00,12:00:00,4/23/2024 19:13,4/23/2024 19:13
230,230,476,20:54:00,22:54:00,2:00:00,4/24/2024 19:13,4/24/2024 19:13
231,231,860,18:58:00,5:58:00,13:00:00,4/25/2024 19:13,4/25/2024 19:13
232,232,452,11:39:00,15:39:00,4:00:00,4/26/2024 19:13,4/26/2024 19:13
233,233,650,3:31:00,8:31:00,5:00:00,4/27/2024 19:13,4/27/2024 19:13
234,234,385,3:10:00,8:10:00,5:00:00,4/28/2024 19:13,4/28/2024 19:13
235,235,586,16:56:00,1:56:00,15:00:00,4/29/2024 19:13,4/29/2024 19:13
236,236,334,8:19:00,9:19:00,1:00:00,4/30/2024 19:13,4/30/2024 19:13
237,237,628,1:45:00,5:45:00,4:00:00,5/1/2024 19:13,5/1/2024 19:13
238,238,897,9:44:00,14:44:00,5:00:00,5/2/2024 19:13,5/2/2024 19:13
239,239,798,6:14:00,14:14:00,8:00:00,5/3/2024 19:13,5/3/2024 19:13
240,240,546,23:00:00,1:00:00,22:00:00,5/4/2024 19:13,5/4/2024 19:13
241,241,915,21:13:00,2:13:00,19:00:00,5/5/2024 19:13,5/5/2024 19:13
242,242,605,14:51:00,23:51:00,9:00:00,5/6/2024 19:13,5/6/2024 19:13
243,243,299,16:39:00,23:39:00,7:00:00,5/7/2024 19:13,5/7/2024 19:13
244,244,894,12:25:00,23:25:00,11:00:00,5/8/2024 19:13,5/8/2024 19:13
245,245,471,13:38:00,18:38:00,5:00:00,5/9/2024 19:13,5/9/2024 19:13
246,246,128,20:56:00,1:56:00,19:00:00,5/10/2024 19:13,5/10/2024 19:13
247,247,440,8:19:00,20:19:00,12:00:00,5/11/2024 19:13,5/11/2024 19:13
248,248,772,19:17:00,20:17:00,1:00:00,5/12/2024 19:13,5/12/2024 19:13
249,249,734,9:58:00,20:58:00,11:00:00,5/13/2024 19:13,5/13/2024 19:13
250,250,92,4:11:00,16:11:00,12:00:00,5/14/2024 19:13,5/14/2024 19:13
251,251,984,4:33:00,11:33:00,7:00:00,5/15/2024 19:13,5/15/2024 19:13
252,252,15,23:47:00,3:47:00,20:00:00,5/16/2024 19:13,5/16/2024 19:13
253,253,218,0:39:00,9:39:00,9:00:00,5/17/2024 19:13,5/17/2024 19:13
254,254,404,5:33:00,13:33:00,8:00:00,5/18/2024 19:13,5/18/2024 19:13
255,255,66,1:07:00,13:07:00,12:00:00,5/19/2024 19:13,5/19/2024 19:13
256,256,618,1:14:00,4:14:00,3:00:00,5/20/2024 19:13,5/20/2024 19:13
257,257,319,23:38:00,3:38:00,20:00:00,5/21/2024 19:13,5/21/2024 19:13
258,258,306,8:24:00,10:24:00,2:00:00,5/22/2024 19:13,5/22/2024 19:13
259,259,125,12:14:00,15:14:00,3:00:00,5/23/2024 19:13,5/23/2024 19:13
260,260,686,10:44:00,21:44:00,11:00:00,5/24/2024 19:13,5/24/2024 19:13
261,261,102,3:11:00,7:11:00,4:00:00,5/25/2024 19:13,5/25/2024 19:13
262,262,47,3:03:00,15:03:00,12:00:00,5/26/2024 19:13,5/26/2024 19:13
263,263,839,13:34:00,16:34:00,3:00:00,5/27/2024 19:13,5/27/2024 19:13
264,264,676,10:54:00,22:54:00,12:00:00,5/28/2024 19:13,5/28/2024 19:13
265,265,19,9:13:00,13:13:00,4:00:00,5/29/2024 19:13,5/29/2024 19:13
266,266,728,2:43:00,10:43:00,8:00:00,5/30/2024 19:13,5/30/2024 19:13
267,267,914,15:57:00,0:57:00,15:00:00,5/31/2024 19:13,5/31/2024 19:13
268,268,28,3:35:00,6:35:00,3:00:00,6/1/2024 19:13,6/1/2024 19:13
269,269,119,1:36:00,9:36:00,8:00:00,6/2/2024 19:13,6/2/2024 19:13
270,270,918,13:50:00,21:50:00,8:00:00,6/3/2024 19:13,6/3/2024 19:13
271,271,954,14:09:00,19:09:00,5:00:00,6/4/2024 19:13,6/4/2024 19:13
272,272,73,7:43:00,12:43:00,5:00:00,6/5/2024 19:13,6/5/2024 19:13
273,273,572,18:54:00,23:54:00,5:00:00,6/6/2024 19:13,6/6/2024 19:13
274,274,440,10:02:00,17:02:00,7:00:00,6/7/2024 19:13,6/7/2024 19:13
275,275,398,12:24:00,13:24:00,1:00:00,6/8/2024 19:13,6/8/2024 19:13
276,276,408,13:06:00,20:06:00,7:00:00,6/9/2024 19:13,6/9/2024 19:13
277,277,585,9:30:00,11:30:00,2:00:00,6/10/2024 19:13,6/10/2024 19:13
278,278,729,7:48:00,12:48:00,5:00:00,6/11/2024 19:13,6/11/2024 19:13
279,279,994,16:50:00,0:50:00,16:00:00,6/12/2024 19:13,6/12/2024 19:13
280,280,423,17:32:00,22:32:00,5:00:00,6/13/2024 19:13,6/13/2024 19:13
281,281,679,0:08:00,2:08:00,2:00:00,6/14/2024 19:13,6/14/2024 19:13
282,282,421,7:24:00,12:24:00,5:00:00,6/15/2024 19:13,6/15/2024 19:13
283,283,519,11:22:00,13:22:00,2:00:00,6/16/2024 19:13,6/16/2024 19:13
284,284,764,5:28:00,15:28:00,10:00:00,6/17/2024 19:13,6/17/2024 19:13
285,285,309,10:46:00,19:46:00,9:00:00,6/18/2024 19:13,6/18/2024 19:13
286,286,481,14:02:00,18:02:00,4:00:00,6/19/2024 19:13,6/19/2024 19:13
287,287,130,0:25:00,7:25:00,7:00:00,6/20/2024 19:13,6/20/2024 19:13
288,288,153,18:46:00,3:46:00,15:00:00,6/21/2024 19:13,6/21/2024 19:13
289,289,835,8:05:00,20:05:00,12:00:00,6/22/2024 19:13,6/22/2024 19:13
290,290,4,21:06:00,1:06:00,20:00:00,6/23/2024 19:13,6/23/2024 19:13
291,291,449,9:26:00,19:26:00,10:00:00,6/24/2024 19:13,6/24/2024 19:13
292,292,808,9:18:00,17:18:00,8:00:00,6/25/2024 19:13,6/25/2024 19:13
293,293,493,5:58:00,8:58:00,3:00:00,6/26/2024 19:13,6/26/2024 19:13
294,294,668,12:28:00,22:28:00,10:00:00,6/27/2024 19:13,6/27/2024 19:13
295,295,969,10:36:00,12:36:00,2:00:00,6/28/2024 19:13,6/28/2024 19:13
296,296,321,0:06:00,12:06:00,12:00:00,6/29/2024 19:13,6/29/2024 19:13
297,297,678,11:18:00,18:18:00,7:00:00,6/30/2024 19:13,6/30/2024 19:13
298,298,976,17:32:00,0:32:00,17:00:00,7/1/2024 19:13,7/1/2024 19:13
299,299,127,9:12:00,14:12:00,5:00:00,7/2/2024 19:13,7/2/2024 19:13
300,300,876,8:22:00,17:22:00,9:00:00,7/3/2024 19:13,7/3/2024 19:13
301,301,513,18:36:00,21:36:00,3:00:00,7/4/2024 19:13,7/4/2024 19:13
302,302,733,10:43:00,21:43:00,11:00:00,7/5/2024 19:13,7/5/2024 19:13
303,303,891,8:58:00,16:58:00,8:00:00,7/6/2024 19:13,7/6/2024 19:13
304,304,710,9:01:00,15:01:00,6:00:00,7/7/2024 19:13,7/7/2024 19:13
305,305,167,20:23:00,22:23:00,2:00:00,7/8/2024 19:13,7/8/2024 19:13
306,306,697,0:53:00,1:53:00,1:00:00,7/9/2024 19:13,7/9/2024 19:13
307,307,611,0:27:00,5:27:00,5:00:00,7/10/2024 19:13,7/10/2024 19:13
308,308,995,22:14:00,8:14:00,14:00:00,7/11/2024 19:13,7/11/2024 19:13
309,309,65,18:54:00,2:54:00,16:00:00,7/12/2024 19:13,7/12/2024 19:13
310,310,861,10:33:00,19:33:00,9:00:00,7/13/2024 19:13,7/13/2024 19:13
311,311,842,22:21:00,8:21:00,14:00:00,7/14/2024 19:13,7/14/2024 19:13
312,312,342,3:12:00,5:12:00,2:00:00,7/15/2024 19:13,7/15/2024 19:13
313,313,443,2:58:00,12:58:00,10:00:00,7/16/2024 19:13,7/16/2024 19:13
314,314,701,5:41:00,14:41:00,9:00:00,7/17/2024 19:13,7/17/2024 19:13
315,315,454,17:55:00,23:55:00,6:00:00,7/18/2024 19:13,7/18/2024 19:13
316,316,853,21:57:00,0:57:00,21:00:00,7/19/2024 19:13,7/19/2024 19:13
317,317,254,22:09:00,4:09:00,18:00:00,7/20/2024 19:13,7/20/2024 19:13
318,318,175,12:39:00,23:39:00,11:00:00,7/21/2024 19:13,7/21/2024 19:13
319,319,422,17:05:00,3:05:00,14:00:00,7/22/2024 19:13,7/22/2024 19:13
320,320,223,22:03:00,0:03:00,22:00:00,7/23/2024 19:13,7/23/2024 19:13
321,321,239,1:46:00,11:46:00,10:00:00,7/24/2024 19:13,7/24/2024 19:13
322,322,221,14:49:00,23:49:00,9:00:00,7/25/2024 19:13,7/25/2024 19:13
323,323,70,21:14:00,1:14:00,20:00:00,7/26/2024 19:13,7/26/2024 19:13
324,324,420,14:27:00,16:27:00,2:00:00,7/27/2024 19:13,7/27/2024 19:13
325,325,115,19:16:00,1:16:00,18:00:00,7/28/2024 19:13,7/28/2024 19:13
326,326,70,12:43:00,23:43:00,11:00:00,7/29/2024 19:13,7/29/2024 19:13
327,327,909,16:37:00,3:37:00,13:00:00,7/30/2024 19:13,7/30/2024 19:13
328,328,179,8:58:00,13:58:00,5:00:00,7/31/2024 19:13,7/31/2024 19:13
329,329,858,23:12:00,9:12:00,14:00:00,8/1/2024 19:13,8/1/2024 19:13
330,330,577,21:24:00,23:24:00,2:00:00,8/2/2024 19:13,8/2/2024 19:13
331,331,39,17:28:00,2:28:00,15:00:00,8/3/2024 19:13,8/3/2024 19:13
332,332,990,12:54:00,14:54:00,2:00:00,8/4/2024 19:13,8/4/2024 19:13
333,333,365,8:58:00,9:58:00,1:00:00,8/5/2024 19:13,8/5/2024 19:13
334,334,610,15:13:00,22:13:00,7:00:00,8/6/2024 19:13,8/6/2024 19:13
335,335,40,7:44:00,18:44:00,11:00:00,8/7/2024 19:13,8/7/2024 19:13
336,336,884,9:04:00,18:04:00,9:00:00,8/8/2024 19:13,8/8/2024 19:13
337,337,946,2:54:00,12:54:00,10:00:00,8/9/2024 19:13,8/9/2024 19:13
338,338,503,14:26:00,22:26:00,8:00:00,8/10/2024 19:13,8/10/2024 19:13
339,339,376,17:06:00,22:06:00,5:00:00,8/11/2024 19:13,8/11/2024 19:13
340,340,396,7:46:00,16:46:00,9:00:00,8/12/2024 19:13,8/12/2024 19:13
341,341,512,22:34:00,3:34:00,19:00:00,8/13/2024 19:13,8/13/2024 19:13
342,342,703,9:22:00,12:22:00,3:00:00,8/14/2024 19:13,8/14/2024 19:13
343,343,648,19:30:00,21:30:00,2:00:00,8/15/2024 19:13,8/15/2024 19:13
344,344,124,12:30:00,21:30:00,9:00:00,8/16/2024 19:13,8/16/2024 19:13
345,345,816,12:45:00,0:45:00,12:00:00,8/17/2024 19:13,8/17/2024 19:13
346,346,478,11:24:00,13:24:00,2:00:00,8/18/2024 19:13,8/18/2024 19:13
347,347,224,7:30:00,19:30:00,12:00:00,8/19/2024 19:13,8/19/2024 19:13
348,348,361,21:33:00,23:33:00,2:00:00,8/20/2024 19:13,8/20/2024 19:13
349,349,861,3:04:00,9:04:00,6:00:00,8/21/2024 19:13,8/21/2024 19:13
350,350,596,0:03:00,12:03:00,12:00:00,8/22/2024 19:13,8/22/2024 19:13
351,351,172,23:32:00,8:32:00,15:00:00,8/23/2024 19:13,8/23/2024 19:13
352,352,570,16:49:00,23:49:00,7:00:00,8/24/2024 19:13,8/24/2024 19:13
353,353,962,19:05:00,7:05:00,12:00:00,8/25/2024 19:13,8/25/2024 19:13
354,354,50,1:37:00,4:37:00,3:00:00,8/26/2024 19:13,8/26/2024 19:13
355,355,769,18:09:00,0:09:00,18:00:00,8/27/2024 19:13,8/27/2024 19:13
356,356,144,7:46:00,8:46:00,1:00:00,8/28/2024 19:13,8/28/2024 19:13
357,357,499,11:50:00,20:50:00,9:00:00,8/29/2024 19:13,8/29/2024 19:13
358,358,660,13:00:00,22:00:00,9:00:00,8/30/2024 19:13,8/30/2024 19:13
359,359,949,9:31:00,15:31:00,6:00:00,8/31/2024 19:13,8/31/2024 19:13
360,360,950,21:34:00,22:34:00,1:00:00,9/1/2024 19:13,9/1/2024 19:13
361,361,347,2:17:00,5:17:00,3:00:00,9/2/2024 19:13,9/2/2024 19:13
362,362,324,10:42:00,16:42:00,6:00:00,9/3/2024 19:13,9/3/2024 19:13
363,363,717,22:33:00,3:33:00,19:00:00,9/4/2024 19:13,9/4/2024 19:13
364,364,860,15:33:00,22:33:00,7:00:00,9/5/2024 19:13,9/5/2024 19:13
365,365,183,14:57:00,18:57:00,4:00:00,9/6/2024 19:13,9/6/2024 19:13
366,366,79,19:38:00,7:38:00,12:00:00,9/7/2024 19:13,9/7/2024 19:13
367,367,179,4:10:00,7:10:00,3:00:00,9/8/2024 19:13,9/8/2024 19:13
368,368,394,11:29:00,14:29:00,3:00:00,9/9/2024 19:13,9/9/2024 19:13
369,369,237,6:13:00,7:13:00,1:00:00,9/10/2024 19:13,9/10/2024 19:13
370,370,12,16:01:00,21:01:00,5:00:00,9/11/2024 19:13,9/11/2024 19:13
371,371,558,4:41:00,11:41:00,7:00:00,9/12/2024 19:13,9/12/2024 19:13
372,372,849,14:48:00,21:48:00,7:00:00,9/13/2024 19:13,9/13/2024 19:13
373,373,273,7:32:00,17:32:00,10:00:00,9/14/2024 19:13,9/14/2024 19:13
374,374,626,0:44:00,3:44:00,3:00:00,9/15/2024 19:13,9/15/2024 19:13
375,375,656,0:40:00,6:40:00,6:00:00,9/16/2024 19:13,9/16/2024 19:13
376,376,654,6:12:00,12:12:00,6:00:00,9/17/2024 19:13,9/17/2024 19:13
377,377,56,3:16:00,13:16:00,10:00:00,9/18/2024 19:13,9/18/2024 19:13
378,378,218,3:37:00,11:37:00,8:00:00,9/19/2024 19:13,9/19/2024 19:13
379,379,324,17:36:00,2:36:00,15:00:00,9/20/2024 19:13,9/20/2024 19:13
380,380,39,4:37:00,14:37:00,10:00:00,9/21/2024 19:13,9/21/2024 19:13
381,381,495,14:19:00,0:19:00,14:00:00,9/22/2024 19:13,9/22/2024 19:13
382,382,351,17:32:00,19:32:00,2:00:00,9/23/2024 19:13,9/23/2024 19:13
383,383,197,14:36:00,16:36:00,2:00:00,9/24/2024 19:13,9/24/2024 19:13
384,384,920,1:45:00,2:45:00,1:00:00,9/25/2024 19:13,9/25/2024 19:13
385,385,113,12:18:00,13:18:00,1:00:00,9/26/2024 19:13,9/26/2024 19:13
386,386,289,16:00:00,21:00:00,5:00:00,9/27/2024 19:13,9/27/2024 19:13
387,387,492,2:43:00,11:43:00,9:00:00,9/28/2024 19:13,9/28/2024 19:13
388,388,764,18:19:00,20:19:00,2:00:00,9/29/2024 19:13,9/29/2024 19:13
389,389,656,15:30:00,1:30:00,14:00:00,9/30/2024 19:13,9/30/2024 19:13
390,390,599,11:22:00,18:22:00,7:00:00,10/1/2024 19:13,10/1/2024 19:13
391,391,764,1:35:00,9:35:00,8:00:00,10/2/2024 19:13,10/2/2024 19:13
392,392,318,13:14:00,0:14:00,13:00:00,10/3/2024 19:13,10/3/2024 19:13
393,393,607,6:24:00,10:24:00,4:00:00,10/4/2024 19:13,10/4/2024 19:13
394,394,906,22:06:00,7:06:00,15:00:00,10/5/2024 19:13,10/5/2024 19:13
395,395,539,4:58:00,5:58:00,1:00:00,10/6/2024 19:13,10/6/2024 19:13
396,396,841,5:50:00,15:50:00,10:00:00,10/7/2024 19:13,10/7/2024 19:13
397,397,150,1:50:00,11:50:00,10:00:00,10/8/2024 19:13,10/8/2024 19:13
398,398,607,16:32:00,2:32:00,14:00:00,10/9/2024 19:13,10/9/2024 19:13
399,399,229,7:10:00,8:10:00,1:00:00,10/10/2024 19:13,10/10/2024 19:13
400,400,986,15:39:00,19:39:00,4:00:00,10/11/2024 19:13,10/11/2024 19:13
401,401,376,21:28:00,23:28:00,2:00:00,10/12/2024 19:13,10/12/2024 19:13
402,402,42,18:06:00,19:06:00,1:00:00,10/13/2024 19:13,10/13/2024 19:13
403,403,375,12:44:00,17:44:00,5:00:00,10/14/2024 19:13,10/14/2024 19:13
404,404,542,4:12:00,5:12:00,1:00:00,10/15/2024 19:13,10/15/2024 19:13
405,405,406,3:06:00,15:06:00,12:00:00,10/16/2024 19:13,10/16/2024 19:13
406,406,86,5:47:00,14:47:00,9:00:00,10/17/2024 19:13,10/17/2024 19:13
407,407,903,19:18:00,1:18:00,18:00:00,10/18/2024 19:13,10/18/2024 19:13
408,408,462,3:04:00,11:04:00,8:00:00,10/19/2024 19:13,10/19/2024 19:13
409,409,408,3:02:00,9:02:00,6:00:00,10/20/2024 19:13,10/20/2024 19:13
410,410,435,2:14:00,8:14:00,6:00:00,10/21/2024 19:13,10/21/2024 19:13
411,411,156,15:10:00,20:10:00,5:00:00,10/22/2024 19:13,10/22/2024 19:13
412,412,345,3:55:00,12:55:00,9:00:00,10/23/2024 19:13,10/23/2024 19:13
413,413,370,5:26:00,12:26:00,7:00:00,10/24/2024 19:13,10/24/2024 19:13
414,414,928,3:56:00,6:56:00,3:00:00,10/25/2024 19:13,10/25/2024 19:13
415,415,22,5:51:00,17:51:00,12:00:00,10/26/2024 19:13,10/26/2024 19:13
416,416,633,8:26:00,15:26:00,7:00:00,10/27/2024 19:13,10/27/2024 19:13
417,417,838,3:17:00,5:17:00,2:00:00,10/28/2024 19:13,10/28/2024 19:13
418,418,170,21:13:00,8:13:00,13:00:00,10/29/2024 19:13,10/29/2024 19:13
419,419,666,4:33:00,7:33:00,3:00:00,10/30/2024 19:13,10/30/2024 19:13
420,420,199,14:10:00,0:10:00,14:00:00,10/31/2024 19:13,10/31/2024 19:13
421,421,170,0:27:00,9:27:00,9:00:00,11/1/2024 19:13,11/1/2024 19:13
422,422,940,12:45:00,18:45:00,6:00:00,11/2/2024 19:13,11/2/2024 19:13
423,423,827,12:00:00,13:00:00,1:00:00,11/3/2024 19:13,11/3/2024 19:13
424,424,875,22:23:00,10:23:00,12:00:00,11/4/2024 19:13,11/4/2024 19:13
425,425,388,3:26:00,7:26:00,4:00:00,11/5/2024 19:13,11/5/2024 19:13
426,426,637,19:19:00,0:19:00,19:00:00,11/6/2024 19:13,11/6/2024 19:13
427,427,192,11:11:00,16:11:00,5:00:00,11/7/2024 19:13,11/7/2024 19:13
428,428,700,2:02:00,14:02:00,12:00:00,11/8/2024 19:13,11/8/2024 19:13
429,429,237,19:47:00,4:47:00,15:00:00,11/9/2024 19:13,11/9/2024 19:13
430,430,339,0:34:00,8:34:00,8:00:00,11/10/2024 19:13,11/10/2024 19:13
431,431,657,13:14:00,0:14:00,13:00:00,11/11/2024 19:13,11/11/2024 19:13
432,432,961,2:09:00,10:09:00,8:00:00,11/12/2024 19:13,11/12/2024 19:13
433,433,333,20:25:00,4:25:00,16:00:00,11/13/2024 19:13,11/13/2024 19:13
434,434,104,18:01:00,19:01:00,1:00:00,11/14/2024 19:13,11/14/2024 19:13
435,435,788,0:33:00,5:33:00,5:00:00,11/15/2024 19:13,11/15/2024 19:13
436,436,890,13:27:00,21:27:00,8:00:00,11/16/2024 19:13,11/16/2024 19:13
437,437,24,14:12:00,22:12:00,8:00:00,11/17/2024 19:13,11/17/2024 19:13
438,438,146,7:39:00,17:39:00,10:00:00,11/18/2024 19:13,11/18/2024 19:13
439,439,929,16:13:00,0:13:00,16:00:00,11/19/2024 19:13,11/19/2024 19:13
440,440,974,5:11:00,12:11:00,7:00:00,11/20/2024 19:13,11/20/2024 19:13
441,441,820,0:43:00,3:43:00,3:00:00,11/21/2024 19:13,11/21/2024 19:13
442,442,953,4:28:00,6:28:00,2:00:00,11/22/2024 19:13,11/22/2024 19:13
443,443,882,16:28:00,19:28:00,3:00:00,11/23/2024 19:13,11/23/2024 19:13
444,444,886,9:01:00,21:01:00,12:00:00,11/24/2024 19:13,11/24/2024 19:13
445,445,67,8:53:00,18:53:00,10:00:00,11/25/2024 19:13,11/25/2024 19:13
446,446,151,16:33:00,4:33:00,12:00:00,11/26/2024 19:13,11/26/2024 19:13
447,447,116,2:48:00,5:48:00,3:00:00,11/27/2024 19:13,11/27/2024 19:13
448,448,777,15:42:00,0:42:00,15:00:00,11/28/2024 19:13,11/28/2024 19:13
449,449,736,19:38:00,1:38:00,18:00:00,11/29/2024 19:13,11/29/2024 19:13
450,450,524,16:56:00,4:56:00,12:00:00,11/30/2024 19:13,11/30/2024 19:13
451,451,231,1:51:00,10:51:00,9:00:00,12/1/2024 19:13,12/1/2024 19:13
452,452,439,9:54:00,18:54:00,9:00:00,12/2/2024 19:13,12/2/2024 19:13
453,453,892,19:45:00,22:45:00,3:00:00,12/3/2024 19:13,12/3/2024 19:13
454,454,724,19:54:00,6:54:00,13:00:00,12/4/2024 19:13,12/4/2024 19:13
455,455,281,6:39:00,11:39:00,5:00:00,12/5/2024 19:13,12/5/2024 19:13
456,456,725,20:27:00,8:27:00,12:00:00,12/6/2024 19:13,12/6/2024 19:13
457,457,224,1:16:00,5:16:00,4:00:00,12/7/2024 19:13,12/7/2024 19:13
458,458,496,9:33:00,21:33:00,12:00:00,12/8/2024 19:13,12/8/2024 19:13
459,459,462,10:34:00,19:34:00,9:00:00,12/9/2024 19:13,12/9/2024 19:13
460,460,836,12:11:00,19:11:00,7:00:00,12/10/2024 19:13,12/10/2024 19:13
461,461,114,10:03:00,16:03:00,6:00:00,12/11/2024 19:13,12/11/2024 19:13
462,462,911,3:00:00,7:00:00,4:00:00,12/12/2024 19:13,12/12/2024 19:13
463,463,435,9:50:00,16:50:00,7:00:00,12/13/2024 19:13,12/13/2024 19:13
464,464,42,20:08:00,3:08:00,17:00:00,12/14/2024 19:13,12/14/2024 19:13
465,465,890,9:25:00,16:25:00,7:00:00,12/15/2024 19:13,12/15/2024 19:13
466,466,119,19:32:00,1:32:00,18:00:00,12/16/2024 19:13,12/16/2024 19:13
467,467,680,3:45:00,8:45:00,5:00:00,12/17/2024 19:13,12/17/2024 19:13
468,468,945,9:03:00,16:03:00,7:00:00,12/18/2024 19:13,12/18/2024 19:13
469,469,237,17:08:00,20:08:00,3:00:00,12/19/2024 19:13,12/19/2024 19:13
470,470,604,13:05:00,18:05:00,5:00:00,12/20/2024 19:13,12/20/2024 19:13
471,471,155,17:18:00,5:18:00,12:00:00,12/21/2024 19:13,12/21/2024 19:13
472,472,232,15:54:00,2:54:00,13:00:00,12/22/2024 19:13,12/22/2024 19:13
473,473,433,4:21:00,10:21:00,6:00:00,12/23/2024 19:13,12/23/2024 19:13
474,474,144,20:48:00,8:48:00,12:00:00,12/24/2024 19:13,12/24/2024 19:13
475,475,1000,18:35:00,0:35:00,18:00:00,12/25/2024 19:13,12/25/2024 19:13
476,476,801,6:06:00,18:06:00,12:00:00,12/26/2024 19:13,12/26/2024 19:13
477,477,659,23:11:00,4:11:00,19:00:00,12/27/2024 19:13,12/27/2024 19:13
478,478,809,21:12:00,8:12:00,13:00:00,12/28/2024 19:13,12/28/2024 19:13
479,479,912,13:36:00,19:36:00,6:00:00,12/29/2024 19:13,12/29/2024 19:13
480,480,616,12:57:00,20:57:00,8:00:00,12/30/2024 19:13,12/30/2024 19:13
481,481,368,7:47:00,16:47:00,9:00:00,12/31/2024 19:13,12/31/2024 19:13
482,482,912,1:10:00,9:10:00,8:00:00,1/1/2025 19:13,1/1/2025 19:13
483,483,919,1:41:00,6:41:00,5:00:00,1/2/2025 19:13,1/2/2025 19:13
484,484,317,7:42:00,9:42:00,2:00:00,1/3/2025 19:13,1/3/2025 19:13
485,485,416,0:31:00,11:31:00,11:00:00,1/4/2025 19:13,1/4/2025 19:13
486,486,784,17:49:00,4:49:00,13:00:00,1/5/2025 19:13,1/5/2025 19:13
487,487,603,18:34:00,6:34:00,12:00:00,1/6/2025 19:13,1/6/2025 19:13
488,488,93,3:35:00,15:35:00,12:00:00,1/7/2025 19:13,1/7/2025 19:13
489,489,98,12:44:00,23:44:00,11:00:00,1/8/2025 19:13,1/8/2025 19:13
490,490,564,17:57:00,23:57:00,6:00:00,1/9/2025 19:13,1/9/2025 19:13
491,491,128,12:57:00,13:57:00,1:00:00,1/10/2025 19:13,1/10/2025 19:13
492,492,133,14:39:00,1:39:00,13:00:00,1/11/2025 19:13,1/11/2025 19:13
493,493,636,23:09:00,7:09:00,16:00:00,1/12/2025 19:13,1/12/2025 19:13
494,494,719,23:30:00,5:30:00,18:00:00,1/13/2025 19:13,1/13/2025 19:13
495,495,559,0:16:00,3:16:00,3:00:00,1/14/2025 19:13,1/14/2025 19:13
496,496,374,23:54:00,6:54:00,17:00:00,1/15/2025 19:13,1/15/2025 19:13
497,497,187,6:50:00,15:50:00,9:00:00,1/16/2025 19:13,1/16/2025 19:13
498,498,992,8:07:00,16:07:00,8:00:00,1/17/2025 19:13,1/17/2025 19:13
499,499,94,9:13:00,17:13:00,8:00:00,1/18/2025 19:13,1/18/2025 19:13
500,500,518,12:40:00,21:40:00,9:00:00,1/19/2025 19:13,1/19/2025 19:13
501,501,585,21:43:00,8:43:00,13:00:00,1/20/2025 19:13,1/20/2025 19:13
502,502,172,3:39:00,12:39:00,9:00:00,1/21/2025 19:13,1/21/2025 19:13
503,503,107,8:26:00,9:26:00,1:00:00,1/22/2025 19:13,1/22/2025 19:13
504,504,420,18:20:00,5:20:00,13:00:00,1/23/2025 19:13,1/23/2025 19:13
505,505,658,20:12:00,7:12:00,13:00:00,1/24/2025 19:13,1/24/2025 19:13
506,506,734,17:04:00,1:04:00,16:00:00,1/25/2025 19:13,1/25/2025 19:13
507,507,884,5:59:00,10:59:00,5:00:00,1/26/2025 19:13,1/26/2025 19:13
508,508,384,0:06:00,12:06:00,12:00:00,1/27/2025 19:13,1/27/2025 19:13
509,509,709,21:56:00,4:56:00,17:00:00,1/28/2025 19:13,1/28/2025 19:13
510,510,618,1:17:00,12:17:00,11:00:00,1/29/2025 19:13,1/29/2025 19:13
511,511,980,1:58:00,10:58:00,9:00:00,1/30/2025 19:13,1/30/2025 19:13
512,512,299,6:35:00,9:35:00,3:00:00,1/31/2025 19:13,1/31/2025 19:13
513,513,579,7:47:00,16:47:00,9:00:00,2/1/2025 19:13,2/1/2025 19:13
514,514,675,4:48:00,14:48:00,10:00:00,2/2/2025 19:13,2/2/2025 19:13
515,515,622,1:31:00,7:31:00,6:00:00,2/3/2025 19:13,2/3/2025 19:13
516,516,964,18:27:00,21:27:00,3:00:00,2/4/2025 19:13,2/4/2025 19:13
517,517,126,8:52:00,20:52:00,12:00:00,2/5/2025 19:13,2/5/2025 19:13
518,518,841,3:50:00,15:50:00,12:00:00,2/6/2025 19:13,2/6/2025 19:13
519,519,872,16:29:00,1:29:00,15:00:00,2/7/2025 19:13,2/7/2025 19:13
520,520,864,17:19:00,23:19:00,6:00:00,2/8/2025 19:13,2/8/2025 19:13
521,521,249,6:04:00,13:04:00,7:00:00,2/9/2025 19:13,2/9/2025 19:13
522,522,20,18:13:00,6:13:00,12:00:00,2/10/2025 19:13,2/10/2025 19:13
523,523,266,6:26:00,16:26:00,10:00:00,2/11/2025 19:13,2/11/2025 19:13
524,524,284,19:01:00,21:01:00,2:00:00,2/12/2025 19:13,2/12/2025 19:13
525,525,559,18:20:00,19:20:00,1:00:00,2/13/2025 19:13,2/13/2025 19:13
526,526,586,7:29:00,18:29:00,11:00:00,2/14/2025 19:13,2/14/2025 19:13
527,527,250,14:39:00,1:39:00,13:00:00,2/15/2025 19:13,2/15/2025 19:13
528,528,617,16:10:00,20:10:00,4:00:00,2/16/2025 19:13,2/16/2025 19:13
529,529,12,1:21:00,13:21:00,12:00:00,2/17/2025 19:13,2/17/2025 19:13
530,530,202,5:48:00,12:48:00,7:00:00,2/18/2025 19:13,2/18/2025 19:13
531,531,754,20:30:00,1:30:00,19:00:00,2/19/2025 19:13,2/19/2025 19:13
532,532,939,23:51:00,7:51:00,16:00:00,2/20/2025 19:13,2/20/2025 19:13
533,533,994,10:11:00,12:11:00,2:00:00,2/21/2025 19:13,2/21/2025 19:13
534,534,795,9:52:00,19:52:00,10:00:00,2/22/2025 19:13,2/22/2025 19:13
535,535,524,14:08:00,23:08:00,9:00:00,2/23/2025 19:13,2/23/2025 19:13
536,536,627,18:22:00,5:22:00,13:00:00,2/24/2025 19:13,2/24/2025 19:13
537,537,359,6:19:00,18:19:00,12:00:00,2/25/2025 19:13,2/25/2025 19:13
538,538,722,16:56:00,20:56:00,4:00:00,2/26/2025 19:13,2/26/2025 19:13
539,539,160,6:37:00,15:37:00,9:00:00,2/27/2025 19:13,2/27/2025 19:13
540,540,445,22:24:00,8:24:00,14:00:00,2/28/2025 19:13,2/28/2025 19:13
541,541,17,22:57:00,10:57:00,12:00:00,3/1/2025 19:13,3/1/2025 19:13
542,542,463,18:37:00,20:37:00,2:00:00,3/2/2025 19:13,3/2/2025 19:13
543,543,331,22:41:00,2:41:00,20:00:00,3/3/2025 19:13,3/3/2025 19:13
544,544,329,23:01:00,3:01:00,20:00:00,3/4/2025 19:13,3/4/2025 19:13
545,545,175,23:05:00,4:05:00,19:00:00,3/5/2025 19:13,3/5/2025 19:13
546,546,149,15:05:00,19:05:00,4:00:00,3/6/2025 19:13,3/6/2025 19:13
547,547,494,3:06:00,14:06:00,11:00:00,3/7/2025 19:13,3/7/2025 19:13
548,548,320,19:36:00,21:36:00,2:00:00,3/8/2025 19:13,3/8/2025 19:13
549,549,736,1:22:00,12:22:00,11:00:00,3/9/2025 19:13,3/9/2025 19:13
550,550,330,20:57:00,5:57:00,15:00:00,3/10/2025 19:13,3/10/2025 19:13
551,551,846,7:34:00,10:34:00,3:00:00,3/11/2025 19:13,3/11/2025 19:13
552,552,958,2:33:00,8:33:00,6:00:00,3/12/2025 19:13,3/12/2025 19:13
553,553,946,17:48:00,4:48:00,13:00:00,3/13/2025 19:13,3/13/2025 19:13
554,554,19,1:40:00,4:40:00,3:00:00,3/14/2025 19:13,3/14/2025 19:13
555,555,122,10:25:00,11:25:00,1:00:00,3/15/2025 19:13,3/15/2025 19:13
556,556,528,4:58:00,8:58:00,4:00:00,3/16/2025 19:13,3/16/2025 19:13
557,557,447,6:09:00,16:09:00,10:00:00,3/17/2025 19:13,3/17/2025 19:13
558,558,803,8:24:00,15:24:00,7:00:00,3/18/2025 19:13,3/18/2025 19:13
559,559,967,4:29:00,15:29:00,11:00:00,3/19/2025 19:13,3/19/2025 19:13
560,560,589,7:35:00,10:35:00,3:00:00,3/20/2025 19:13,3/20/2025 19:13
561,561,619,15:49:00,21:49:00,6:00:00,3/21/2025 19:13,3/21/2025 19:13
562,562,348,13:31:00,1:31:00,12:00:00,3/22/2025 19:13,3/22/2025 19:13
563,563,781,16:52:00,21:52:00,5:00:00,3/23/2025 19:13,3/23/2025 19:13
564,564,221,9:26:00,17:26:00,8:00:00,3/24/2025 19:13,3/24/2025 19:13
565,565,912,6:44:00,10:44:00,4:00:00,3/25/2025 19:13,3/25/2025 19:13
566,566,661,22:30:00,2:30:00,20:00:00,3/26/2025 19:13,3/26/2025 19:13
567,567,795,21:35:00,2:35:00,19:00:00,3/27/2025 19:13,3/27/2025 19:13
568,568,168,2:49:00,14:49:00,12:00:00,3/28/2025 19:13,3/28/2025 19:13
569,569,424,8:07:00,14:07:00,6:00:00,3/29/2025 19:13,3/29/2025 19:13
570,570,821,21:50:00,6:50:00,15:00:00,3/30/2025 19:13,3/30/2025 19:13
571,571,136,19:30:00,4:30:00,15:00:00,3/31/2025 19:13,3/31/2025 19:13
572,572,153,13:11:00,19:11:00,6:00:00,4/1/2025 19:13,4/1/2025 19:13
573,573,25,4:45:00,6:45:00,2:00:00,4/2/2025 19:13,4/2/2025 19:13
574,574,544,4:00:00,16:00:00,12:00:00,4/3/2025 19:13,4/3/2025 19:13
575,575,11,23:08:00,9:08:00,14:00:00,4/4/2025 19:13,4/4/2025 19:13
576,576,110,16:53:00,17:53:00,1:00:00,4/5/2025 19:13,4/5/2025 19:13
577,577,114,16:00:00,20:00:00,4:00:00,4/6/2025 19:13,4/6/2025 19:13
578,578,73,18:20:00,6:20:00,12:00:00,4/7/2025 19:13,4/7/2025 19:13
579,579,973,8:44:00,11:44:00,3:00:00,4/8/2025 19:13,4/8/2025 19:13
580,580,904,19:38:00,3:38:00,16:00:00,4/9/2025 19:13,4/9/2025 19:13
581,581,822,6:45:00,10:45:00,4:00:00,4/10/2025 19:13,4/10/2025 19:13
582,582,142,21:58:00,2:58:00,19:00:00,4/11/2025 19:13,4/11/2025 19:13
583,583,628,5:55:00,10:55:00,5:00:00,4/12/2025 19:13,4/12/2025 19:13
584,584,483,3:06:00,10:06:00,7:00:00,4/13/2025 19:13,4/13/2025 19:13
585,585,470,18:58:00,21:58:00,3:00:00,4/14/2025 19:13,4/14/2025 19:13
586,586,586,12:18:00,15:18:00,3:00:00,4/15/2025 19:13,4/15/2025 19:13
587,587,390,0:29:00,1:29:00,1:00:00,4/16/2025 19:13,4/16/2025 19:13
588,588,312,3:20:00,6:20:00,3:00:00,4/17/2025 19:13,4/17/2025 19:13
589,589,301,21:08:00,2:08:00,19:00:00,4/18/2025 19:13,4/18/2025 19:13
590,590,432,10:43:00,15:43:00,5:00:00,4/19/2025 19:13,4/19/2025 19:13
591,591,798,20:37:00,0:37:00,20:00:00,4/20/2025 19:13,4/20/2025 19:13
592,592,845,20:15:00,0:15:00,20:00:00,4/21/2025 19:13,4/21/2025 19:13
593,593,681,12:57:00,16:57:00,4:00:00,4/22/2025 19:13,4/22/2025 19:13
594,594,769,21:28:00,3:28:00,18:00:00,4/23/2025 19:13,4/23/2025 19:13
595,595,580,5:10:00,7:10:00,2:00:00,4/24/2025 19:13,4/24/2025 19:13
596,596,360,8:47:00,10:47:00,2:00:00,4/25/2025 19:13,4/25/2025 19:13
597,597,942,8:34:00,16:34:00,8:00:00,4/26/2025 19:13,4/26/2025 19:13
598,598,184,4:06:00,15:06:00,11:00:00,4/27/2025 19:13,4/27/2025 19:13
599,599,51,5:17:00,8:17:00,3:00:00,4/28/2025 19:13,4/28/2025 19:13
600,600,591,20:22:00,1:22:00,19:00:00,4/29/2025 19:13,4/29/2025 19:13
601,601,137,17:48:00,19:48:00,2:00:00,4/30/2025 19:13,4/30/2025 19:13
602,602,979,2:02:00,6:02:00,4:00:00,5/1/2025 19:13,5/1/2025 19:13
603,603,635,16:09:00,3:09:00,13:00:00,5/2/2025 19:13,5/2/2025 19:13
604,604,905,19:45:00,1:45:00,18:00:00,5/3/2025 19:13,5/3/2025 19:13
605,605,808,13:37:00,21:37:00,8:00:00,5/4/2025 19:13,5/4/2025 19:13
606,606,844,20:00:00,7:00:00,13:00:00,5/5/2025 19:13,5/5/2025 19:13
607,607,86,0:29:00,11:29:00,11:00:00,5/6/2025 19:13,5/6/2025 19:13
608,608,253,11:02:00,21:02:00,10:00:00,5/7/2025 19:13,5/7/2025 19:13
609,609,612,16:02:00,19:02:00,3:00:00,5/8/2025 19:13,5/8/2025 19:13
610,610,366,7:21:00,17:21:00,10:00:00,5/9/2025 19:13,5/9/2025 19:13
611,611,933,23:01:00,7:01:00,16:00:00,5/10/2025 19:13,5/10/2025 19:13
612,612,94,9:49:00,14:49:00,5:00:00,5/11/2025 19:13,5/11/2025 19:13
613,613,883,15:03:00,17:03:00,2:00:00,5/12/2025 19:13,5/12/2025 19:13
614,614,302,1:35:00,12:35:00,11:00:00,5/13/2025 19:13,5/13/2025 19:13
615,615,24,1:44:00,11:44:00,10:00:00,5/14/2025 19:13,5/14/2025 19:13
616,616,585,17:18:00,23:18:00,6:00:00,5/15/2025 19:13,5/15/2025 19:13
617,617,135,21:09:00,22:09:00,1:00:00,5/16/2025 19:13,5/16/2025 19:13
618,618,950,17:49:00,4:49:00,13:00:00,5/17/2025 19:13,5/17/2025 19:13
619,619,369,23:01:00,11:01:00,12:00:00,5/18/2025 19:13,5/18/2025 19:13
620,620,759,19:07:00,7:07:00,12:00:00,5/19/2025 19:13,5/19/2025 19:13
621,621,175,8:58:00,9:58:00,1:00:00,5/20/2025 19:13,5/20/2025 19:13
622,622,530,16:53:00,3:53:00,13:00:00,5/21/2025 19:13,5/21/2025 19:13
623,623,22,15:14:00,23:14:00,8:00:00,5/22/2025 19:13,5/22/2025 19:13
624,624,473,15:50:00,3:50:00,12:00:00,5/23/2025 19:13,5/23/2025 19:13
625,625,981,13:37:00,15:37:00,2:00:00,5/24/2025 19:13,5/24/2025 19:13
626,626,432,7:21:00,14:21:00,7:00:00,5/25/2025 19:13,5/25/2025 19:13
627,627,51,3:35:00,5:35:00,2:00:00,5/26/2025 19:13,5/26/2025 19:13
628,628,161,7:47:00,9:47:00,2:00:00,5/27/2025 19:13,5/27/2025 19:13
629,629,219,16:36:00,18:36:00,2:00:00,5/28/2025 19:13,5/28/2025 19:13
630,630,280,0:56:00,5:56:00,5:00:00,5/29/2025 19:13,5/29/2025 19:13
631,631,682,20:25:00,2:25:00,18:00:00,5/30/2025 19:13,5/30/2025 19:13
632,632,240,21:27:00,4:27:00,17:00:00,5/31/2025 19:13,5/31/2025 19:13
633,633,722,7:16:00,16:16:00,9:00:00,6/1/2025 19:13,6/1/2025 19:13
634,634,943,5:30:00,16:30:00,11:00:00,6/2/2025 19:13,6/2/2025 19:13
635,635,193,21:43:00,7:43:00,14:00:00,6/3/2025 19:13,6/3/2025 19:13
636,636,164,13:26:00,17:26:00,4:00:00,6/4/2025 19:13,6/4/2025 19:13
637,637,742,6:29:00,17:29:00,11:00:00,6/5/2025 19:13,6/5/2025 19:13
638,638,914,8:39:00,19:39:00,11:00:00,6/6/2025 19:13,6/6/2025 19:13
639,639,715,9:12:00,15:12:00,6:00:00,6/7/2025 19:13,6/7/2025 19:13
640,640,345,4:40:00,14:40:00,10:00:00,6/8/2025 19:13,6/8/2025 19:13
641,641,816,20:04:00,2:04:00,18:00:00,6/9/2025 19:13,6/9/2025 19:13
642,642,157,16:39:00,23:39:00,7:00:00,6/10/2025 19:13,6/10/2025 19:13
643,643,535,14:29:00,2:29:00,12:00:00,6/11/2025 19:13,6/11/2025 19:13
644,644,566,16:46:00,19:46:00,3:00:00,6/12/2025 19:13,6/12/2025 19:13
645,645,524,22:45:00,23:45:00,1:00:00,6/13/2025 19:13,6/13/2025 19:13
646,646,33,2:53:00,14:53:00,12:00:00,6/14/2025 19:13,6/14/2025 19:13
647,647,717,0:47:00,6:47:00,6:00:00,6/15/2025 19:13,6/15/2025 19:13
648,648,445,2:11:00,14:11:00,12:00:00,6/16/2025 19:13,6/16/2025 19:13
649,649,382,22:01:00,5:01:00,17:00:00,6/17/2025 19:13,6/17/2025 19:13
650,650,956,15:14:00,17:14:00,2:00:00,6/18/2025 19:13,6/18/2025 19:13
651,651,606,2:09:00,9:09:00,7:00:00,6/19/2025 19:13,6/19/2025 19:13
652,652,559,13:43:00,16:43:00,3:00:00,6/20/2025 19:13,6/20/2025 19:13
653,653,844,13:53:00,0:53:00,13:00:00,6/21/2025 19:13,6/21/2025 19:13
654,654,530,15:16:00,21:16:00,6:00:00,6/22/2025 19:13,6/22/2025 19:13
655,655,372,9:20:00,21:20:00,12:00:00,6/23/2025 19:13,6/23/2025 19:13
656,656,148,16:34:00,3:34:00,13:00:00,6/24/2025 19:13,6/24/2025 19:13
657,657,516,6:37:00,12:37:00,6:00:00,6/25/2025 19:13,6/25/2025 19:13
658,658,306,13:19:00,16:19:00,3:00:00,6/26/2025 19:13,6/26/2025 19:13
659,659,679,17:21:00,0:21:00,17:00:00,6/27/2025 19:13,6/27/2025 19:13
660,660,962,18:17:00,3:17:00,15:00:00,6/28/2025 19:13,6/28/2025 19:13
661,661,501,20:11:00,1:11:00,19:00:00,6/29/2025 19:13,6/29/2025 19:13
662,662,562,21:37:00,23:37:00,2:00:00,6/30/2025 19:13,6/30/2025 19:13
663,663,781,5:17:00,10:17:00,5:00:00,7/1/2025 19:13,7/1/2025 19:13
664,664,963,17:21:00,20:21:00,3:00:00,7/2/2025 19:13,7/2/2025 19:13
665,665,22,7:43:00,17:43:00,10:00:00,7/3/2025 19:13,7/3/2025 19:13
666,666,773,19:16:00,5:16:00,14:00:00,7/4/2025 19:13,7/4/2025 19:13
667,667,587,4:39:00,10:39:00,6:00:00,7/5/2025 19:13,7/5/2025 19:13
668,668,992,8:12:00,12:12:00,4:00:00,7/6/2025 19:13,7/6/2025 19:13
669,669,570,5:46:00,16:46:00,11:00:00,7/7/2025 19:13,7/7/2025 19:13
670,670,824,18:58:00,5:58:00,13:00:00,7/8/2025 19:13,7/8/2025 19:13
671,671,540,2:07:00,9:07:00,7:00:00,7/9/2025 19:13,7/9/2025 19:13
672,672,981,18:15:00,1:15:00,17:00:00,7/10/2025 19:13,7/10/2025 19:13
673,673,795,21:40:00,5:40:00,16:00:00,7/11/2025 19:13,7/11/2025 19:13
674,674,48,5:25:00,13:25:00,8:00:00,7/12/2025 19:13,7/12/2025 19:13
675,675,99,12:15:00,17:15:00,5:00:00,7/13/2025 19:13,7/13/2025 19:13
676,676,195,23:25:00,11:25:00,12:00:00,7/14/2025 19:13,7/14/2025 19:13
677,677,58,14:00:00,22:00:00,8:00:00,7/15/2025 19:13,7/15/2025 19:13
678,678,428,7:45:00,18:45:00,11:00:00,7/16/2025 19:13,7/16/2025 19:13
679,679,482,3:01:00,15:01:00,12:00:00,7/17/2025 19:13,7/17/2025 19:13
680,680,702,17:25:00,20:25:00,3:00:00,7/18/2025 19:13,7/18/2025 19:13
681,681,790,7:00:00,15:00:00,8:00:00,7/19/2025 19:13,7/19/2025 19:13
682,682,709,11:54:00,14:54:00,3:00:00,7/20/2025 19:13,7/20/2025 19:13
683,683,159,1:28:00,11:28:00,10:00:00,7/21/2025 19:13,7/21/2025 19:13
684,684,627,7:55:00,9:55:00,2:00:00,7/22/2025 19:13,7/22/2025 19:13
685,685,588,2:33:00,3:33:00,1:00:00,7/23/2025 19:13,7/23/2025 19:13
686,686,949,13:34:00,14:34:00,1:00:00,7/24/2025 19:13,7/24/2025 19:13
687,687,57,7:59:00,12:59:00,5:00:00,7/25/2025 19:13,7/25/2025 19:13
688,688,324,12:41:00,21:41:00,9:00:00,7/26/2025 19:13,7/26/2025 19:13
689,689,310,4:05:00,8:05:00,4:00:00,7/27/2025 19:13,7/27/2025 19:13
690,690,682,5:08:00,8:08:00,3:00:00,7/28/2025 19:13,7/28/2025 19:13
691,691,486,15:48:00,2:48:00,13:00:00,7/29/2025 19:13,7/29/2025 19:13
692,692,697,9:25:00,16:25:00,7:00:00,7/30/2025 19:13,7/30/2025 19:13
693,693,255,10:26:00,13:26:00,3:00:00,7/31/2025 19:13,7/31/2025 19:13
694,694,789,4:39:00,13:39:00,9:00:00,8/1/2025 19:13,8/1/2025 19:13
695,695,757,1:22:00,10:22:00,9:00:00,8/2/2025 19:13,8/2/2025 19:13
696,696,880,15:32:00,19:32:00,4:00:00,8/3/2025 19:13,8/3/2025 19:13
697,697,572,23:26:00,5:26:00,18:00:00,8/4/2025 19:13,8/4/2025 19:13
698,698,244,14:07:00,20:07:00,6:00:00,8/5/2025 19:13,8/5/2025 19:13
699,699,11,22:10:00,3:10:00,19:00:00,8/6/2025 19:13,8/6/2025 19:13
700,700,834,13:41:00,22:41:00,9:00:00,8/7/2025 19:13,8/7/2025 19:13
701,701,591,16:21:00,22:21:00,6:00:00,8/8/2025 19:13,8/8/2025 19:13
702,702,749,14:50:00,2:50:00,12:00:00,8/9/2025 19:13,8/9/2025 19:13
703,703,751,5:42:00,17:42:00,12:00:00,8/10/2025 19:13,8/10/2025 19:13
704,704,452,15:03:00,0:03:00,15:00:00,8/11/2025 19:13,8/11/2025 19:13
705,705,183,18:39:00,5:39:00,13:00:00,8/12/2025 19:13,8/12/2025 19:13
706,706,19,2:54:00,14:54:00,12:00:00,8/13/2025 19:13,8/13/2025 19:13
707,707,467,0:16:00,2:16:00,2:00:00,8/14/2025 19:13,8/14/2025 19:13
708,708,623,6:03:00,17:03:00,11:00:00,8/15/2025 19:13,8/15/2025 19:13
709,709,727,15:16:00,22:16:00,7:00:00,8/16/2025 19:13,8/16/2025 19:13
710,710,952,19:50:00,6:50:00,13:00:00,8/17/2025 19:13,8/17/2025 19:13
711,711,162,21:58:00,22:58:00,1:00:00,8/18/2025 19:13,8/18/2025 19:13
712,712,226,22:17:00,9:17:00,13:00:00,8/19/2025 19:13,8/19/2025 19:13
713,713,357,22:53:00,6:53:00,16:00:00,8/20/2025 19:13,8/20/2025 19:13
714,714,587,23:40:00,6:40:00,17:00:00,8/21/2025 19:13,8/21/2025 19:13
715,715,3,22:28:00,7:28:00,15:00:00,8/22/2025 19:13,8/22/2025 19:13
716,716,421,15:38:00,0:38:00,15:00:00,8/23/2025 19:13,8/23/2025 19:13
717,717,757,17:24:00,4:24:00,13:00:00,8/24/2025 19:13,8/24/2025 19:13
718,718,533,1:23:00,4:23:00,3:00:00,8/25/2025 19:13,8/25/2025 19:13
719,719,533,22:05:00,6:05:00,16:00:00,8/26/2025 19:13,8/26/2025 19:13
720,720,124,19:12:00,0:12:00,19:00:00,8/27/2025 19:13,8/27/2025 19:13
721,721,777,13:34:00,18:34:00,5:00:00,8/28/2025 19:13,8/28/2025 19:13
722,722,961,19:46:00,0:46:00,19:00:00,8/29/2025 19:13,8/29/2025 19:13
723,723,422,15:21:00,2:21:00,13:00:00,8/30/2025 19:13,8/30/2025 19:13
724,724,633,18:01:00,22:01:00,4:00:00,8/31/2025 19:13,8/31/2025 19:13
725,725,748,21:13:00,2:13:00,19:00:00,9/1/2025 19:13,9/1/2025 19:13
726,726,265,21:20:00,23:20:00,2:00:00,9/2/2025 19:13,9/2/2025 19:13
727,727,109,19:16:00,6:16:00,13:00:00,9/3/2025 19:13,9/3/2025 19:13
728,728,254,22:33:00,4:33:00,18:00:00,9/4/2025 19:13,9/4/2025 19:13
729,729,637,2:08:00,14:08:00,12:00:00,9/5/2025 19:13,9/5/2025 19:13
730,730,63,11:16:00,14:16:00,3:00:00,9/6/2025 19:13,9/6/2025 19:13
731,731,581,13:42:00,16:42:00,3:00:00,9/7/2025 19:13,9/7/2025 19:13
732,732,429,21:13:00,4:13:00,17:00:00,9/8/2025 19:13,9/8/2025 19:13
733,733,489,9:05:00,10:05:00,1:00:00,9/9/2025 19:13,9/9/2025 19:13
734,734,428,13:31:00,18:31:00,5:00:00,9/10/2025 19:13,9/10/2025 19:13
735,735,818,1:57:00,2:57:00,1:00:00,9/11/2025 19:13,9/11/2025 19:13
736,736,510,23:38:00,0:38:00,23:00:00,9/12/2025 19:13,9/12/2025 19:13
737,737,55,8:58:00,18:58:00,10:00:00,9/13/2025 19:13,9/13/2025 19:13
738,738,94,19:30:00,20:30:00,1:00:00,9/14/2025 19:13,9/14/2025 19:13
739,739,287,18:27:00,2:27:00,16:00:00,9/15/2025 19:13,9/15/2025 19:13
740,740,8,9:38:00,10:38:00,1:00:00,9/16/2025 19:13,9/16/2025 19:13
741,741,50,0:20:00,6:20:00,6:00:00,9/17/2025 19:13,9/17/2025 19:13
742,742,508,7:41:00,18:41:00,11:00:00,9/18/2025 19:13,9/18/2025 19:13
743,743,47,10:56:00,21:56:00,11:00:00,9/19/2025 19:13,9/19/2025 19:13
744,744,30,10:01:00,12:01:00,2:00:00,9/20/2025 19:13,9/20/2025 19:13
745,745,610,14:39:00,18:39:00,4:00:00,9/21/2025 19:13,9/21/2025 19:13
746,746,661,18:30:00,3:30:00,15:00:00,9/22/2025 19:13,9/22/2025 19:13
747,747,798,18:20:00,0:20:00,18:00:00,9/23/2025 19:13,9/23/2025 19:13
748,748,709,21:55:00,22:55:00,1:00:00,9/24/2025 19:13,9/24/2025 19:13
749,749,87,5:56:00,10:56:00,5:00:00,9/25/2025 19:13,9/25/2025 19:13
750,750,446,20:20:00,1:20:00,19:00:00,9/26/2025 19:13,9/26/2025 19:13
751,751,417,9:48:00,18:48:00,9:00:00,9/27/2025 19:13,9/27/2025 19:13
752,752,232,8:49:00,16:49:00,8:00:00,9/28/2025 19:13,9/28/2025 19:13
753,753,221,11:02:00,21:02:00,10:00:00,9/29/2025 19:13,9/29/2025 19:13
754,754,188,12:26:00,0:26:00,12:00:00,9/30/2025 19:13,9/30/2025 19:13
755,755,677,21:28:00,7:28:00,14:00:00,10/1/2025 19:13,10/1/2025 19:13
756,756,402,17:26:00,2:26:00,15:00:00,10/2/2025 19:13,10/2/2025 19:13
757,757,579,6:01:00,15:01:00,9:00:00,10/3/2025 19:13,10/3/2025 19:13
758,758,324,17:18:00,5:18:00,12:00:00,10/4/2025 19:13,10/4/2025 19:13
759,759,942,7:44:00,10:44:00,3:00:00,10/5/2025 19:13,10/5/2025 19:13
760,760,850,19:44:00,3:44:00,16:00:00,10/6/2025 19:13,10/6/2025 19:13
761,761,615,20:19:00,7:19:00,13:00:00,10/7/2025 19:13,10/7/2025 19:13
762,762,731,3:37:00,11:37:00,8:00:00,10/8/2025 19:13,10/8/2025 19:13
763,763,450,17:13:00,0:13:00,17:00:00,10/9/2025 19:13,10/9/2025 19:13
764,764,1,12:50:00,22:50:00,10:00:00,10/10/2025 19:13,10/10/2025 19:13
765,765,579,17:59:00,23:59:00,6:00:00,10/11/2025 19:13,10/11/2025 19:13
766,766,354,0:50:00,3:50:00,3:00:00,10/12/2025 19:13,10/12/2025 19:13
767,767,701,1:03:00,4:03:00,3:00:00,10/13/2025 19:13,10/13/2025 19:13
768,768,674,14:04:00,15:04:00,1:00:00,10/14/2025 19:13,10/14/2025 19:13
769,769,766,23:49:00,5:49:00,18:00:00,10/15/2025 19:13,10/15/2025 19:13
770,770,222,1:53:00,9:53:00,8:00:00,10/16/2025 19:13,10/16/2025 19:13
771,771,176,7:46:00,14:46:00,7:00:00,10/17/2025 19:13,10/17/2025 19:13
772,772,657,7:10:00,10:10:00,3:00:00,10/18/2025 19:13,10/18/2025 19:13
773,773,747,0:58:00,8:58:00,8:00:00,10/19/2025 19:13,10/19/2025 19:13
774,774,225,1:29:00,10:29:00,9:00:00,10/20/2025 19:13,10/20/2025 19:13
775,775,191,23:27:00,2:27:00,21:00:00,10/21/2025 19:13,10/21/2025 19:13
776,776,926,2:06:00,12:06:00,10:00:00,10/22/2025 19:13,10/22/2025 19:13
777,777,415,7:17:00,14:17:00,7:00:00,10/23/2025 19:13,10/23/2025 19:13
778,778,946,6:03:00,13:03:00,7:00:00,10/24/2025 19:13,10/24/2025 19:13
779,779,343,23:31:00,8:31:00,15:00:00,10/25/2025 19:13,10/25/2025 19:13
780,780,385,9:54:00,10:54:00,1:00:00,10/26/2025 19:13,10/26/2025 19:13
781,781,75,14:35:00,16:35:00,2:00:00,10/27/2025 19:13,10/27/2025 19:13
782,782,745,14:30:00,15:30:00,1:00:00,10/28/2025 19:13,10/28/2025 19:13
783,783,747,11:26:00,14:26:00,3:00:00,10/29/2025 19:13,10/29/2025 19:13
784,784,927,15:37:00,19:37:00,4:00:00,10/30/2025 19:13,10/30/2025 19:13
785,785,810,2:12:00,11:12:00,9:00:00,10/31/2025 19:13,10/31/2025 19:13
786,786,26,8:39:00,18:39:00,10:00:00,11/1/2025 19:13,11/1/2025 19:13
787,787,49,17:36:00,4:36:00,13:00:00,11/2/2025 19:13,11/2/2025 19:13
788,788,891,21:08:00,0:08:00,21:00:00,11/3/2025 19:13,11/3/2025 19:13
789,789,381,8:42:00,12:42:00,4:00:00,11/4/2025 19:13,11/4/2025 19:13
790,790,375,20:10:00,5:10:00,15:00:00,11/5/2025 19:13,11/5/2025 19:13
791,791,803,3:11:00,8:11:00,5:00:00,11/6/2025 19:13,11/6/2025 19:13
792,792,746,21:15:00,9:15:00,12:00:00,11/7/2025 19:13,11/7/2025 19:13
793,793,513,10:00:00,16:00:00,6:00:00,11/8/2025 19:13,11/8/2025 19:13
794,794,102,18:52:00,20:52:00,2:00:00,11/9/2025 19:13,11/9/2025 19:13
795,795,833,5:31:00,6:31:00,1:00:00,11/10/2025 19:13,11/10/2025 19:13
796,796,766,7:00:00,12:00:00,5:00:00,11/11/2025 19:13,11/11/2025 19:13
797,797,608,7:10:00,11:10:00,4:00:00,11/12/2025 19:13,11/12/2025 19:13
798,798,830,10:48:00,20:48:00,10:00:00,11/13/2025 19:13,11/13/2025 19:13
799,799,760,18:34:00,4:34:00,14:00:00,11/14/2025 19:13,11/14/2025 19:13
800,800,454,15:28:00,17:28:00,2:00:00,11/15/2025 19:13,11/15/2025 19:13
801,801,385,7:24:00,15:24:00,8:00:00,11/16/2025 19:13,11/16/2025 19:13
802,802,797,8:16:00,10:16:00,2:00:00,11/17/2025 19:13,11/17/2025 19:13
803,803,730,6:30:00,16:30:00,10:00:00,11/18/2025 19:13,11/18/2025 19:13
804,804,156,17:41:00,22:41:00,5:00:00,11/19/2025 19:13,11/19/2025 19:13
805,805,800,20:09:00,21:09:00,1:00:00,11/20/2025 19:13,11/20/2025 19:13
806,806,715,12:14:00,14:14:00,2:00:00,11/21/2025 19:13,11/21/2025 19:13
807,807,386,8:24:00,14:24:00,6:00:00,11/22/2025 19:13,11/22/2025 19:13
808,808,551,5:11:00,7:11:00,2:00:00,11/23/2025 19:13,11/23/2025 19:13
809,809,210,17:53:00,20:53:00,3:00:00,11/24/2025 19:13,11/24/2025 19:13
810,810,669,6:49:00,8:49:00,2:00:00,11/25/2025 19:13,11/25/2025 19:13
811,811,918,12:35:00,17:35:00,5:00:00,11/26/2025 19:13,11/26/2025 19:13
812,812,271,0:50:00,10:50:00,10:00:00,11/27/2025 19:13,11/27/2025 19:13
813,813,585,22:24:00,5:24:00,17:00:00,11/28/2025 19:13,11/28/2025 19:13
814,814,154,19:33:00,21:33:00,2:00:00,11/29/2025 19:13,11/29/2025 19:13
815,815,950,0:51:00,8:51:00,8:00:00,11/30/2025 19:13,11/30/2025 19:13
816,816,757,5:29:00,15:29:00,10:00:00,12/1/2025 19:13,12/1/2025 19:13
817,817,695,15:51:00,0:51:00,15:00:00,12/2/2025 19:13,12/2/2025 19:13
818,818,865,17:17:00,0:17:00,17:00:00,12/3/2025 19:13,12/3/2025 19:13
819,819,929,0:54:00,1:54:00,1:00:00,12/4/2025 19:13,12/4/2025 19:13
820,820,448,8:06:00,11:06:00,3:00:00,12/5/2025 19:13,12/5/2025 19:13
821,821,40,11:32:00,17:32:00,6:00:00,12/6/2025 19:13,12/6/2025 19:13
822,822,387,0:35:00,7:35:00,7:00:00,12/7/2025 19:13,12/7/2025 19:13
823,823,984,12:35:00,16:35:00,4:00:00,12/8/2025 19:13,12/8/2025 19:13
824,824,273,14:18:00,19:18:00,5:00:00,12/9/2025 19:13,12/9/2025 19:13
825,825,643,0:12:00,12:12:00,12:00:00,12/10/2025 19:13,12/10/2025 19:13
826,826,774,8:13:00,19:13:00,11:00:00,12/11/2025 19:13,12/11/2025 19:13
827,827,14,6:24:00,8:24:00,2:00:00,12/12/2025 19:13,12/12/2025 19:13
828,828,239,10:04:00,15:04:00,5:00:00,12/13/2025 19:13,12/13/2025 19:13
829,829,254,4:15:00,8:15:00,4:00:00,12/14/2025 19:13,12/14/2025 19:13
830,830,786,4:49:00,5:49:00,1:00:00,12/15/2025 19:13,12/15/2025 19:13
831,831,463,0:23:00,11:23:00,11:00:00,12/16/2025 19:13,12/16/2025 19:13
832,832,327,15:14:00,1:14:00,14:00:00,12/17/2025 19:13,12/17/2025 19:13
833,833,586,0:53:00,3:53:00,3:00:00,12/18/2025 19:13,12/18/2025 19:13
834,834,351,19:39:00,22:39:00,3:00:00,12/19/2025 19:13,12/19/2025 19:13
835,835,147,2:05:00,14:05:00,12:00:00,12/20/2025 19:13,12/20/2025 19:13
836,836,930,12:43:00,14:43:00,2:00:00,12/21/2025 19:13,12/21/2025 19:13
837,837,878,16:55:00,21:55:00,5:00:00,12/22/2025 19:13,12/22/2025 19:13
838,838,864,4:26:00,16:26:00,12:00:00,12/23/2025 19:13,12/23/2025 19:13
839,839,394,7:14:00,18:14:00,11:00:00,12/24/2025 19:13,12/24/2025 19:13
840,840,473,2:14:00,7:14:00,5:00:00,12/25/2025 19:13,12/25/2025 19:13
841,841,733,18:29:00,5:29:00,13:00:00,12/26/2025 19:13,12/26/2025 19:13
842,842,990,19:57:00,4:57:00,15:00:00,12/27/2025 19:13,12/27/2025 19:13
843,843,423,9:51:00,12:51:00,3:00:00,12/28/2025 19:13,12/28/2025 19:13
844,844,263,19:35:00,6:35:00,13:00:00,12/29/2025 19:13,12/29/2025 19:13
845,845,363,10:58:00,15:58:00,5:00:00,12/30/2025 19:13,12/30/2025 19:13
846,846,856,1:42:00,5:42:00,4:00:00,12/31/2025 19:13,12/31/2025 19:13
847,847,364,23:51:00,11:51:00,12:00:00,1/1/2026 19:13,1/1/2026 19:13
848,848,855,9:07:00,17:07:00,8:00:00,1/2/2026 19:13,1/2/2026 19:13
849,849,53,11:42:00,21:42:00,10:00:00,1/3/2026 19:13,1/3/2026 19:13
850,850,225,1:13:00,9:13:00,8:00:00,1/4/2026 19:13,1/4/2026 19:13
851,851,849,14:57:00,2:57:00,12:00:00,1/5/2026 19:13,1/5/2026 19:13
852,852,564,9:47:00,16:47:00,7:00:00,1/6/2026 19:13,1/6/2026 19:13
853,853,2,3:54:00,13:54:00,10:00:00,1/7/2026 19:13,1/7/2026 19:13
854,854,572,7:32:00,15:32:00,8:00:00,1/8/2026 19:13,1/8/2026 19:13
855,855,266,22:30:00,0:30:00,22:00:00,1/9/2026 19:13,1/9/2026 19:13
856,856,777,20:50:00,5:50:00,15:00:00,1/10/2026 19:13,1/10/2026 19:13
857,857,900,13:57:00,15:57:00,2:00:00,1/11/2026 19:13,1/11/2026 19:13
858,858,678,7:53:00,16:53:00,9:00:00,1/12/2026 19:13,1/12/2026 19:13
859,859,267,17:25:00,23:25:00,6:00:00,1/13/2026 19:13,1/13/2026 19:13
860,860,140,20:54:00,21:54:00,1:00:00,1/14/2026 19:13,1/14/2026 19:13
861,861,858,20:28:00,23:28:00,3:00:00,1/15/2026 19:13,1/15/2026 19:13
862,862,222,15:05:00,22:05:00,7:00:00,1/16/2026 19:13,1/16/2026 19:13
863,863,46,19:58:00,1:58:00,18:00:00,1/17/2026 19:13,1/17/2026 19:13
864,864,472,4:41:00,16:41:00,12:00:00,1/18/2026 19:13,1/18/2026 19:13
865,865,264,20:23:00,1:23:00,19:00:00,1/19/2026 19:13,1/19/2026 19:13
866,866,113,18:44:00,1:44:00,17:00:00,1/20/2026 19:13,1/20/2026 19:13
867,867,404,14:32:00,23:32:00,9:00:00,1/21/2026 19:13,1/21/2026 19:13
868,868,630,18:04:00,0:04:00,18:00:00,1/22/2026 19:13,1/22/2026 19:13
869,869,240,4:25:00,14:25:00,10:00:00,1/23/2026 19:13,1/23/2026 19:13
870,870,110,20:52:00,1:52:00,19:00:00,1/24/2026 19:13,1/24/2026 19:13
871,871,658,21:37:00,2:37:00,19:00:00,1/25/2026 19:13,1/25/2026 19:13
872,872,688,12:47:00,14:47:00,2:00:00,1/26/2026 19:13,1/26/2026 19:13
873,873,77,4:08:00,16:08:00,12:00:00,1/27/2026 19:13,1/27/2026 19:13
874,874,996,2:52:00,10:52:00,8:00:00,1/28/2026 19:13,1/28/2026 19:13
875,875,414,0:39:00,12:39:00,12:00:00,1/29/2026 19:13,1/29/2026 19:13
876,876,531,8:35:00,12:35:00,4:00:00,1/30/2026 19:13,1/30/2026 19:13
877,877,138,15:13:00,21:13:00,6:00:00,1/31/2026 19:13,1/31/2026 19:13
878,878,42,13:35:00,17:35:00,4:00:00,2/1/2026 19:13,2/1/2026 19:13
879,879,195,13:18:00,19:18:00,6:00:00,2/2/2026 19:13,2/2/2026 19:13
880,880,495,10:54:00,11:54:00,1:00:00,2/3/2026 19:13,2/3/2026 19:13
881,881,466,0:07:00,5:07:00,5:00:00,2/4/2026 19:13,2/4/2026 19:13
882,882,280,3:54:00,7:54:00,4:00:00,2/5/2026 19:13,2/5/2026 19:13
883,883,909,17:54:00,18:54:00,1:00:00,2/6/2026 19:13,2/6/2026 19:13
884,884,299,14:52:00,2:52:00,12:00:00,2/7/2026 19:13,2/7/2026 19:13
885,885,285,19:27:00,1:27:00,18:00:00,2/8/2026 19:13,2/8/2026 19:13
886,886,97,5:07:00,13:07:00,8:00:00,2/9/2026 19:13,2/9/2026 19:13
887,887,938,12:18:00,13:18:00,1:00:00,2/10/2026 19:13,2/10/2026 19:13
888,888,750,6:22:00,13:22:00,7:00:00,2/11/2026 19:13,2/11/2026 19:13
889,889,678,15:36:00,3:36:00,12:00:00,2/12/2026 19:13,2/12/2026 19:13
890,890,423,0:27:00,7:27:00,7:00:00,2/13/2026 19:13,2/13/2026 19:13
891,891,85,3:44:00,13:44:00,10:00:00,2/14/2026 19:13,2/14/2026 19:13
892,892,903,12:48:00,17:48:00,5:00:00,2/15/2026 19:13,2/15/2026 19:13
893,893,468,14:42:00,2:42:00,12:00:00,2/16/2026 19:13,2/16/2026 19:13
894,894,852,22:54:00,6:54:00,16:00:00,2/17/2026 19:13,2/17/2026 19:13
895,895,795,23:20:00,6:20:00,17:00:00,2/18/2026 19:13,2/18/2026 19:13
896,896,446,6:25:00,8:25:00,2:00:00,2/19/2026 19:13,2/19/2026 19:13
897,897,986,21:23:00,0:23:00,21:00:00,2/20/2026 19:13,2/20/2026 19:13
898,898,289,21:09:00,8:09:00,13:00:00,2/21/2026 19:13,2/21/2026 19:13
899,899,975,8:18:00,11:18:00,3:00:00,2/22/2026 19:13,2/22/2026 19:13
900,900,444,4:48:00,6:48:00,2:00:00,2/23/2026 19:13,2/23/2026 19:13
901,901,896,5:10:00,7:10:00,2:00:00,2/24/2026 19:13,2/24/2026 19:13
902,902,480,23:20:00,1:20:00,22:00:00,2/25/2026 19:13,2/25/2026 19:13
903,903,457,22:28:00,4:28:00,18:00:00,2/26/2026 19:13,2/26/2026 19:13
904,904,547,9:35:00,20:35:00,11:00:00,2/27/2026 19:13,2/27/2026 19:13
905,905,278,2:32:00,7:32:00,5:00:00,2/28/2026 19:13,2/28/2026 19:13
906,906,174,19:23:00,6:23:00,13:00:00,3/1/2026 19:13,3/1/2026 19:13
907,907,899,17:37:00,20:37:00,3:00:00,3/2/2026 19:13,3/2/2026 19:13
908,908,433,8:18:00,9:18:00,1:00:00,3/3/2026 19:13,3/3/2026 19:13
909,909,90,18:07:00,2:07:00,16:00:00,3/4/2026 19:13,3/4/2026 19:13
910,910,299,5:44:00,16:44:00,11:00:00,3/5/2026 19:13,3/5/2026 19:13
911,911,124,20:19:00,5:19:00,15:00:00,3/6/2026 19:13,3/6/2026 19:13
912,912,691,13:24:00,0:24:00,13:00:00,3/7/2026 19:13,3/7/2026 19:13
913,913,986,7:46:00,9:46:00,2:00:00,3/8/2026 19:13,3/8/2026 19:13
914,914,537,19:38:00,0:38:00,19:00:00,3/9/2026 19:13,3/9/2026 19:13
915,915,737,23:20:00,10:20:00,13:00:00,3/10/2026 19:13,3/10/2026 19:13
916,916,902,0:56:00,10:56:00,10:00:00,3/11/2026 19:13,3/11/2026 19:13
917,917,521,10:25:00,20:25:00,10:00:00,3/12/2026 19:13,3/12/2026 19:13
918,918,611,5:57:00,9:57:00,4:00:00,3/13/2026 19:13,3/13/2026 19:13
919,919,944,8:15:00,13:15:00,5:00:00,3/14/2026 19:13,3/14/2026 19:13
920,920,391,11:22:00,23:22:00,12:00:00,3/15/2026 19:13,3/15/2026 19:13
921,921,407,18:39:00,19:39:00,1:00:00,3/16/2026 19:13,3/16/2026 19:13
922,922,67,14:17:00,21:17:00,7:00:00,3/17/2026 19:13,3/17/2026 19:13
923,923,902,13:19:00,20:19:00,7:00:00,3/18/2026 19:13,3/18/2026 19:13
924,924,4,11:41:00,16:41:00,5:00:00,3/19/2026 19:13,3/19/2026 19:13
925,925,808,2:25:00,7:25:00,5:00:00,3/20/2026 19:13,3/20/2026 19:13
926,926,760,17:39:00,2:39:00,15:00:00,3/21/2026 19:13,3/21/2026 19:13
927,927,832,1:35:00,3:35:00,2:00:00,3/22/2026 19:13,3/22/2026 19:13
928,928,15,21:55:00,4:55:00,17:00:00,3/23/2026 19:13,3/23/2026 19:13
929,929,755,3:20:00,11:20:00,8:00:00,3/24/2026 19:13,3/24/2026 19:13
930,930,449,1:34:00,10:34:00,9:00:00,3/25/2026 19:13,3/25/2026 19:13
931,931,523,11:49:00,14:49:00,3:00:00,3/26/2026 19:13,3/26/2026 19:13
932,932,241,7:12:00,12:12:00,5:00:00,3/27/2026 19:13,3/27/2026 19:13
933,933,613,5:15:00,14:15:00,9:00:00,3/28/2026 19:13,3/28/2026 19:13
934,934,438,12:07:00,18:07:00,6:00:00,3/29/2026 19:13,3/29/2026 19:13
935,935,468,19:48:00,4:48:00,15:00:00,3/30/2026 19:13,3/30/2026 19:13
936,936,63,20:30:00,6:30:00,14:00:00,3/31/2026 19:13,3/31/2026 19:13
937,937,672,21:21:00,4:21:00,17:00:00,4/1/2026 19:13,4/1/2026 19:13
938,938,361,12:21:00,18:21:00,6:00:00,4/2/2026 19:13,4/2/2026 19:13
939,939,889,21:26:00,0:26:00,21:00:00,4/3/2026 19:13,4/3/2026 19:13
940,940,938,4:56:00,16:56:00,12:00:00,4/4/2026 19:13,4/4/2026 19:13
941,941,645,6:52:00,11:52:00,5:00:00,4/5/2026 19:13,4/5/2026 19:13
942,942,143,20:32:00,8:32:00,12:00:00,4/6/2026 19:13,4/6/2026 19:13
943,943,44,12:58:00,13:58:00,1:00:00,4/7/2026 19:13,4/7/2026 19:13
944,944,843,10:47:00,22:47:00,12:00:00,4/8/2026 19:13,4/8/2026 19:13
945,945,998,4:48:00,9:48:00,5:00:00,4/9/2026 19:13,4/9/2026 19:13
946,946,644,17:17:00,18:17:00,1:00:00,4/10/2026 19:13,4/10/2026 19:13
947,947,750,6:43:00,9:43:00,3:00:00,4/11/2026 19:13,4/11/2026 19:13
948,948,461,10:03:00,21:03:00,11:00:00,4/12/2026 19:13,4/12/2026 19:13
949,949,617,11:41:00,15:41:00,4:00:00,4/13/2026 19:13,4/13/2026 19:13
950,950,863,15:31:00,21:31:00,6:00:00,4/14/2026 19:13,4/14/2026 19:13
951,951,478,11:31:00,22:31:00,11:00:00,4/15/2026 19:13,4/15/2026 19:13
952,952,816,2:10:00,6:10:00,4:00:00,4/16/2026 19:13,4/16/2026 19:13
953,953,630,2:13:00,13:13:00,11:00:00,4/17/2026 19:13,4/17/2026 19:13
954,954,266,13:05:00,22:05:00,9:00:00,4/18/2026 19:13,4/18/2026 19:13
955,955,387,12:04:00,21:04:00,9:00:00,4/19/2026 19:13,4/19/2026 19:13
956,956,721,7:14:00,13:14:00,6:00:00,4/20/2026 19:13,4/20/2026 19:13
957,957,327,9:24:00,18:24:00,9:00:00,4/21/2026 19:13,4/21/2026 19:13
958,958,783,4:04:00,10:04:00,6:00:00,4/22/2026 19:13,4/22/2026 19:13
959,959,604,22:26:00,2:26:00,20:00:00,4/23/2026 19:13,4/23/2026 19:13
960,960,264,10:21:00,11:21:00,1:00:00,4/24/2026 19:13,4/24/2026 19:13
961,961,297,17:51:00,1:51:00,16:00:00,4/25/2026 19:13,4/25/2026 19:13
962,962,426,22:10:00,0:10:00,22:00:00,4/26/2026 19:13,4/26/2026 19:13
963,963,805,10:28:00,14:28:00,4:00:00,4/27/2026 19:13,4/27/2026 19:13
964,964,212,17:30:00,21:30:00,4:00:00,4/28/2026 19:13,4/28/2026 19:13
965,965,43,8:28:00,11:28:00,3:00:00,4/29/2026 19:13,4/29/2026 19:13
966,966,719,5:50:00,14:50:00,9:00:00,4/30/2026 19:13,4/30/2026 19:13
967,967,702,3:40:00,10:40:00,7:00:00,5/1/2026 19:13,5/1/2026 19:13
968,968,901,21:23:00,2:23:00,19:00:00,5/2/2026 19:13,5/2/2026 19:13
969,969,650,14:19:00,19:19:00,5:00:00,5/3/2026 19:13,5/3/2026 19:13
970,970,162,4:22:00,6:22:00,2:00:00,5/4/2026 19:13,5/4/2026 19:13
971,971,736,18:12:00,1:12:00,17:00:00,5/5/2026 19:13,5/5/2026 19:13
972,972,209,12:14:00,17:14:00,5:00:00,5/6/2026 19:13,5/6/2026 19:13
973,973,277,10:27:00,17:27:00,7:00:00,5/7/2026 19:13,5/7/2026 19:13
974,974,264,15:31:00,17:31:00,2:00:00,5/8/2026 19:13,5/8/2026 19:13
975,975,505,9:36:00,10:36:00,1:00:00,5/9/2026 19:13,5/9/2026 19:13
976,976,942,9:34:00,20:34:00,11:00:00,5/10/2026 19:13,5/10/2026 19:13
977,977,657,21:36:00,4:36:00,17:00:00,5/11/2026 19:13,5/11/2026 19:13
978,978,741,20:05:00,5:05:00,15:00:00,5/12/2026 19:13,5/12/2026 19:13
979,979,924,19:12:00,23:12:00,4:00:00,5/13/2026 19:13,5/13/2026 19:13
980,980,855,2:03:00,5:03:00,3:00:00,5/14/2026 19:13,5/14/2026 19:13
981,981,528,6:31:00,15:31:00,9:00:00,5/15/2026 19:13,5/15/2026 19:13
982,982,883,16:55:00,4:55:00,12:00:00,5/16/2026 19:13,5/16/2026 19:13
983,983,309,1:27:00,3:27:00,2:00:00,5/17/2026 19:13,5/17/2026 19:13
984,984,693,13:29:00,14:29:00,1:00:00,5/18/2026 19:13,5/18/2026 19:13
985,985,494,2:39:00,7:39:00,5:00:00,5/19/2026 19:13,5/19/2026 19:13
986,986,503,22:32:00,5:32:00,17:00:00,5/20/2026 19:13,5/20/2026 19:13
987,987,683,4:03:00,11:03:00,7:00:00,5/21/2026 19:13,5/21/2026 19:13
988,988,87,20:54:00,6:54:00,14:00:00,5/22/2026 19:13,5/22/2026 19:13
989,989,356,22:46:00,5:46:00,17:00:00,5/23/2026 19:13,5/23/2026 19:13
990,990,124,15:05:00,16:05:00,1:00:00,5/24/2026 19:13,5/24/2026 19:13
991,991,164,4:40:00,10:40:00,6:00:00,5/25/2026 19:13,5/25/2026 19:13
992,992,250,16:52:00,0:52:00,16:00:00,5/26/2026 19:13,5/26/2026 19:13
993,993,182,17:23:00,18:23:00,1:00:00,5/27/2026 19:13,5/27/2026 19:13
994,994,157,6:59:00,14:59:00,8:00:00,5/28/2026 19:13,5/28/2026 19:13
995,995,477,1:00:00,7:00:00,6:00:00,5/29/2026 19:13,5/29/2026 19:13
996,996,380,12:12:00,19:12:00,7:00:00,5/30/2026 19:13,5/30/2026 19:13
997,997,957,6:15:00,18:15:00,12:00:00,5/31/2026 19:13,5/31/2026 19:13
998,998,795,20:12:00,3:12:00,17:00:00,6/1/2026 19:13,6/1/2026 19:13
999,999,122,9:18:00,10:18:00,1:00:00,6/2/2026 19:13,6/2/2026 19:13
1000,1000,344,3:16:00,8:16:00,5:00:00,6/3/2026 19:13,6/3/2026 19:13
